2026-03-31T18:02:08+00:00 CRITICAL Uncaught RuntimeException: Unable to claim actions. Database error: <div style="clear:both">&nbsp;</div>
<div class="queries" style="clear:both;margin-bottom:2px;border:red dotted thin;">
<p>MySQL query:</p>
<p>UPDATE wp_actionscheduler_actions t1 JOIN ( SELECT action_id from wp_actionscheduler_actions WHERE claim_id = 0 AND scheduled_date_gmt <= '2026-03-31 18:02:08' AND status='pending' ORDER BY priority ASC, attempts ASC, scheduled_date_gmt ASC, action_id ASC LIMIT 25 FOR UPDATE ) t2 ON t1.action_id = t2.action_id SET claim_id=712, last_attempt_gmt='2026-03-31 18:02:08', last_attempt_local='2026-03-31 18:02:08'</p>
<p>Queries made or created this session were:</p>
<ol>
<li>Executing: BEGIN | (no parameters)</li>
<li>Executing: UPDATE wp_actionscheduler_actions t1 JOIN ( SELECT action_id from wp_actionscheduler_actions WHERE claim_id = 0 AND scheduled_date_gmt &lt;= :param0  AND status=:param1  ORDER BY priority ASC, attempts ASC, scheduled_date_gmt ASC, action_id ASC LIMIT 25 FOR UPDATE ) t2 ON t1.action_i CONTEXT: {"error":{"type":1,"file":"/var/www/html/wp-content/plugins/woocommerce/packages/action-scheduler/classes/data-stores/ActionScheduler_DBStore.php","line":1019},"remote-logging":true,"backtrace":[{"file":"/var/www/html/wp-content/plugins/woocommerce/includes/class-woocommerce.php","line":482,"function":"critical","class":"WC_Logger","type":"->"},{"function":"log_errors","class":"WooCommerce","type":"->"}]}
2026-03-31T18:02:10+00:00 CRITICAL Uncaught RuntimeException: Unable to claim actions. Database error: <div style="clear:both">&nbsp;</div>
<div class="queries" style="clear:both;margin-bottom:2px;border:red dotted thin;">
<p>MySQL query:</p>
<p>UPDATE wp_actionscheduler_actions t1 JOIN ( SELECT action_id from wp_actionscheduler_actions WHERE claim_id = 0 AND scheduled_date_gmt <= '2026-03-31 18:02:10' AND status='pending' ORDER BY priority ASC, attempts ASC, scheduled_date_gmt ASC, action_id ASC LIMIT 25 FOR UPDATE ) t2 ON t1.action_id = t2.action_id SET claim_id=713, last_attempt_gmt='2026-03-31 18:02:10', last_attempt_local='2026-03-31 18:02:10'</p>
<p>Queries made or created this session were:</p>
<ol>
<li>Executing: BEGIN | (no parameters)</li>
<li>Executing: UPDATE wp_actionscheduler_actions t1 JOIN ( SELECT action_id from wp_actionscheduler_actions WHERE claim_id = 0 AND scheduled_date_gmt &lt;= :param0  AND status=:param1  ORDER BY priority ASC, attempts ASC, scheduled_date_gmt ASC, action_id ASC LIMIT 25 FOR UPDATE ) t2 ON t1.action_i CONTEXT: {"error":{"type":1,"file":"/var/www/html/wp-content/plugins/woocommerce/packages/action-scheduler/classes/data-stores/ActionScheduler_DBStore.php","line":1019},"remote-logging":true,"backtrace":[{"file":"/var/www/html/wp-content/plugins/woocommerce/includes/class-woocommerce.php","line":482,"function":"critical","class":"WC_Logger","type":"->"},{"function":"log_errors","class":"WooCommerce","type":"->"}]}
2026-03-31T18:03:12+00:00 CRITICAL Uncaught RuntimeException: Unable to claim actions. Database error: <div style="clear:both">&nbsp;</div>
<div class="queries" style="clear:both;margin-bottom:2px;border:red dotted thin;">
<p>MySQL query:</p>
<p>UPDATE wp_actionscheduler_actions t1 JOIN ( SELECT action_id from wp_actionscheduler_actions WHERE claim_id = 0 AND scheduled_date_gmt <= '2026-03-31 18:03:12' AND status='pending' ORDER BY priority ASC, attempts ASC, scheduled_date_gmt ASC, action_id ASC LIMIT 25 FOR UPDATE ) t2 ON t1.action_id = t2.action_id SET claim_id=714, last_attempt_gmt='2026-03-31 18:03:12', last_attempt_local='2026-03-31 18:03:12'</p>
<p>Queries made or created this session were:</p>
<ol>
<li>Executing: BEGIN | (no parameters)</li>
<li>Executing: UPDATE wp_actionscheduler_actions t1 JOIN ( SELECT action_id from wp_actionscheduler_actions WHERE claim_id = 0 AND scheduled_date_gmt &lt;= :param0  AND status=:param1  ORDER BY priority ASC, attempts ASC, scheduled_date_gmt ASC, action_id ASC LIMIT 25 FOR UPDATE ) t2 ON t1.action_i CONTEXT: {"error":{"type":1,"file":"/var/www/html/wp-content/plugins/woocommerce/packages/action-scheduler/classes/data-stores/ActionScheduler_DBStore.php","line":1019},"remote-logging":true,"backtrace":[{"file":"/var/www/html/wp-content/plugins/woocommerce/includes/class-woocommerce.php","line":482,"function":"critical","class":"WC_Logger","type":"->"},{"function":"log_errors","class":"WooCommerce","type":"->"}]}
2026-03-31T18:03:13+00:00 CRITICAL Uncaught RuntimeException: Unable to claim actions. Database error: <div style="clear:both">&nbsp;</div>
<div class="queries" style="clear:both;margin-bottom:2px;border:red dotted thin;">
<p>MySQL query:</p>
<p>UPDATE wp_actionscheduler_actions t1 JOIN ( SELECT action_id from wp_actionscheduler_actions WHERE claim_id = 0 AND scheduled_date_gmt <= '2026-03-31 18:03:13' AND status='pending' ORDER BY priority ASC, attempts ASC, scheduled_date_gmt ASC, action_id ASC LIMIT 25 FOR UPDATE ) t2 ON t1.action_id = t2.action_id SET claim_id=715, last_attempt_gmt='2026-03-31 18:03:13', last_attempt_local='2026-03-31 18:03:13'</p>
<p>Queries made or created this session were:</p>
<ol>
<li>Executing: BEGIN | (no parameters)</li>
<li>Executing: UPDATE wp_actionscheduler_actions t1 JOIN ( SELECT action_id from wp_actionscheduler_actions WHERE claim_id = 0 AND scheduled_date_gmt &lt;= :param0  AND status=:param1  ORDER BY priority ASC, attempts ASC, scheduled_date_gmt ASC, action_id ASC LIMIT 25 FOR UPDATE ) t2 ON t1.action_i CONTEXT: {"error":{"type":1,"file":"/var/www/html/wp-content/plugins/woocommerce/packages/action-scheduler/classes/data-stores/ActionScheduler_DBStore.php","line":1019},"remote-logging":true,"backtrace":[{"file":"/var/www/html/wp-content/plugins/woocommerce/includes/class-woocommerce.php","line":482,"function":"critical","class":"WC_Logger","type":"->"},{"function":"log_errors","class":"WooCommerce","type":"->"}]}
2026-03-31T18:04:17+00:00 CRITICAL Uncaught RuntimeException: Unable to claim actions. Database error: <div style="clear:both">&nbsp;</div>
<div class="queries" style="clear:both;margin-bottom:2px;border:red dotted thin;">
<p>MySQL query:</p>
<p>UPDATE wp_actionscheduler_actions t1 JOIN ( SELECT action_id from wp_actionscheduler_actions WHERE claim_id = 0 AND scheduled_date_gmt <= '2026-03-31 18:04:17' AND status='pending' ORDER BY priority ASC, attempts ASC, scheduled_date_gmt ASC, action_id ASC LIMIT 25 FOR UPDATE ) t2 ON t1.action_id = t2.action_id SET claim_id=716, last_attempt_gmt='2026-03-31 18:04:17', last_attempt_local='2026-03-31 18:04:17'</p>
<p>Queries made or created this session were:</p>
<ol>
<li>Executing: BEGIN | (no parameters)</li>
<li>Executing: UPDATE wp_actionscheduler_actions t1 JOIN ( SELECT action_id from wp_actionscheduler_actions WHERE claim_id = 0 AND scheduled_date_gmt &lt;= :param0  AND status=:param1  ORDER BY priority ASC, attempts ASC, scheduled_date_gmt ASC, action_id ASC LIMIT 25 FOR UPDATE ) t2 ON t1.action_i CONTEXT: {"error":{"type":1,"file":"/var/www/html/wp-content/plugins/woocommerce/packages/action-scheduler/classes/data-stores/ActionScheduler_DBStore.php","line":1019},"remote-logging":true,"backtrace":[{"file":"/var/www/html/wp-content/plugins/woocommerce/includes/class-woocommerce.php","line":482,"function":"critical","class":"WC_Logger","type":"->"},{"function":"log_errors","class":"WooCommerce","type":"->"}]}
2026-03-31T18:04:18+00:00 CRITICAL Uncaught RuntimeException: Unable to claim actions. Database error: <div style="clear:both">&nbsp;</div>
<div class="queries" style="clear:both;margin-bottom:2px;border:red dotted thin;">
<p>MySQL query:</p>
<p>UPDATE wp_actionscheduler_actions t1 JOIN ( SELECT action_id from wp_actionscheduler_actions WHERE claim_id = 0 AND scheduled_date_gmt <= '2026-03-31 18:04:18' AND status='pending' ORDER BY priority ASC, attempts ASC, scheduled_date_gmt ASC, action_id ASC LIMIT 25 FOR UPDATE ) t2 ON t1.action_id = t2.action_id SET claim_id=717, last_attempt_gmt='2026-03-31 18:04:18', last_attempt_local='2026-03-31 18:04:18'</p>
<p>Queries made or created this session were:</p>
<ol>
<li>Executing: BEGIN | (no parameters)</li>
<li>Executing: UPDATE wp_actionscheduler_actions t1 JOIN ( SELECT action_id from wp_actionscheduler_actions WHERE claim_id = 0 AND scheduled_date_gmt &lt;= :param0  AND status=:param1  ORDER BY priority ASC, attempts ASC, scheduled_date_gmt ASC, action_id ASC LIMIT 25 FOR UPDATE ) t2 ON t1.action_i CONTEXT: {"error":{"type":1,"file":"/var/www/html/wp-content/plugins/woocommerce/packages/action-scheduler/classes/data-stores/ActionScheduler_DBStore.php","line":1019},"remote-logging":true,"backtrace":[{"file":"/var/www/html/wp-content/plugins/woocommerce/includes/class-woocommerce.php","line":482,"function":"critical","class":"WC_Logger","type":"->"},{"function":"log_errors","class":"WooCommerce","type":"->"}]}
2026-03-31T18:05:29+00:00 CRITICAL Uncaught RuntimeException: Unable to claim actions. Database error: <div style="clear:both">&nbsp;</div>
<div class="queries" style="clear:both;margin-bottom:2px;border:red dotted thin;">
<p>MySQL query:</p>
<p>UPDATE wp_actionscheduler_actions t1 JOIN ( SELECT action_id from wp_actionscheduler_actions WHERE claim_id = 0 AND scheduled_date_gmt <= '2026-03-31 18:05:29' AND status='pending' ORDER BY priority ASC, attempts ASC, scheduled_date_gmt ASC, action_id ASC LIMIT 25 FOR UPDATE ) t2 ON t1.action_id = t2.action_id SET claim_id=718, last_attempt_gmt='2026-03-31 18:05:29', last_attempt_local='2026-03-31 18:05:29'</p>
<p>Queries made or created this session were:</p>
<ol>
<li>Executing: BEGIN | (no parameters)</li>
<li>Executing: UPDATE wp_actionscheduler_actions t1 JOIN ( SELECT action_id from wp_actionscheduler_actions WHERE claim_id = 0 AND scheduled_date_gmt &lt;= :param0  AND status=:param1  ORDER BY priority ASC, attempts ASC, scheduled_date_gmt ASC, action_id ASC LIMIT 25 FOR UPDATE ) t2 ON t1.action_i CONTEXT: {"error":{"type":1,"file":"/var/www/html/wp-content/plugins/woocommerce/packages/action-scheduler/classes/data-stores/ActionScheduler_DBStore.php","line":1019},"remote-logging":true,"backtrace":[{"file":"/var/www/html/wp-content/plugins/woocommerce/includes/class-woocommerce.php","line":482,"function":"critical","class":"WC_Logger","type":"->"},{"function":"log_errors","class":"WooCommerce","type":"->"}]}
2026-03-31T18:05:30+00:00 CRITICAL Uncaught RuntimeException: Unable to claim actions. Database error: <div style="clear:both">&nbsp;</div>
<div class="queries" style="clear:both;margin-bottom:2px;border:red dotted thin;">
<p>MySQL query:</p>
<p>UPDATE wp_actionscheduler_actions t1 JOIN ( SELECT action_id from wp_actionscheduler_actions WHERE claim_id = 0 AND scheduled_date_gmt <= '2026-03-31 18:05:30' AND status='pending' ORDER BY priority ASC, attempts ASC, scheduled_date_gmt ASC, action_id ASC LIMIT 25 FOR UPDATE ) t2 ON t1.action_id = t2.action_id SET claim_id=719, last_attempt_gmt='2026-03-31 18:05:30', last_attempt_local='2026-03-31 18:05:30'</p>
<p>Queries made or created this session were:</p>
<ol>
<li>Executing: BEGIN | (no parameters)</li>
<li>Executing: UPDATE wp_actionscheduler_actions t1 JOIN ( SELECT action_id from wp_actionscheduler_actions WHERE claim_id = 0 AND scheduled_date_gmt &lt;= :param0  AND status=:param1  ORDER BY priority ASC, attempts ASC, scheduled_date_gmt ASC, action_id ASC LIMIT 25 FOR UPDATE ) t2 ON t1.action_i CONTEXT: {"error":{"type":1,"file":"/var/www/html/wp-content/plugins/woocommerce/packages/action-scheduler/classes/data-stores/ActionScheduler_DBStore.php","line":1019},"remote-logging":true,"backtrace":[{"file":"/var/www/html/wp-content/plugins/woocommerce/includes/class-woocommerce.php","line":482,"function":"critical","class":"WC_Logger","type":"->"},{"function":"log_errors","class":"WooCommerce","type":"->"}]}
2026-03-31T18:06:47+00:00 CRITICAL Uncaught RuntimeException: Unable to claim actions. Database error: <div style="clear:both">&nbsp;</div>
<div class="queries" style="clear:both;margin-bottom:2px;border:red dotted thin;">
<p>MySQL query:</p>
<p>UPDATE wp_actionscheduler_actions t1 JOIN ( SELECT action_id from wp_actionscheduler_actions WHERE claim_id = 0 AND scheduled_date_gmt <= '2026-03-31 18:06:47' AND status='pending' ORDER BY priority ASC, attempts ASC, scheduled_date_gmt ASC, action_id ASC LIMIT 25 FOR UPDATE ) t2 ON t1.action_id = t2.action_id SET claim_id=720, last_attempt_gmt='2026-03-31 18:06:47', last_attempt_local='2026-03-31 18:06:47'</p>
<p>Queries made or created this session were:</p>
<ol>
<li>Executing: BEGIN | (no parameters)</li>
<li>Executing: UPDATE wp_actionscheduler_actions t1 JOIN ( SELECT action_id from wp_actionscheduler_actions WHERE claim_id = 0 AND scheduled_date_gmt &lt;= :param0  AND status=:param1  ORDER BY priority ASC, attempts ASC, scheduled_date_gmt ASC, action_id ASC LIMIT 25 FOR UPDATE ) t2 ON t1.action_i CONTEXT: {"error":{"type":1,"file":"/var/www/html/wp-content/plugins/woocommerce/packages/action-scheduler/classes/data-stores/ActionScheduler_DBStore.php","line":1019},"remote-logging":true,"backtrace":[{"file":"/var/www/html/wp-content/plugins/woocommerce/includes/class-woocommerce.php","line":482,"function":"critical","class":"WC_Logger","type":"->"},{"function":"log_errors","class":"WooCommerce","type":"->"}]}
2026-03-31T18:06:48+00:00 CRITICAL Uncaught RuntimeException: Unable to claim actions. Database error: <div style="clear:both">&nbsp;</div>
<div class="queries" style="clear:both;margin-bottom:2px;border:red dotted thin;">
<p>MySQL query:</p>
<p>UPDATE wp_actionscheduler_actions t1 JOIN ( SELECT action_id from wp_actionscheduler_actions WHERE claim_id = 0 AND scheduled_date_gmt <= '2026-03-31 18:06:48' AND status='pending' ORDER BY priority ASC, attempts ASC, scheduled_date_gmt ASC, action_id ASC LIMIT 25 FOR UPDATE ) t2 ON t1.action_id = t2.action_id SET claim_id=721, last_attempt_gmt='2026-03-31 18:06:48', last_attempt_local='2026-03-31 18:06:48'</p>
<p>Queries made or created this session were:</p>
<ol>
<li>Executing: BEGIN | (no parameters)</li>
<li>Executing: UPDATE wp_actionscheduler_actions t1 JOIN ( SELECT action_id from wp_actionscheduler_actions WHERE claim_id = 0 AND scheduled_date_gmt &lt;= :param0  AND status=:param1  ORDER BY priority ASC, attempts ASC, scheduled_date_gmt ASC, action_id ASC LIMIT 25 FOR UPDATE ) t2 ON t1.action_i CONTEXT: {"error":{"type":1,"file":"/var/www/html/wp-content/plugins/woocommerce/packages/action-scheduler/classes/data-stores/ActionScheduler_DBStore.php","line":1019},"remote-logging":true,"backtrace":[{"file":"/var/www/html/wp-content/plugins/woocommerce/includes/class-woocommerce.php","line":482,"function":"critical","class":"WC_Logger","type":"->"},{"function":"log_errors","class":"WooCommerce","type":"->"}]}
2026-03-31T18:08:07+00:00 CRITICAL Uncaught RuntimeException: Unable to claim actions. Database error: <div style="clear:both">&nbsp;</div>
<div class="queries" style="clear:both;margin-bottom:2px;border:red dotted thin;">
<p>MySQL query:</p>
<p>UPDATE wp_actionscheduler_actions t1 JOIN ( SELECT action_id from wp_actionscheduler_actions WHERE claim_id = 0 AND scheduled_date_gmt <= '2026-03-31 18:08:07' AND status='pending' ORDER BY priority ASC, attempts ASC, scheduled_date_gmt ASC, action_id ASC LIMIT 25 FOR UPDATE ) t2 ON t1.action_id = t2.action_id SET claim_id=722, last_attempt_gmt='2026-03-31 18:08:07', last_attempt_local='2026-03-31 18:08:07'</p>
<p>Queries made or created this session were:</p>
<ol>
<li>Executing: BEGIN | (no parameters)</li>
<li>Executing: UPDATE wp_actionscheduler_actions t1 JOIN ( SELECT action_id from wp_actionscheduler_actions WHERE claim_id = 0 AND scheduled_date_gmt &lt;= :param0  AND status=:param1  ORDER BY priority ASC, attempts ASC, scheduled_date_gmt ASC, action_id ASC LIMIT 25 FOR UPDATE ) t2 ON t1.action_i CONTEXT: {"error":{"type":1,"file":"/var/www/html/wp-content/plugins/woocommerce/packages/action-scheduler/classes/data-stores/ActionScheduler_DBStore.php","line":1019},"remote-logging":true,"backtrace":[{"file":"/var/www/html/wp-content/plugins/woocommerce/includes/class-woocommerce.php","line":482,"function":"critical","class":"WC_Logger","type":"->"},{"function":"log_errors","class":"WooCommerce","type":"->"}]}
2026-03-31T18:08:07+00:00 CRITICAL Uncaught RuntimeException: Unable to claim actions. Database error: <div style="clear:both">&nbsp;</div>
<div class="queries" style="clear:both;margin-bottom:2px;border:red dotted thin;">
<p>MySQL query:</p>
<p>UPDATE wp_actionscheduler_actions t1 JOIN ( SELECT action_id from wp_actionscheduler_actions WHERE claim_id = 0 AND scheduled_date_gmt <= '2026-03-31 18:08:07' AND status='pending' ORDER BY priority ASC, attempts ASC, scheduled_date_gmt ASC, action_id ASC LIMIT 25 FOR UPDATE ) t2 ON t1.action_id = t2.action_id SET claim_id=723, last_attempt_gmt='2026-03-31 18:08:07', last_attempt_local='2026-03-31 18:08:07'</p>
<p>Queries made or created this session were:</p>
<ol>
<li>Executing: BEGIN | (no parameters)</li>
<li>Executing: UPDATE wp_actionscheduler_actions t1 JOIN ( SELECT action_id from wp_actionscheduler_actions WHERE claim_id = 0 AND scheduled_date_gmt &lt;= :param0  AND status=:param1  ORDER BY priority ASC, attempts ASC, scheduled_date_gmt ASC, action_id ASC LIMIT 25 FOR UPDATE ) t2 ON t1.action_i CONTEXT: {"error":{"type":1,"file":"/var/www/html/wp-content/plugins/woocommerce/packages/action-scheduler/classes/data-stores/ActionScheduler_DBStore.php","line":1019},"remote-logging":true,"backtrace":[{"file":"/var/www/html/wp-content/plugins/woocommerce/includes/class-woocommerce.php","line":482,"function":"critical","class":"WC_Logger","type":"->"},{"function":"log_errors","class":"WooCommerce","type":"->"}]}
2026-03-31T18:09:08+00:00 CRITICAL Uncaught RuntimeException: Unable to claim actions. Database error: <div style="clear:both">&nbsp;</div>
<div class="queries" style="clear:both;margin-bottom:2px;border:red dotted thin;">
<p>MySQL query:</p>
<p>UPDATE wp_actionscheduler_actions t1 JOIN ( SELECT action_id from wp_actionscheduler_actions WHERE claim_id = 0 AND scheduled_date_gmt <= '2026-03-31 18:09:08' AND status='pending' ORDER BY priority ASC, attempts ASC, scheduled_date_gmt ASC, action_id ASC LIMIT 25 FOR UPDATE ) t2 ON t1.action_id = t2.action_id SET claim_id=724, last_attempt_gmt='2026-03-31 18:09:08', last_attempt_local='2026-03-31 18:09:08'</p>
<p>Queries made or created this session were:</p>
<ol>
<li>Executing: BEGIN | (no parameters)</li>
<li>Executing: UPDATE wp_actionscheduler_actions t1 JOIN ( SELECT action_id from wp_actionscheduler_actions WHERE claim_id = 0 AND scheduled_date_gmt &lt;= :param0  AND status=:param1  ORDER BY priority ASC, attempts ASC, scheduled_date_gmt ASC, action_id ASC LIMIT 25 FOR UPDATE ) t2 ON t1.action_i CONTEXT: {"error":{"type":1,"file":"/var/www/html/wp-content/plugins/woocommerce/packages/action-scheduler/classes/data-stores/ActionScheduler_DBStore.php","line":1019},"remote-logging":true,"backtrace":[{"file":"/var/www/html/wp-content/plugins/woocommerce/includes/class-woocommerce.php","line":482,"function":"critical","class":"WC_Logger","type":"->"},{"function":"log_errors","class":"WooCommerce","type":"->"}]}
2026-03-31T18:09:08+00:00 CRITICAL Uncaught RuntimeException: Unable to claim actions. Database error: <div style="clear:both">&nbsp;</div>
<div class="queries" style="clear:both;margin-bottom:2px;border:red dotted thin;">
<p>MySQL query:</p>
<p>UPDATE wp_actionscheduler_actions t1 JOIN ( SELECT action_id from wp_actionscheduler_actions WHERE claim_id = 0 AND scheduled_date_gmt <= '2026-03-31 18:09:08' AND status='pending' ORDER BY priority ASC, attempts ASC, scheduled_date_gmt ASC, action_id ASC LIMIT 25 FOR UPDATE ) t2 ON t1.action_id = t2.action_id SET claim_id=725, last_attempt_gmt='2026-03-31 18:09:08', last_attempt_local='2026-03-31 18:09:08'</p>
<p>Queries made or created this session were:</p>
<ol>
<li>Executing: BEGIN | (no parameters)</li>
<li>Executing: UPDATE wp_actionscheduler_actions t1 JOIN ( SELECT action_id from wp_actionscheduler_actions WHERE claim_id = 0 AND scheduled_date_gmt &lt;= :param0  AND status=:param1  ORDER BY priority ASC, attempts ASC, scheduled_date_gmt ASC, action_id ASC LIMIT 25 FOR UPDATE ) t2 ON t1.action_i CONTEXT: {"error":{"type":1,"file":"/var/www/html/wp-content/plugins/woocommerce/packages/action-scheduler/classes/data-stores/ActionScheduler_DBStore.php","line":1019},"remote-logging":true,"backtrace":[{"file":"/var/www/html/wp-content/plugins/woocommerce/includes/class-woocommerce.php","line":482,"function":"critical","class":"WC_Logger","type":"->"},{"function":"log_errors","class":"WooCommerce","type":"->"}]}
2026-03-31T18:10:43+00:00 CRITICAL Uncaught RuntimeException: Unable to claim actions. Database error: <div style="clear:both">&nbsp;</div>
<div class="queries" style="clear:both;margin-bottom:2px;border:red dotted thin;">
<p>MySQL query:</p>
<p>UPDATE wp_actionscheduler_actions t1 JOIN ( SELECT action_id from wp_actionscheduler_actions WHERE claim_id = 0 AND scheduled_date_gmt <= '2026-03-31 18:10:43' AND status='pending' ORDER BY priority ASC, attempts ASC, scheduled_date_gmt ASC, action_id ASC LIMIT 25 FOR UPDATE ) t2 ON t1.action_id = t2.action_id SET claim_id=726, last_attempt_gmt='2026-03-31 18:10:43', last_attempt_local='2026-03-31 18:10:43'</p>
<p>Queries made or created this session were:</p>
<ol>
<li>Executing: BEGIN | (no parameters)</li>
<li>Executing: UPDATE wp_actionscheduler_actions t1 JOIN ( SELECT action_id from wp_actionscheduler_actions WHERE claim_id = 0 AND scheduled_date_gmt &lt;= :param0  AND status=:param1  ORDER BY priority ASC, attempts ASC, scheduled_date_gmt ASC, action_id ASC LIMIT 25 FOR UPDATE ) t2 ON t1.action_i CONTEXT: {"error":{"type":1,"file":"/var/www/html/wp-content/plugins/woocommerce/packages/action-scheduler/classes/data-stores/ActionScheduler_DBStore.php","line":1019},"remote-logging":true,"backtrace":[{"file":"/var/www/html/wp-content/plugins/woocommerce/includes/class-woocommerce.php","line":482,"function":"critical","class":"WC_Logger","type":"->"},{"function":"log_errors","class":"WooCommerce","type":"->"}]}
2026-03-31T18:11:19+00:00 CRITICAL Uncaught RuntimeException: Unable to claim actions. Database error: <div style="clear:both">&nbsp;</div>
<div class="queries" style="clear:both;margin-bottom:2px;border:red dotted thin;">
<p>MySQL query:</p>
<p>UPDATE wp_actionscheduler_actions t1 JOIN ( SELECT action_id from wp_actionscheduler_actions WHERE claim_id = 0 AND scheduled_date_gmt <= '2026-03-31 18:11:19' AND status='pending' ORDER BY priority ASC, attempts ASC, scheduled_date_gmt ASC, action_id ASC LIMIT 25 FOR UPDATE ) t2 ON t1.action_id = t2.action_id SET claim_id=727, last_attempt_gmt='2026-03-31 18:11:19', last_attempt_local='2026-03-31 18:11:19'</p>
<p>Queries made or created this session were:</p>
<ol>
<li>Executing: BEGIN | (no parameters)</li>
<li>Executing: UPDATE wp_actionscheduler_actions t1 JOIN ( SELECT action_id from wp_actionscheduler_actions WHERE claim_id = 0 AND scheduled_date_gmt &lt;= :param0  AND status=:param1  ORDER BY priority ASC, attempts ASC, scheduled_date_gmt ASC, action_id ASC LIMIT 25 FOR UPDATE ) t2 ON t1.action_i CONTEXT: {"error":{"type":1,"file":"/var/www/html/wp-content/plugins/woocommerce/packages/action-scheduler/classes/data-stores/ActionScheduler_DBStore.php","line":1019},"remote-logging":true,"backtrace":[{"file":"/var/www/html/wp-content/plugins/woocommerce/includes/class-woocommerce.php","line":482,"function":"critical","class":"WC_Logger","type":"->"},{"function":"log_errors","class":"WooCommerce","type":"->"}]}
2026-03-31T18:12:19+00:00 CRITICAL Uncaught RuntimeException: Unable to claim actions. Database error: <div style="clear:both">&nbsp;</div>
<div class="queries" style="clear:both;margin-bottom:2px;border:red dotted thin;">
<p>MySQL query:</p>
<p>UPDATE wp_actionscheduler_actions t1 JOIN ( SELECT action_id from wp_actionscheduler_actions WHERE claim_id = 0 AND scheduled_date_gmt <= '2026-03-31 18:12:19' AND status='pending' ORDER BY priority ASC, attempts ASC, scheduled_date_gmt ASC, action_id ASC LIMIT 25 FOR UPDATE ) t2 ON t1.action_id = t2.action_id SET claim_id=728, last_attempt_gmt='2026-03-31 18:12:19', last_attempt_local='2026-03-31 18:12:19'</p>
<p>Queries made or created this session were:</p>
<ol>
<li>Executing: BEGIN | (no parameters)</li>
<li>Executing: UPDATE wp_actionscheduler_actions t1 JOIN ( SELECT action_id from wp_actionscheduler_actions WHERE claim_id = 0 AND scheduled_date_gmt &lt;= :param0  AND status=:param1  ORDER BY priority ASC, attempts ASC, scheduled_date_gmt ASC, action_id ASC LIMIT 25 FOR UPDATE ) t2 ON t1.action_i CONTEXT: {"error":{"type":1,"file":"/var/www/html/wp-content/plugins/woocommerce/packages/action-scheduler/classes/data-stores/ActionScheduler_DBStore.php","line":1019},"remote-logging":true,"backtrace":[{"file":"/var/www/html/wp-content/plugins/woocommerce/includes/class-woocommerce.php","line":482,"function":"critical","class":"WC_Logger","type":"->"},{"function":"log_errors","class":"WooCommerce","type":"->"}]}
2026-03-31T18:12:20+00:00 CRITICAL Uncaught RuntimeException: Unable to claim actions. Database error: <div style="clear:both">&nbsp;</div>
<div class="queries" style="clear:both;margin-bottom:2px;border:red dotted thin;">
<p>MySQL query:</p>
<p>UPDATE wp_actionscheduler_actions t1 JOIN ( SELECT action_id from wp_actionscheduler_actions WHERE claim_id = 0 AND scheduled_date_gmt <= '2026-03-31 18:12:20' AND status='pending' ORDER BY priority ASC, attempts ASC, scheduled_date_gmt ASC, action_id ASC LIMIT 25 FOR UPDATE ) t2 ON t1.action_id = t2.action_id SET claim_id=729, last_attempt_gmt='2026-03-31 18:12:20', last_attempt_local='2026-03-31 18:12:20'</p>
<p>Queries made or created this session were:</p>
<ol>
<li>Executing: BEGIN | (no parameters)</li>
<li>Executing: UPDATE wp_actionscheduler_actions t1 JOIN ( SELECT action_id from wp_actionscheduler_actions WHERE claim_id = 0 AND scheduled_date_gmt &lt;= :param0  AND status=:param1  ORDER BY priority ASC, attempts ASC, scheduled_date_gmt ASC, action_id ASC LIMIT 25 FOR UPDATE ) t2 ON t1.action_i CONTEXT: {"error":{"type":1,"file":"/var/www/html/wp-content/plugins/woocommerce/packages/action-scheduler/classes/data-stores/ActionScheduler_DBStore.php","line":1019},"remote-logging":true,"backtrace":[{"file":"/var/www/html/wp-content/plugins/woocommerce/includes/class-woocommerce.php","line":482,"function":"critical","class":"WC_Logger","type":"->"},{"function":"log_errors","class":"WooCommerce","type":"->"}]}
2026-03-31T18:14:41+00:00 CRITICAL Uncaught RuntimeException: Unable to claim actions. Database error: <div style="clear:both">&nbsp;</div>
<div class="queries" style="clear:both;margin-bottom:2px;border:red dotted thin;">
<p>MySQL query:</p>
<p>UPDATE wp_actionscheduler_actions t1 JOIN ( SELECT action_id from wp_actionscheduler_actions WHERE claim_id = 0 AND scheduled_date_gmt <= '2026-03-31 18:14:41' AND status='pending' ORDER BY priority ASC, attempts ASC, scheduled_date_gmt ASC, action_id ASC LIMIT 25 FOR UPDATE ) t2 ON t1.action_id = t2.action_id SET claim_id=730, last_attempt_gmt='2026-03-31 18:14:41', last_attempt_local='2026-03-31 18:14:41'</p>
<p>Queries made or created this session were:</p>
<ol>
<li>Executing: BEGIN | (no parameters)</li>
<li>Executing: UPDATE wp_actionscheduler_actions t1 JOIN ( SELECT action_id from wp_actionscheduler_actions WHERE claim_id = 0 AND scheduled_date_gmt &lt;= :param0  AND status=:param1  ORDER BY priority ASC, attempts ASC, scheduled_date_gmt ASC, action_id ASC LIMIT 25 FOR UPDATE ) t2 ON t1.action_i CONTEXT: {"error":{"type":1,"file":"/var/www/html/wp-content/plugins/woocommerce/packages/action-scheduler/classes/data-stores/ActionScheduler_DBStore.php","line":1019},"remote-logging":true,"backtrace":[{"file":"/var/www/html/wp-content/plugins/woocommerce/includes/class-woocommerce.php","line":482,"function":"critical","class":"WC_Logger","type":"->"},{"function":"log_errors","class":"WooCommerce","type":"->"}]}
2026-03-31T18:15:35+00:00 CRITICAL Uncaught RuntimeException: Unable to claim actions. Database error: <div style="clear:both">&nbsp;</div>
<div class="queries" style="clear:both;margin-bottom:2px;border:red dotted thin;">
<p>MySQL query:</p>
<p>UPDATE wp_actionscheduler_actions t1 JOIN ( SELECT action_id from wp_actionscheduler_actions WHERE claim_id = 0 AND scheduled_date_gmt <= '2026-03-31 18:15:35' AND status='pending' ORDER BY priority ASC, attempts ASC, scheduled_date_gmt ASC, action_id ASC LIMIT 25 FOR UPDATE ) t2 ON t1.action_id = t2.action_id SET claim_id=731, last_attempt_gmt='2026-03-31 18:15:35', last_attempt_local='2026-03-31 18:15:35'</p>
<p>Queries made or created this session were:</p>
<ol>
<li>Executing: BEGIN | (no parameters)</li>
<li>Executing: UPDATE wp_actionscheduler_actions t1 JOIN ( SELECT action_id from wp_actionscheduler_actions WHERE claim_id = 0 AND scheduled_date_gmt &lt;= :param0  AND status=:param1  ORDER BY priority ASC, attempts ASC, scheduled_date_gmt ASC, action_id ASC LIMIT 25 FOR UPDATE ) t2 ON t1.action_i CONTEXT: {"error":{"type":1,"file":"/var/www/html/wp-content/plugins/woocommerce/packages/action-scheduler/classes/data-stores/ActionScheduler_DBStore.php","line":1019},"remote-logging":true,"backtrace":[{"file":"/var/www/html/wp-content/plugins/woocommerce/includes/class-woocommerce.php","line":482,"function":"critical","class":"WC_Logger","type":"->"},{"function":"log_errors","class":"WooCommerce","type":"->"}]}
2026-03-31T18:16:21+00:00 CRITICAL Uncaught RuntimeException: Unable to claim actions. Database error: <div style="clear:both">&nbsp;</div>
<div class="queries" style="clear:both;margin-bottom:2px;border:red dotted thin;">
<p>MySQL query:</p>
<p>UPDATE wp_actionscheduler_actions t1 JOIN ( SELECT action_id from wp_actionscheduler_actions WHERE claim_id = 0 AND scheduled_date_gmt <= '2026-03-31 18:16:21' AND status='pending' ORDER BY priority ASC, attempts ASC, scheduled_date_gmt ASC, action_id ASC LIMIT 25 FOR UPDATE ) t2 ON t1.action_id = t2.action_id SET claim_id=732, last_attempt_gmt='2026-03-31 18:16:21', last_attempt_local='2026-03-31 18:16:21'</p>
<p>Queries made or created this session were:</p>
<ol>
<li>Executing: BEGIN | (no parameters)</li>
<li>Executing: UPDATE wp_actionscheduler_actions t1 JOIN ( SELECT action_id from wp_actionscheduler_actions WHERE claim_id = 0 AND scheduled_date_gmt &lt;= :param0  AND status=:param1  ORDER BY priority ASC, attempts ASC, scheduled_date_gmt ASC, action_id ASC LIMIT 25 FOR UPDATE ) t2 ON t1.action_i CONTEXT: {"error":{"type":1,"file":"/var/www/html/wp-content/plugins/woocommerce/packages/action-scheduler/classes/data-stores/ActionScheduler_DBStore.php","line":1019},"remote-logging":true,"backtrace":[{"file":"/var/www/html/wp-content/plugins/woocommerce/includes/class-woocommerce.php","line":482,"function":"critical","class":"WC_Logger","type":"->"},{"function":"log_errors","class":"WooCommerce","type":"->"}]}
2026-03-31T18:16:41+00:00 CRITICAL Uncaught RuntimeException: Unable to claim actions. Database error: <div style="clear:both">&nbsp;</div>
<div class="queries" style="clear:both;margin-bottom:2px;border:red dotted thin;">
<p>MySQL query:</p>
<p>UPDATE wp_actionscheduler_actions t1 JOIN ( SELECT action_id from wp_actionscheduler_actions WHERE claim_id = 0 AND scheduled_date_gmt <= '2026-03-31 18:16:41' AND status='pending' ORDER BY priority ASC, attempts ASC, scheduled_date_gmt ASC, action_id ASC LIMIT 25 FOR UPDATE ) t2 ON t1.action_id = t2.action_id SET claim_id=733, last_attempt_gmt='2026-03-31 18:16:41', last_attempt_local='2026-03-31 18:16:41'</p>
<p>Queries made or created this session were:</p>
<ol>
<li>Executing: BEGIN | (no parameters)</li>
<li>Executing: UPDATE wp_actionscheduler_actions t1 JOIN ( SELECT action_id from wp_actionscheduler_actions WHERE claim_id = 0 AND scheduled_date_gmt &lt;= :param0  AND status=:param1  ORDER BY priority ASC, attempts ASC, scheduled_date_gmt ASC, action_id ASC LIMIT 25 FOR UPDATE ) t2 ON t1.action_i CONTEXT: {"error":{"type":1,"file":"/var/www/html/wp-content/plugins/woocommerce/packages/action-scheduler/classes/data-stores/ActionScheduler_DBStore.php","line":1019},"remote-logging":true,"backtrace":[{"file":"/var/www/html/wp-content/plugins/woocommerce/includes/class-woocommerce.php","line":482,"function":"critical","class":"WC_Logger","type":"->"},{"function":"log_errors","class":"WooCommerce","type":"->"}]}
2026-03-31T18:17:33+00:00 CRITICAL Uncaught RuntimeException: Unable to claim actions. Database error: <div style="clear:both">&nbsp;</div>
<div class="queries" style="clear:both;margin-bottom:2px;border:red dotted thin;">
<p>MySQL query:</p>
<p>UPDATE wp_actionscheduler_actions t1 JOIN ( SELECT action_id from wp_actionscheduler_actions WHERE claim_id = 0 AND scheduled_date_gmt <= '2026-03-31 18:17:33' AND status='pending' ORDER BY priority ASC, attempts ASC, scheduled_date_gmt ASC, action_id ASC LIMIT 25 FOR UPDATE ) t2 ON t1.action_id = t2.action_id SET claim_id=734, last_attempt_gmt='2026-03-31 18:17:33', last_attempt_local='2026-03-31 18:17:33'</p>
<p>Queries made or created this session were:</p>
<ol>
<li>Executing: BEGIN | (no parameters)</li>
<li>Executing: UPDATE wp_actionscheduler_actions t1 JOIN ( SELECT action_id from wp_actionscheduler_actions WHERE claim_id = 0 AND scheduled_date_gmt &lt;= :param0  AND status=:param1  ORDER BY priority ASC, attempts ASC, scheduled_date_gmt ASC, action_id ASC LIMIT 25 FOR UPDATE ) t2 ON t1.action_i CONTEXT: {"error":{"type":1,"file":"/var/www/html/wp-content/plugins/woocommerce/packages/action-scheduler/classes/data-stores/ActionScheduler_DBStore.php","line":1019},"remote-logging":true,"backtrace":[{"file":"/var/www/html/wp-content/plugins/woocommerce/includes/class-woocommerce.php","line":482,"function":"critical","class":"WC_Logger","type":"->"},{"function":"log_errors","class":"WooCommerce","type":"->"}]}
2026-03-31T18:17:41+00:00 CRITICAL Uncaught RuntimeException: Unable to claim actions. Database error: <div style="clear:both">&nbsp;</div>
<div class="queries" style="clear:both;margin-bottom:2px;border:red dotted thin;">
<p>MySQL query:</p>
<p>UPDATE wp_actionscheduler_actions t1 JOIN ( SELECT action_id from wp_actionscheduler_actions WHERE claim_id = 0 AND scheduled_date_gmt <= '2026-03-31 18:17:41' AND status='pending' ORDER BY priority ASC, attempts ASC, scheduled_date_gmt ASC, action_id ASC LIMIT 25 FOR UPDATE ) t2 ON t1.action_id = t2.action_id SET claim_id=735, last_attempt_gmt='2026-03-31 18:17:41', last_attempt_local='2026-03-31 18:17:41'</p>
<p>Queries made or created this session were:</p>
<ol>
<li>Executing: BEGIN | (no parameters)</li>
<li>Executing: UPDATE wp_actionscheduler_actions t1 JOIN ( SELECT action_id from wp_actionscheduler_actions WHERE claim_id = 0 AND scheduled_date_gmt &lt;= :param0  AND status=:param1  ORDER BY priority ASC, attempts ASC, scheduled_date_gmt ASC, action_id ASC LIMIT 25 FOR UPDATE ) t2 ON t1.action_i CONTEXT: {"error":{"type":1,"file":"/var/www/html/wp-content/plugins/woocommerce/packages/action-scheduler/classes/data-stores/ActionScheduler_DBStore.php","line":1019},"remote-logging":true,"backtrace":[{"file":"/var/www/html/wp-content/plugins/woocommerce/includes/class-woocommerce.php","line":482,"function":"critical","class":"WC_Logger","type":"->"},{"function":"log_errors","class":"WooCommerce","type":"->"}]}
2026-03-31T18:18:40+00:00 CRITICAL Uncaught RuntimeException: Unable to claim actions. Database error: <div style="clear:both">&nbsp;</div>
<div class="queries" style="clear:both;margin-bottom:2px;border:red dotted thin;">
<p>MySQL query:</p>
<p>UPDATE wp_actionscheduler_actions t1 JOIN ( SELECT action_id from wp_actionscheduler_actions WHERE claim_id = 0 AND scheduled_date_gmt <= '2026-03-31 18:18:40' AND status='pending' ORDER BY priority ASC, attempts ASC, scheduled_date_gmt ASC, action_id ASC LIMIT 25 FOR UPDATE ) t2 ON t1.action_id = t2.action_id SET claim_id=736, last_attempt_gmt='2026-03-31 18:18:40', last_attempt_local='2026-03-31 18:18:40'</p>
<p>Queries made or created this session were:</p>
<ol>
<li>Executing: BEGIN | (no parameters)</li>
<li>Executing: UPDATE wp_actionscheduler_actions t1 JOIN ( SELECT action_id from wp_actionscheduler_actions WHERE claim_id = 0 AND scheduled_date_gmt &lt;= :param0  AND status=:param1  ORDER BY priority ASC, attempts ASC, scheduled_date_gmt ASC, action_id ASC LIMIT 25 FOR UPDATE ) t2 ON t1.action_i CONTEXT: {"error":{"type":1,"file":"/var/www/html/wp-content/plugins/woocommerce/packages/action-scheduler/classes/data-stores/ActionScheduler_DBStore.php","line":1019},"remote-logging":true,"backtrace":[{"file":"/var/www/html/wp-content/plugins/woocommerce/includes/class-woocommerce.php","line":482,"function":"critical","class":"WC_Logger","type":"->"},{"function":"log_errors","class":"WooCommerce","type":"->"}]}
2026-03-31T18:18:42+00:00 CRITICAL Uncaught RuntimeException: Unable to claim actions. Database error: <div style="clear:both">&nbsp;</div>
<div class="queries" style="clear:both;margin-bottom:2px;border:red dotted thin;">
<p>MySQL query:</p>
<p>UPDATE wp_actionscheduler_actions t1 JOIN ( SELECT action_id from wp_actionscheduler_actions WHERE claim_id = 0 AND scheduled_date_gmt <= '2026-03-31 18:18:42' AND status='pending' ORDER BY priority ASC, attempts ASC, scheduled_date_gmt ASC, action_id ASC LIMIT 25 FOR UPDATE ) t2 ON t1.action_id = t2.action_id SET claim_id=737, last_attempt_gmt='2026-03-31 18:18:42', last_attempt_local='2026-03-31 18:18:42'</p>
<p>Queries made or created this session were:</p>
<ol>
<li>Executing: BEGIN | (no parameters)</li>
<li>Executing: UPDATE wp_actionscheduler_actions t1 JOIN ( SELECT action_id from wp_actionscheduler_actions WHERE claim_id = 0 AND scheduled_date_gmt &lt;= :param0  AND status=:param1  ORDER BY priority ASC, attempts ASC, scheduled_date_gmt ASC, action_id ASC LIMIT 25 FOR UPDATE ) t2 ON t1.action_i CONTEXT: {"error":{"type":1,"file":"/var/www/html/wp-content/plugins/woocommerce/packages/action-scheduler/classes/data-stores/ActionScheduler_DBStore.php","line":1019},"remote-logging":true,"backtrace":[{"file":"/var/www/html/wp-content/plugins/woocommerce/includes/class-woocommerce.php","line":482,"function":"critical","class":"WC_Logger","type":"->"},{"function":"log_errors","class":"WooCommerce","type":"->"}]}
2026-03-31T18:19:45+00:00 CRITICAL Uncaught RuntimeException: Unable to claim actions. Database error: <div style="clear:both">&nbsp;</div>
<div class="queries" style="clear:both;margin-bottom:2px;border:red dotted thin;">
<p>MySQL query:</p>
<p>UPDATE wp_actionscheduler_actions t1 JOIN ( SELECT action_id from wp_actionscheduler_actions WHERE claim_id = 0 AND scheduled_date_gmt <= '2026-03-31 18:19:45' AND status='pending' ORDER BY priority ASC, attempts ASC, scheduled_date_gmt ASC, action_id ASC LIMIT 25 FOR UPDATE ) t2 ON t1.action_id = t2.action_id SET claim_id=738, last_attempt_gmt='2026-03-31 18:19:45', last_attempt_local='2026-03-31 18:19:45'</p>
<p>Queries made or created this session were:</p>
<ol>
<li>Executing: BEGIN | (no parameters)</li>
<li>Executing: UPDATE wp_actionscheduler_actions t1 JOIN ( SELECT action_id from wp_actionscheduler_actions WHERE claim_id = 0 AND scheduled_date_gmt &lt;= :param0  AND status=:param1  ORDER BY priority ASC, attempts ASC, scheduled_date_gmt ASC, action_id ASC LIMIT 25 FOR UPDATE ) t2 ON t1.action_i CONTEXT: {"error":{"type":1,"file":"/var/www/html/wp-content/plugins/woocommerce/packages/action-scheduler/classes/data-stores/ActionScheduler_DBStore.php","line":1019},"remote-logging":true,"backtrace":[{"file":"/var/www/html/wp-content/plugins/woocommerce/includes/class-woocommerce.php","line":482,"function":"critical","class":"WC_Logger","type":"->"},{"function":"log_errors","class":"WooCommerce","type":"->"}]}
2026-03-31T18:20:24+00:00 CRITICAL Uncaught RuntimeException: Unable to claim actions. Database error: <div style="clear:both">&nbsp;</div>
<div class="queries" style="clear:both;margin-bottom:2px;border:red dotted thin;">
<p>MySQL query:</p>
<p>UPDATE wp_actionscheduler_actions t1 JOIN ( SELECT action_id from wp_actionscheduler_actions WHERE claim_id = 0 AND scheduled_date_gmt <= '2026-03-31 18:20:24' AND status='pending' ORDER BY priority ASC, attempts ASC, scheduled_date_gmt ASC, action_id ASC LIMIT 25 FOR UPDATE ) t2 ON t1.action_id = t2.action_id SET claim_id=739, last_attempt_gmt='2026-03-31 18:20:24', last_attempt_local='2026-03-31 18:20:24'</p>
<p>Queries made or created this session were:</p>
<ol>
<li>Executing: BEGIN | (no parameters)</li>
<li>Executing: UPDATE wp_actionscheduler_actions t1 JOIN ( SELECT action_id from wp_actionscheduler_actions WHERE claim_id = 0 AND scheduled_date_gmt &lt;= :param0  AND status=:param1  ORDER BY priority ASC, attempts ASC, scheduled_date_gmt ASC, action_id ASC LIMIT 25 FOR UPDATE ) t2 ON t1.action_i CONTEXT: {"error":{"type":1,"file":"/var/www/html/wp-content/plugins/woocommerce/packages/action-scheduler/classes/data-stores/ActionScheduler_DBStore.php","line":1019},"remote-logging":true,"backtrace":[{"file":"/var/www/html/wp-content/plugins/woocommerce/includes/class-woocommerce.php","line":482,"function":"critical","class":"WC_Logger","type":"->"},{"function":"log_errors","class":"WooCommerce","type":"->"}]}
2026-03-31T18:21:34+00:00 CRITICAL Uncaught RuntimeException: Unable to claim actions. Database error: <div style="clear:both">&nbsp;</div>
<div class="queries" style="clear:both;margin-bottom:2px;border:red dotted thin;">
<p>MySQL query:</p>
<p>UPDATE wp_actionscheduler_actions t1 JOIN ( SELECT action_id from wp_actionscheduler_actions WHERE claim_id = 0 AND scheduled_date_gmt <= '2026-03-31 18:21:34' AND status='pending' ORDER BY priority ASC, attempts ASC, scheduled_date_gmt ASC, action_id ASC LIMIT 25 FOR UPDATE ) t2 ON t1.action_id = t2.action_id SET claim_id=740, last_attempt_gmt='2026-03-31 18:21:34', last_attempt_local='2026-03-31 18:21:34'</p>
<p>Queries made or created this session were:</p>
<ol>
<li>Executing: BEGIN | (no parameters)</li>
<li>Executing: UPDATE wp_actionscheduler_actions t1 JOIN ( SELECT action_id from wp_actionscheduler_actions WHERE claim_id = 0 AND scheduled_date_gmt &lt;= :param0  AND status=:param1  ORDER BY priority ASC, attempts ASC, scheduled_date_gmt ASC, action_id ASC LIMIT 25 FOR UPDATE ) t2 ON t1.action_i CONTEXT: {"error":{"type":1,"file":"/var/www/html/wp-content/plugins/woocommerce/packages/action-scheduler/classes/data-stores/ActionScheduler_DBStore.php","line":1019},"remote-logging":true,"backtrace":[{"file":"/var/www/html/wp-content/plugins/woocommerce/includes/class-woocommerce.php","line":482,"function":"critical","class":"WC_Logger","type":"->"},{"function":"log_errors","class":"WooCommerce","type":"->"}]}
2026-03-31T18:21:35+00:00 CRITICAL Uncaught RuntimeException: Unable to claim actions. Database error: <div style="clear:both">&nbsp;</div>
<div class="queries" style="clear:both;margin-bottom:2px;border:red dotted thin;">
<p>MySQL query:</p>
<p>UPDATE wp_actionscheduler_actions t1 JOIN ( SELECT action_id from wp_actionscheduler_actions WHERE claim_id = 0 AND scheduled_date_gmt <= '2026-03-31 18:21:35' AND status='pending' ORDER BY priority ASC, attempts ASC, scheduled_date_gmt ASC, action_id ASC LIMIT 25 FOR UPDATE ) t2 ON t1.action_id = t2.action_id SET claim_id=741, last_attempt_gmt='2026-03-31 18:21:35', last_attempt_local='2026-03-31 18:21:35'</p>
<p>Queries made or created this session were:</p>
<ol>
<li>Executing: BEGIN | (no parameters)</li>
<li>Executing: UPDATE wp_actionscheduler_actions t1 JOIN ( SELECT action_id from wp_actionscheduler_actions WHERE claim_id = 0 AND scheduled_date_gmt &lt;= :param0  AND status=:param1  ORDER BY priority ASC, attempts ASC, scheduled_date_gmt ASC, action_id ASC LIMIT 25 FOR UPDATE ) t2 ON t1.action_i CONTEXT: {"error":{"type":1,"file":"/var/www/html/wp-content/plugins/woocommerce/packages/action-scheduler/classes/data-stores/ActionScheduler_DBStore.php","line":1019},"remote-logging":true,"backtrace":[{"file":"/var/www/html/wp-content/plugins/woocommerce/includes/class-woocommerce.php","line":482,"function":"critical","class":"WC_Logger","type":"->"},{"function":"log_errors","class":"WooCommerce","type":"->"}]}
2026-03-31T18:22:39+00:00 CRITICAL Uncaught RuntimeException: Unable to claim actions. Database error: <div style="clear:both">&nbsp;</div>
<div class="queries" style="clear:both;margin-bottom:2px;border:red dotted thin;">
<p>MySQL query:</p>
<p>UPDATE wp_actionscheduler_actions t1 JOIN ( SELECT action_id from wp_actionscheduler_actions WHERE claim_id = 0 AND scheduled_date_gmt <= '2026-03-31 18:22:39' AND status='pending' ORDER BY priority ASC, attempts ASC, scheduled_date_gmt ASC, action_id ASC LIMIT 25 FOR UPDATE ) t2 ON t1.action_id = t2.action_id SET claim_id=742, last_attempt_gmt='2026-03-31 18:22:39', last_attempt_local='2026-03-31 18:22:39'</p>
<p>Queries made or created this session were:</p>
<ol>
<li>Executing: BEGIN | (no parameters)</li>
<li>Executing: UPDATE wp_actionscheduler_actions t1 JOIN ( SELECT action_id from wp_actionscheduler_actions WHERE claim_id = 0 AND scheduled_date_gmt &lt;= :param0  AND status=:param1  ORDER BY priority ASC, attempts ASC, scheduled_date_gmt ASC, action_id ASC LIMIT 25 FOR UPDATE ) t2 ON t1.action_i CONTEXT: {"error":{"type":1,"file":"/var/www/html/wp-content/plugins/woocommerce/packages/action-scheduler/classes/data-stores/ActionScheduler_DBStore.php","line":1019},"remote-logging":true,"backtrace":[{"file":"/var/www/html/wp-content/plugins/woocommerce/includes/class-woocommerce.php","line":482,"function":"critical","class":"WC_Logger","type":"->"},{"function":"log_errors","class":"WooCommerce","type":"->"}]}
2026-03-31T18:22:39+00:00 CRITICAL Uncaught RuntimeException: Unable to claim actions. Database error: <div style="clear:both">&nbsp;</div>
<div class="queries" style="clear:both;margin-bottom:2px;border:red dotted thin;">
<p>MySQL query:</p>
<p>UPDATE wp_actionscheduler_actions t1 JOIN ( SELECT action_id from wp_actionscheduler_actions WHERE claim_id = 0 AND scheduled_date_gmt <= '2026-03-31 18:22:39' AND status='pending' ORDER BY priority ASC, attempts ASC, scheduled_date_gmt ASC, action_id ASC LIMIT 25 FOR UPDATE ) t2 ON t1.action_id = t2.action_id SET claim_id=743, last_attempt_gmt='2026-03-31 18:22:39', last_attempt_local='2026-03-31 18:22:39'</p>
<p>Queries made or created this session were:</p>
<ol>
<li>Executing: BEGIN | (no parameters)</li>
<li>Executing: UPDATE wp_actionscheduler_actions t1 JOIN ( SELECT action_id from wp_actionscheduler_actions WHERE claim_id = 0 AND scheduled_date_gmt &lt;= :param0  AND status=:param1  ORDER BY priority ASC, attempts ASC, scheduled_date_gmt ASC, action_id ASC LIMIT 25 FOR UPDATE ) t2 ON t1.action_i CONTEXT: {"error":{"type":1,"file":"/var/www/html/wp-content/plugins/woocommerce/packages/action-scheduler/classes/data-stores/ActionScheduler_DBStore.php","line":1019},"remote-logging":true,"backtrace":[{"file":"/var/www/html/wp-content/plugins/woocommerce/includes/class-woocommerce.php","line":482,"function":"critical","class":"WC_Logger","type":"->"},{"function":"log_errors","class":"WooCommerce","type":"->"}]}
2026-03-31T18:23:57+00:00 CRITICAL Uncaught RuntimeException: Unable to claim actions. Database error: <div style="clear:both">&nbsp;</div>
<div class="queries" style="clear:both;margin-bottom:2px;border:red dotted thin;">
<p>MySQL query:</p>
<p>UPDATE wp_actionscheduler_actions t1 JOIN ( SELECT action_id from wp_actionscheduler_actions WHERE claim_id = 0 AND scheduled_date_gmt <= '2026-03-31 18:23:57' AND status='pending' ORDER BY priority ASC, attempts ASC, scheduled_date_gmt ASC, action_id ASC LIMIT 25 FOR UPDATE ) t2 ON t1.action_id = t2.action_id SET claim_id=744, last_attempt_gmt='2026-03-31 18:23:57', last_attempt_local='2026-03-31 18:23:57'</p>
<p>Queries made or created this session were:</p>
<ol>
<li>Executing: BEGIN | (no parameters)</li>
<li>Executing: UPDATE wp_actionscheduler_actions t1 JOIN ( SELECT action_id from wp_actionscheduler_actions WHERE claim_id = 0 AND scheduled_date_gmt &lt;= :param0  AND status=:param1  ORDER BY priority ASC, attempts ASC, scheduled_date_gmt ASC, action_id ASC LIMIT 25 FOR UPDATE ) t2 ON t1.action_i CONTEXT: {"error":{"type":1,"file":"/var/www/html/wp-content/plugins/woocommerce/packages/action-scheduler/classes/data-stores/ActionScheduler_DBStore.php","line":1019},"remote-logging":true,"backtrace":[{"file":"/var/www/html/wp-content/plugins/woocommerce/includes/class-woocommerce.php","line":482,"function":"critical","class":"WC_Logger","type":"->"},{"function":"log_errors","class":"WooCommerce","type":"->"}]}
2026-03-31T18:24:20+00:00 CRITICAL Uncaught RuntimeException: Unable to claim actions. Database error: <div style="clear:both">&nbsp;</div>
<div class="queries" style="clear:both;margin-bottom:2px;border:red dotted thin;">
<p>MySQL query:</p>
<p>UPDATE wp_actionscheduler_actions t1 JOIN ( SELECT action_id from wp_actionscheduler_actions WHERE claim_id = 0 AND scheduled_date_gmt <= '2026-03-31 18:24:20' AND status='pending' ORDER BY priority ASC, attempts ASC, scheduled_date_gmt ASC, action_id ASC LIMIT 25 FOR UPDATE ) t2 ON t1.action_id = t2.action_id SET claim_id=745, last_attempt_gmt='2026-03-31 18:24:20', last_attempt_local='2026-03-31 18:24:20'</p>
<p>Queries made or created this session were:</p>
<ol>
<li>Executing: BEGIN | (no parameters)</li>
<li>Executing: UPDATE wp_actionscheduler_actions t1 JOIN ( SELECT action_id from wp_actionscheduler_actions WHERE claim_id = 0 AND scheduled_date_gmt &lt;= :param0  AND status=:param1  ORDER BY priority ASC, attempts ASC, scheduled_date_gmt ASC, action_id ASC LIMIT 25 FOR UPDATE ) t2 ON t1.action_i CONTEXT: {"error":{"type":1,"file":"/var/www/html/wp-content/plugins/woocommerce/packages/action-scheduler/classes/data-stores/ActionScheduler_DBStore.php","line":1019},"remote-logging":true,"backtrace":[{"file":"/var/www/html/wp-content/plugins/woocommerce/includes/class-woocommerce.php","line":482,"function":"critical","class":"WC_Logger","type":"->"},{"function":"log_errors","class":"WooCommerce","type":"->"}]}
2026-03-31T18:24:57+00:00 CRITICAL Uncaught RuntimeException: Unable to claim actions. Database error: <div style="clear:both">&nbsp;</div>
<div class="queries" style="clear:both;margin-bottom:2px;border:red dotted thin;">
<p>MySQL query:</p>
<p>UPDATE wp_actionscheduler_actions t1 JOIN ( SELECT action_id from wp_actionscheduler_actions WHERE claim_id = 0 AND scheduled_date_gmt <= '2026-03-31 18:24:57' AND status='pending' ORDER BY priority ASC, attempts ASC, scheduled_date_gmt ASC, action_id ASC LIMIT 25 FOR UPDATE ) t2 ON t1.action_id = t2.action_id SET claim_id=746, last_attempt_gmt='2026-03-31 18:24:57', last_attempt_local='2026-03-31 18:24:57'</p>
<p>Queries made or created this session were:</p>
<ol>
<li>Executing: BEGIN | (no parameters)</li>
<li>Executing: UPDATE wp_actionscheduler_actions t1 JOIN ( SELECT action_id from wp_actionscheduler_actions WHERE claim_id = 0 AND scheduled_date_gmt &lt;= :param0  AND status=:param1  ORDER BY priority ASC, attempts ASC, scheduled_date_gmt ASC, action_id ASC LIMIT 25 FOR UPDATE ) t2 ON t1.action_i CONTEXT: {"error":{"type":1,"file":"/var/www/html/wp-content/plugins/woocommerce/packages/action-scheduler/classes/data-stores/ActionScheduler_DBStore.php","line":1019},"remote-logging":true,"backtrace":[{"file":"/var/www/html/wp-content/plugins/woocommerce/includes/class-woocommerce.php","line":482,"function":"critical","class":"WC_Logger","type":"->"},{"function":"log_errors","class":"WooCommerce","type":"->"}]}
2026-03-31T18:25:29+00:00 CRITICAL Uncaught RuntimeException: Unable to claim actions. Database error: <div style="clear:both">&nbsp;</div>
<div class="queries" style="clear:both;margin-bottom:2px;border:red dotted thin;">
<p>MySQL query:</p>
<p>UPDATE wp_actionscheduler_actions t1 JOIN ( SELECT action_id from wp_actionscheduler_actions WHERE claim_id = 0 AND scheduled_date_gmt <= '2026-03-31 18:25:29' AND status='pending' ORDER BY priority ASC, attempts ASC, scheduled_date_gmt ASC, action_id ASC LIMIT 25 FOR UPDATE ) t2 ON t1.action_id = t2.action_id SET claim_id=747, last_attempt_gmt='2026-03-31 18:25:29', last_attempt_local='2026-03-31 18:25:29'</p>
<p>Queries made or created this session were:</p>
<ol>
<li>Executing: BEGIN | (no parameters)</li>
<li>Executing: UPDATE wp_actionscheduler_actions t1 JOIN ( SELECT action_id from wp_actionscheduler_actions WHERE claim_id = 0 AND scheduled_date_gmt &lt;= :param0  AND status=:param1  ORDER BY priority ASC, attempts ASC, scheduled_date_gmt ASC, action_id ASC LIMIT 25 FOR UPDATE ) t2 ON t1.action_i CONTEXT: {"error":{"type":1,"file":"/var/www/html/wp-content/plugins/woocommerce/packages/action-scheduler/classes/data-stores/ActionScheduler_DBStore.php","line":1019},"remote-logging":true,"backtrace":[{"file":"/var/www/html/wp-content/plugins/woocommerce/includes/class-woocommerce.php","line":482,"function":"critical","class":"WC_Logger","type":"->"},{"function":"log_errors","class":"WooCommerce","type":"->"}]}
2026-03-31T18:26:06+00:00 CRITICAL Uncaught RuntimeException: Unable to claim actions. Database error: <div style="clear:both">&nbsp;</div>
<div class="queries" style="clear:both;margin-bottom:2px;border:red dotted thin;">
<p>MySQL query:</p>
<p>UPDATE wp_actionscheduler_actions t1 JOIN ( SELECT action_id from wp_actionscheduler_actions WHERE claim_id = 0 AND scheduled_date_gmt <= '2026-03-31 18:26:06' AND status='pending' ORDER BY priority ASC, attempts ASC, scheduled_date_gmt ASC, action_id ASC LIMIT 25 FOR UPDATE ) t2 ON t1.action_id = t2.action_id SET claim_id=748, last_attempt_gmt='2026-03-31 18:26:06', last_attempt_local='2026-03-31 18:26:06'</p>
<p>Queries made or created this session were:</p>
<ol>
<li>Executing: BEGIN | (no parameters)</li>
<li>Executing: UPDATE wp_actionscheduler_actions t1 JOIN ( SELECT action_id from wp_actionscheduler_actions WHERE claim_id = 0 AND scheduled_date_gmt &lt;= :param0  AND status=:param1  ORDER BY priority ASC, attempts ASC, scheduled_date_gmt ASC, action_id ASC LIMIT 25 FOR UPDATE ) t2 ON t1.action_i CONTEXT: {"error":{"type":1,"file":"/var/www/html/wp-content/plugins/woocommerce/packages/action-scheduler/classes/data-stores/ActionScheduler_DBStore.php","line":1019},"remote-logging":true,"backtrace":[{"file":"/var/www/html/wp-content/plugins/woocommerce/includes/class-woocommerce.php","line":482,"function":"critical","class":"WC_Logger","type":"->"},{"function":"log_errors","class":"WooCommerce","type":"->"}]}
2026-03-31T18:27:20+00:00 CRITICAL Uncaught RuntimeException: Unable to claim actions. Database error: <div style="clear:both">&nbsp;</div>
<div class="queries" style="clear:both;margin-bottom:2px;border:red dotted thin;">
<p>MySQL query:</p>
<p>UPDATE wp_actionscheduler_actions t1 JOIN ( SELECT action_id from wp_actionscheduler_actions WHERE claim_id = 0 AND scheduled_date_gmt <= '2026-03-31 18:27:20' AND status='pending' ORDER BY priority ASC, attempts ASC, scheduled_date_gmt ASC, action_id ASC LIMIT 25 FOR UPDATE ) t2 ON t1.action_id = t2.action_id SET claim_id=749, last_attempt_gmt='2026-03-31 18:27:20', last_attempt_local='2026-03-31 18:27:20'</p>
<p>Queries made or created this session were:</p>
<ol>
<li>Executing: BEGIN | (no parameters)</li>
<li>Executing: UPDATE wp_actionscheduler_actions t1 JOIN ( SELECT action_id from wp_actionscheduler_actions WHERE claim_id = 0 AND scheduled_date_gmt &lt;= :param0  AND status=:param1  ORDER BY priority ASC, attempts ASC, scheduled_date_gmt ASC, action_id ASC LIMIT 25 FOR UPDATE ) t2 ON t1.action_i CONTEXT: {"error":{"type":1,"file":"/var/www/html/wp-content/plugins/woocommerce/packages/action-scheduler/classes/data-stores/ActionScheduler_DBStore.php","line":1019},"remote-logging":true,"backtrace":[{"file":"/var/www/html/wp-content/plugins/woocommerce/includes/class-woocommerce.php","line":482,"function":"critical","class":"WC_Logger","type":"->"},{"function":"log_errors","class":"WooCommerce","type":"->"}]}
2026-03-31T18:27:20+00:00 CRITICAL Uncaught RuntimeException: Unable to claim actions. Database error: <div style="clear:both">&nbsp;</div>
<div class="queries" style="clear:both;margin-bottom:2px;border:red dotted thin;">
<p>MySQL query:</p>
<p>UPDATE wp_actionscheduler_actions t1 JOIN ( SELECT action_id from wp_actionscheduler_actions WHERE claim_id = 0 AND scheduled_date_gmt <= '2026-03-31 18:27:20' AND status='pending' ORDER BY priority ASC, attempts ASC, scheduled_date_gmt ASC, action_id ASC LIMIT 25 FOR UPDATE ) t2 ON t1.action_id = t2.action_id SET claim_id=750, last_attempt_gmt='2026-03-31 18:27:20', last_attempt_local='2026-03-31 18:27:20'</p>
<p>Queries made or created this session were:</p>
<ol>
<li>Executing: BEGIN | (no parameters)</li>
<li>Executing: UPDATE wp_actionscheduler_actions t1 JOIN ( SELECT action_id from wp_actionscheduler_actions WHERE claim_id = 0 AND scheduled_date_gmt &lt;= :param0  AND status=:param1  ORDER BY priority ASC, attempts ASC, scheduled_date_gmt ASC, action_id ASC LIMIT 25 FOR UPDATE ) t2 ON t1.action_i CONTEXT: {"error":{"type":1,"file":"/var/www/html/wp-content/plugins/woocommerce/packages/action-scheduler/classes/data-stores/ActionScheduler_DBStore.php","line":1019},"remote-logging":true,"backtrace":[{"file":"/var/www/html/wp-content/plugins/woocommerce/includes/class-woocommerce.php","line":482,"function":"critical","class":"WC_Logger","type":"->"},{"function":"log_errors","class":"WooCommerce","type":"->"}]}
2026-03-31T18:28:24+00:00 CRITICAL Uncaught RuntimeException: Unable to claim actions. Database error: <div style="clear:both">&nbsp;</div>
<div class="queries" style="clear:both;margin-bottom:2px;border:red dotted thin;">
<p>MySQL query:</p>
<p>UPDATE wp_actionscheduler_actions t1 JOIN ( SELECT action_id from wp_actionscheduler_actions WHERE claim_id = 0 AND scheduled_date_gmt <= '2026-03-31 18:28:24' AND status='pending' ORDER BY priority ASC, attempts ASC, scheduled_date_gmt ASC, action_id ASC LIMIT 25 FOR UPDATE ) t2 ON t1.action_id = t2.action_id SET claim_id=751, last_attempt_gmt='2026-03-31 18:28:24', last_attempt_local='2026-03-31 18:28:24'</p>
<p>Queries made or created this session were:</p>
<ol>
<li>Executing: BEGIN | (no parameters)</li>
<li>Executing: UPDATE wp_actionscheduler_actions t1 JOIN ( SELECT action_id from wp_actionscheduler_actions WHERE claim_id = 0 AND scheduled_date_gmt &lt;= :param0  AND status=:param1  ORDER BY priority ASC, attempts ASC, scheduled_date_gmt ASC, action_id ASC LIMIT 25 FOR UPDATE ) t2 ON t1.action_i CONTEXT: {"error":{"type":1,"file":"/var/www/html/wp-content/plugins/woocommerce/packages/action-scheduler/classes/data-stores/ActionScheduler_DBStore.php","line":1019},"remote-logging":true,"backtrace":[{"file":"/var/www/html/wp-content/plugins/woocommerce/includes/class-woocommerce.php","line":482,"function":"critical","class":"WC_Logger","type":"->"},{"function":"log_errors","class":"WooCommerce","type":"->"}]}
2026-03-31T18:28:46+00:00 CRITICAL Uncaught RuntimeException: Unable to claim actions. Database error: <div style="clear:both">&nbsp;</div>
<div class="queries" style="clear:both;margin-bottom:2px;border:red dotted thin;">
<p>MySQL query:</p>
<p>UPDATE wp_actionscheduler_actions t1 JOIN ( SELECT action_id from wp_actionscheduler_actions WHERE claim_id = 0 AND scheduled_date_gmt <= '2026-03-31 18:28:46' AND status='pending' ORDER BY priority ASC, attempts ASC, scheduled_date_gmt ASC, action_id ASC LIMIT 25 FOR UPDATE ) t2 ON t1.action_id = t2.action_id SET claim_id=752, last_attempt_gmt='2026-03-31 18:28:46', last_attempt_local='2026-03-31 18:28:46'</p>
<p>Queries made or created this session were:</p>
<ol>
<li>Executing: BEGIN | (no parameters)</li>
<li>Executing: UPDATE wp_actionscheduler_actions t1 JOIN ( SELECT action_id from wp_actionscheduler_actions WHERE claim_id = 0 AND scheduled_date_gmt &lt;= :param0  AND status=:param1  ORDER BY priority ASC, attempts ASC, scheduled_date_gmt ASC, action_id ASC LIMIT 25 FOR UPDATE ) t2 ON t1.action_i CONTEXT: {"error":{"type":1,"file":"/var/www/html/wp-content/plugins/woocommerce/packages/action-scheduler/classes/data-stores/ActionScheduler_DBStore.php","line":1019},"remote-logging":true,"backtrace":[{"file":"/var/www/html/wp-content/plugins/woocommerce/includes/class-woocommerce.php","line":482,"function":"critical","class":"WC_Logger","type":"->"},{"function":"log_errors","class":"WooCommerce","type":"->"}]}
2026-03-31T18:30:08+00:00 CRITICAL Uncaught RuntimeException: Unable to claim actions. Database error: <div style="clear:both">&nbsp;</div>
<div class="queries" style="clear:both;margin-bottom:2px;border:red dotted thin;">
<p>MySQL query:</p>
<p>UPDATE wp_actionscheduler_actions t1 JOIN ( SELECT action_id from wp_actionscheduler_actions WHERE claim_id = 0 AND scheduled_date_gmt <= '2026-03-31 18:30:08' AND status='pending' ORDER BY priority ASC, attempts ASC, scheduled_date_gmt ASC, action_id ASC LIMIT 25 FOR UPDATE ) t2 ON t1.action_id = t2.action_id SET claim_id=753, last_attempt_gmt='2026-03-31 18:30:08', last_attempt_local='2026-03-31 18:30:08'</p>
<p>Queries made or created this session were:</p>
<ol>
<li>Executing: BEGIN | (no parameters)</li>
<li>Executing: UPDATE wp_actionscheduler_actions t1 JOIN ( SELECT action_id from wp_actionscheduler_actions WHERE claim_id = 0 AND scheduled_date_gmt &lt;= :param0  AND status=:param1  ORDER BY priority ASC, attempts ASC, scheduled_date_gmt ASC, action_id ASC LIMIT 25 FOR UPDATE ) t2 ON t1.action_i CONTEXT: {"error":{"type":1,"file":"/var/www/html/wp-content/plugins/woocommerce/packages/action-scheduler/classes/data-stores/ActionScheduler_DBStore.php","line":1019},"remote-logging":true,"backtrace":[{"file":"/var/www/html/wp-content/plugins/woocommerce/includes/class-woocommerce.php","line":482,"function":"critical","class":"WC_Logger","type":"->"},{"function":"log_errors","class":"WooCommerce","type":"->"}]}
2026-03-31T18:30:09+00:00 CRITICAL Uncaught RuntimeException: Unable to claim actions. Database error: <div style="clear:both">&nbsp;</div>
<div class="queries" style="clear:both;margin-bottom:2px;border:red dotted thin;">
<p>MySQL query:</p>
<p>UPDATE wp_actionscheduler_actions t1 JOIN ( SELECT action_id from wp_actionscheduler_actions WHERE claim_id = 0 AND scheduled_date_gmt <= '2026-03-31 18:30:09' AND status='pending' ORDER BY priority ASC, attempts ASC, scheduled_date_gmt ASC, action_id ASC LIMIT 25 FOR UPDATE ) t2 ON t1.action_id = t2.action_id SET claim_id=754, last_attempt_gmt='2026-03-31 18:30:09', last_attempt_local='2026-03-31 18:30:09'</p>
<p>Queries made or created this session were:</p>
<ol>
<li>Executing: BEGIN | (no parameters)</li>
<li>Executing: UPDATE wp_actionscheduler_actions t1 JOIN ( SELECT action_id from wp_actionscheduler_actions WHERE claim_id = 0 AND scheduled_date_gmt &lt;= :param0  AND status=:param1  ORDER BY priority ASC, attempts ASC, scheduled_date_gmt ASC, action_id ASC LIMIT 25 FOR UPDATE ) t2 ON t1.action_i CONTEXT: {"error":{"type":1,"file":"/var/www/html/wp-content/plugins/woocommerce/packages/action-scheduler/classes/data-stores/ActionScheduler_DBStore.php","line":1019},"remote-logging":true,"backtrace":[{"file":"/var/www/html/wp-content/plugins/woocommerce/includes/class-woocommerce.php","line":482,"function":"critical","class":"WC_Logger","type":"->"},{"function":"log_errors","class":"WooCommerce","type":"->"}]}
2026-03-31T18:31:12+00:00 CRITICAL Uncaught RuntimeException: Unable to claim actions. Database error: <div style="clear:both">&nbsp;</div>
<div class="queries" style="clear:both;margin-bottom:2px;border:red dotted thin;">
<p>MySQL query:</p>
<p>UPDATE wp_actionscheduler_actions t1 JOIN ( SELECT action_id from wp_actionscheduler_actions WHERE claim_id = 0 AND scheduled_date_gmt <= '2026-03-31 18:31:12' AND status='pending' ORDER BY priority ASC, attempts ASC, scheduled_date_gmt ASC, action_id ASC LIMIT 25 FOR UPDATE ) t2 ON t1.action_id = t2.action_id SET claim_id=755, last_attempt_gmt='2026-03-31 18:31:12', last_attempt_local='2026-03-31 18:31:12'</p>
<p>Queries made or created this session were:</p>
<ol>
<li>Executing: BEGIN | (no parameters)</li>
<li>Executing: UPDATE wp_actionscheduler_actions t1 JOIN ( SELECT action_id from wp_actionscheduler_actions WHERE claim_id = 0 AND scheduled_date_gmt &lt;= :param0  AND status=:param1  ORDER BY priority ASC, attempts ASC, scheduled_date_gmt ASC, action_id ASC LIMIT 25 FOR UPDATE ) t2 ON t1.action_i CONTEXT: {"error":{"type":1,"file":"/var/www/html/wp-content/plugins/woocommerce/packages/action-scheduler/classes/data-stores/ActionScheduler_DBStore.php","line":1019},"remote-logging":true,"backtrace":[{"file":"/var/www/html/wp-content/plugins/woocommerce/includes/class-woocommerce.php","line":482,"function":"critical","class":"WC_Logger","type":"->"},{"function":"log_errors","class":"WooCommerce","type":"->"}]}
2026-03-31T18:31:14+00:00 CRITICAL Uncaught RuntimeException: Unable to claim actions. Database error: <div style="clear:both">&nbsp;</div>
<div class="queries" style="clear:both;margin-bottom:2px;border:red dotted thin;">
<p>MySQL query:</p>
<p>UPDATE wp_actionscheduler_actions t1 JOIN ( SELECT action_id from wp_actionscheduler_actions WHERE claim_id = 0 AND scheduled_date_gmt <= '2026-03-31 18:31:14' AND status='pending' ORDER BY priority ASC, attempts ASC, scheduled_date_gmt ASC, action_id ASC LIMIT 25 FOR UPDATE ) t2 ON t1.action_id = t2.action_id SET claim_id=756, last_attempt_gmt='2026-03-31 18:31:14', last_attempt_local='2026-03-31 18:31:14'</p>
<p>Queries made or created this session were:</p>
<ol>
<li>Executing: BEGIN | (no parameters)</li>
<li>Executing: UPDATE wp_actionscheduler_actions t1 JOIN ( SELECT action_id from wp_actionscheduler_actions WHERE claim_id = 0 AND scheduled_date_gmt &lt;= :param0  AND status=:param1  ORDER BY priority ASC, attempts ASC, scheduled_date_gmt ASC, action_id ASC LIMIT 25 FOR UPDATE ) t2 ON t1.action_i CONTEXT: {"error":{"type":1,"file":"/var/www/html/wp-content/plugins/woocommerce/packages/action-scheduler/classes/data-stores/ActionScheduler_DBStore.php","line":1019},"remote-logging":true,"backtrace":[{"file":"/var/www/html/wp-content/plugins/woocommerce/includes/class-woocommerce.php","line":482,"function":"critical","class":"WC_Logger","type":"->"},{"function":"log_errors","class":"WooCommerce","type":"->"}]}
2026-03-31T18:31:58+00:00 CRITICAL Out of memory (allocated 4194304) (tried to allocate 4194304 bytes) CONTEXT: {"error":{"type":1,"file":"/var/www/html/wp-content/plugins/woocommerce/src/Internal/Orders/OrderStatusRestController.php","line":67},"remote-logging":true,"backtrace":[{"file":"/var/www/html/wp-content/plugins/woocommerce/includes/class-woocommerce.php","line":482,"function":"critical","class":"WC_Logger","type":"->"},{"function":"log_errors","class":"WooCommerce","type":"->"}]}
2026-03-31T18:32:15+00:00 CRITICAL Uncaught RuntimeException: Unable to claim actions. Database error: <div style="clear:both">&nbsp;</div>
<div class="queries" style="clear:both;margin-bottom:2px;border:red dotted thin;">
<p>MySQL query:</p>
<p>UPDATE wp_actionscheduler_actions t1 JOIN ( SELECT action_id from wp_actionscheduler_actions WHERE claim_id = 0 AND scheduled_date_gmt <= '2026-03-31 18:32:15' AND status='pending' ORDER BY priority ASC, attempts ASC, scheduled_date_gmt ASC, action_id ASC LIMIT 25 FOR UPDATE ) t2 ON t1.action_id = t2.action_id SET claim_id=757, last_attempt_gmt='2026-03-31 18:32:15', last_attempt_local='2026-03-31 18:32:15'</p>
<p>Queries made or created this session were:</p>
<ol>
<li>Executing: BEGIN | (no parameters)</li>
<li>Executing: UPDATE wp_actionscheduler_actions t1 JOIN ( SELECT action_id from wp_actionscheduler_actions WHERE claim_id = 0 AND scheduled_date_gmt &lt;= :param0  AND status=:param1  ORDER BY priority ASC, attempts ASC, scheduled_date_gmt ASC, action_id ASC LIMIT 25 FOR UPDATE ) t2 ON t1.action_i CONTEXT: {"error":{"type":1,"file":"/var/www/html/wp-content/plugins/woocommerce/packages/action-scheduler/classes/data-stores/ActionScheduler_DBStore.php","line":1019},"remote-logging":true,"backtrace":[{"file":"/var/www/html/wp-content/plugins/woocommerce/includes/class-woocommerce.php","line":482,"function":"critical","class":"WC_Logger","type":"->"},{"function":"log_errors","class":"WooCommerce","type":"->"}]}
2026-03-31T18:33:16+00:00 CRITICAL Uncaught RuntimeException: Unable to claim actions. Database error: <div style="clear:both">&nbsp;</div>
<div class="queries" style="clear:both;margin-bottom:2px;border:red dotted thin;">
<p>MySQL query:</p>
<p>UPDATE wp_actionscheduler_actions t1 JOIN ( SELECT action_id from wp_actionscheduler_actions WHERE claim_id = 0 AND scheduled_date_gmt <= '2026-03-31 18:33:16' AND status='pending' ORDER BY priority ASC, attempts ASC, scheduled_date_gmt ASC, action_id ASC LIMIT 25 FOR UPDATE ) t2 ON t1.action_id = t2.action_id SET claim_id=758, last_attempt_gmt='2026-03-31 18:33:16', last_attempt_local='2026-03-31 18:33:16'</p>
<p>Queries made or created this session were:</p>
<ol>
<li>Executing: BEGIN | (no parameters)</li>
<li>Executing: UPDATE wp_actionscheduler_actions t1 JOIN ( SELECT action_id from wp_actionscheduler_actions WHERE claim_id = 0 AND scheduled_date_gmt &lt;= :param0  AND status=:param1  ORDER BY priority ASC, attempts ASC, scheduled_date_gmt ASC, action_id ASC LIMIT 25 FOR UPDATE ) t2 ON t1.action_i CONTEXT: {"error":{"type":1,"file":"/var/www/html/wp-content/plugins/woocommerce/packages/action-scheduler/classes/data-stores/ActionScheduler_DBStore.php","line":1019},"remote-logging":true,"backtrace":[{"file":"/var/www/html/wp-content/plugins/woocommerce/includes/class-woocommerce.php","line":482,"function":"critical","class":"WC_Logger","type":"->"},{"function":"log_errors","class":"WooCommerce","type":"->"}]}
2026-03-31T18:33:17+00:00 CRITICAL Uncaught RuntimeException: Unable to claim actions. Database error: <div style="clear:both">&nbsp;</div>
<div class="queries" style="clear:both;margin-bottom:2px;border:red dotted thin;">
<p>MySQL query:</p>
<p>UPDATE wp_actionscheduler_actions t1 JOIN ( SELECT action_id from wp_actionscheduler_actions WHERE claim_id = 0 AND scheduled_date_gmt <= '2026-03-31 18:33:17' AND status='pending' ORDER BY priority ASC, attempts ASC, scheduled_date_gmt ASC, action_id ASC LIMIT 25 FOR UPDATE ) t2 ON t1.action_id = t2.action_id SET claim_id=759, last_attempt_gmt='2026-03-31 18:33:17', last_attempt_local='2026-03-31 18:33:17'</p>
<p>Queries made or created this session were:</p>
<ol>
<li>Executing: BEGIN | (no parameters)</li>
<li>Executing: UPDATE wp_actionscheduler_actions t1 JOIN ( SELECT action_id from wp_actionscheduler_actions WHERE claim_id = 0 AND scheduled_date_gmt &lt;= :param0  AND status=:param1  ORDER BY priority ASC, attempts ASC, scheduled_date_gmt ASC, action_id ASC LIMIT 25 FOR UPDATE ) t2 ON t1.action_i CONTEXT: {"error":{"type":1,"file":"/var/www/html/wp-content/plugins/woocommerce/packages/action-scheduler/classes/data-stores/ActionScheduler_DBStore.php","line":1019},"remote-logging":true,"backtrace":[{"file":"/var/www/html/wp-content/plugins/woocommerce/includes/class-woocommerce.php","line":482,"function":"critical","class":"WC_Logger","type":"->"},{"function":"log_errors","class":"WooCommerce","type":"->"}]}
2026-03-31T18:35:38+00:00 CRITICAL Uncaught RuntimeException: Unable to claim actions. Database error: <div style="clear:both">&nbsp;</div>
<div class="queries" style="clear:both;margin-bottom:2px;border:red dotted thin;">
<p>MySQL query:</p>
<p>UPDATE wp_actionscheduler_actions t1 JOIN ( SELECT action_id from wp_actionscheduler_actions WHERE claim_id = 0 AND scheduled_date_gmt <= '2026-03-31 18:35:38' AND status='pending' ORDER BY priority ASC, attempts ASC, scheduled_date_gmt ASC, action_id ASC LIMIT 25 FOR UPDATE ) t2 ON t1.action_id = t2.action_id SET claim_id=760, last_attempt_gmt='2026-03-31 18:35:38', last_attempt_local='2026-03-31 18:35:38'</p>
<p>Queries made or created this session were:</p>
<ol>
<li>Executing: BEGIN | (no parameters)</li>
<li>Executing: UPDATE wp_actionscheduler_actions t1 JOIN ( SELECT action_id from wp_actionscheduler_actions WHERE claim_id = 0 AND scheduled_date_gmt &lt;= :param0  AND status=:param1  ORDER BY priority ASC, attempts ASC, scheduled_date_gmt ASC, action_id ASC LIMIT 25 FOR UPDATE ) t2 ON t1.action_i CONTEXT: {"error":{"type":1,"file":"/var/www/html/wp-content/plugins/woocommerce/packages/action-scheduler/classes/data-stores/ActionScheduler_DBStore.php","line":1019},"remote-logging":true,"backtrace":[{"file":"/var/www/html/wp-content/plugins/woocommerce/includes/class-woocommerce.php","line":482,"function":"critical","class":"WC_Logger","type":"->"},{"function":"log_errors","class":"WooCommerce","type":"->"}]}
2026-03-31T18:35:39+00:00 CRITICAL Uncaught RuntimeException: Unable to claim actions. Database error: <div style="clear:both">&nbsp;</div>
<div class="queries" style="clear:both;margin-bottom:2px;border:red dotted thin;">
<p>MySQL query:</p>
<p>UPDATE wp_actionscheduler_actions t1 JOIN ( SELECT action_id from wp_actionscheduler_actions WHERE claim_id = 0 AND scheduled_date_gmt <= '2026-03-31 18:35:39' AND status='pending' ORDER BY priority ASC, attempts ASC, scheduled_date_gmt ASC, action_id ASC LIMIT 25 FOR UPDATE ) t2 ON t1.action_id = t2.action_id SET claim_id=761, last_attempt_gmt='2026-03-31 18:35:39', last_attempt_local='2026-03-31 18:35:39'</p>
<p>Queries made or created this session were:</p>
<ol>
<li>Executing: BEGIN | (no parameters)</li>
<li>Executing: UPDATE wp_actionscheduler_actions t1 JOIN ( SELECT action_id from wp_actionscheduler_actions WHERE claim_id = 0 AND scheduled_date_gmt &lt;= :param0  AND status=:param1  ORDER BY priority ASC, attempts ASC, scheduled_date_gmt ASC, action_id ASC LIMIT 25 FOR UPDATE ) t2 ON t1.action_i CONTEXT: {"error":{"type":1,"file":"/var/www/html/wp-content/plugins/woocommerce/packages/action-scheduler/classes/data-stores/ActionScheduler_DBStore.php","line":1019},"remote-logging":true,"backtrace":[{"file":"/var/www/html/wp-content/plugins/woocommerce/includes/class-woocommerce.php","line":482,"function":"critical","class":"WC_Logger","type":"->"},{"function":"log_errors","class":"WooCommerce","type":"->"}]}
2026-03-31T18:41:00+00:00 CRITICAL Uncaught RuntimeException: Unable to claim actions. Database error: <div style="clear:both">&nbsp;</div>
<div class="queries" style="clear:both;margin-bottom:2px;border:red dotted thin;">
<p>MySQL query:</p>
<p>UPDATE wp_actionscheduler_actions t1 JOIN ( SELECT action_id from wp_actionscheduler_actions WHERE claim_id = 0 AND scheduled_date_gmt <= '2026-03-31 18:41:00' AND status='pending' ORDER BY priority ASC, attempts ASC, scheduled_date_gmt ASC, action_id ASC LIMIT 25 FOR UPDATE ) t2 ON t1.action_id = t2.action_id SET claim_id=762, last_attempt_gmt='2026-03-31 18:41:00', last_attempt_local='2026-03-31 18:41:00'</p>
<p>Queries made or created this session were:</p>
<ol>
<li>Executing: BEGIN | (no parameters)</li>
<li>Executing: UPDATE wp_actionscheduler_actions t1 JOIN ( SELECT action_id from wp_actionscheduler_actions WHERE claim_id = 0 AND scheduled_date_gmt &lt;= :param0  AND status=:param1  ORDER BY priority ASC, attempts ASC, scheduled_date_gmt ASC, action_id ASC LIMIT 25 FOR UPDATE ) t2 ON t1.action_i CONTEXT: {"error":{"type":1,"file":"/var/www/html/wp-content/plugins/woocommerce/packages/action-scheduler/classes/data-stores/ActionScheduler_DBStore.php","line":1019},"remote-logging":true,"backtrace":[{"file":"/var/www/html/wp-content/plugins/woocommerce/includes/class-woocommerce.php","line":482,"function":"critical","class":"WC_Logger","type":"->"},{"function":"log_errors","class":"WooCommerce","type":"->"}]}
2026-03-31T18:42:01+00:00 CRITICAL Uncaught RuntimeException: Unable to claim actions. Database error: <div style="clear:both">&nbsp;</div>
<div class="queries" style="clear:both;margin-bottom:2px;border:red dotted thin;">
<p>MySQL query:</p>
<p>UPDATE wp_actionscheduler_actions t1 JOIN ( SELECT action_id from wp_actionscheduler_actions WHERE claim_id = 0 AND scheduled_date_gmt <= '2026-03-31 18:42:01' AND status='pending' ORDER BY priority ASC, attempts ASC, scheduled_date_gmt ASC, action_id ASC LIMIT 25 FOR UPDATE ) t2 ON t1.action_id = t2.action_id SET claim_id=763, last_attempt_gmt='2026-03-31 18:42:01', last_attempt_local='2026-03-31 18:42:01'</p>
<p>Queries made or created this session were:</p>
<ol>
<li>Executing: BEGIN | (no parameters)</li>
<li>Executing: UPDATE wp_actionscheduler_actions t1 JOIN ( SELECT action_id from wp_actionscheduler_actions WHERE claim_id = 0 AND scheduled_date_gmt &lt;= :param0  AND status=:param1  ORDER BY priority ASC, attempts ASC, scheduled_date_gmt ASC, action_id ASC LIMIT 25 FOR UPDATE ) t2 ON t1.action_i CONTEXT: {"error":{"type":1,"file":"/var/www/html/wp-content/plugins/woocommerce/packages/action-scheduler/classes/data-stores/ActionScheduler_DBStore.php","line":1019},"remote-logging":true,"backtrace":[{"file":"/var/www/html/wp-content/plugins/woocommerce/includes/class-woocommerce.php","line":482,"function":"critical","class":"WC_Logger","type":"->"},{"function":"log_errors","class":"WooCommerce","type":"->"}]}
2026-03-31T18:42:02+00:00 CRITICAL Uncaught RuntimeException: Unable to claim actions. Database error: <div style="clear:both">&nbsp;</div>
<div class="queries" style="clear:both;margin-bottom:2px;border:red dotted thin;">
<p>MySQL query:</p>
<p>UPDATE wp_actionscheduler_actions t1 JOIN ( SELECT action_id from wp_actionscheduler_actions WHERE claim_id = 0 AND scheduled_date_gmt <= '2026-03-31 18:42:02' AND status='pending' ORDER BY priority ASC, attempts ASC, scheduled_date_gmt ASC, action_id ASC LIMIT 25 FOR UPDATE ) t2 ON t1.action_id = t2.action_id SET claim_id=764, last_attempt_gmt='2026-03-31 18:42:02', last_attempt_local='2026-03-31 18:42:02'</p>
<p>Queries made or created this session were:</p>
<ol>
<li>Executing: BEGIN | (no parameters)</li>
<li>Executing: UPDATE wp_actionscheduler_actions t1 JOIN ( SELECT action_id from wp_actionscheduler_actions WHERE claim_id = 0 AND scheduled_date_gmt &lt;= :param0  AND status=:param1  ORDER BY priority ASC, attempts ASC, scheduled_date_gmt ASC, action_id ASC LIMIT 25 FOR UPDATE ) t2 ON t1.action_i CONTEXT: {"error":{"type":1,"file":"/var/www/html/wp-content/plugins/woocommerce/packages/action-scheduler/classes/data-stores/ActionScheduler_DBStore.php","line":1019},"remote-logging":true,"backtrace":[{"file":"/var/www/html/wp-content/plugins/woocommerce/includes/class-woocommerce.php","line":482,"function":"critical","class":"WC_Logger","type":"->"},{"function":"log_errors","class":"WooCommerce","type":"->"}]}
2026-03-31T18:43:09+00:00 CRITICAL Uncaught RuntimeException: Unable to claim actions. Database error: <div style="clear:both">&nbsp;</div>
<div class="queries" style="clear:both;margin-bottom:2px;border:red dotted thin;">
<p>MySQL query:</p>
<p>UPDATE wp_actionscheduler_actions t1 JOIN ( SELECT action_id from wp_actionscheduler_actions WHERE claim_id = 0 AND scheduled_date_gmt <= '2026-03-31 18:43:09' AND status='pending' ORDER BY priority ASC, attempts ASC, scheduled_date_gmt ASC, action_id ASC LIMIT 25 FOR UPDATE ) t2 ON t1.action_id = t2.action_id SET claim_id=765, last_attempt_gmt='2026-03-31 18:43:09', last_attempt_local='2026-03-31 18:43:09'</p>
<p>Queries made or created this session were:</p>
<ol>
<li>Executing: BEGIN | (no parameters)</li>
<li>Executing: UPDATE wp_actionscheduler_actions t1 JOIN ( SELECT action_id from wp_actionscheduler_actions WHERE claim_id = 0 AND scheduled_date_gmt &lt;= :param0  AND status=:param1  ORDER BY priority ASC, attempts ASC, scheduled_date_gmt ASC, action_id ASC LIMIT 25 FOR UPDATE ) t2 ON t1.action_i CONTEXT: {"error":{"type":1,"file":"/var/www/html/wp-content/plugins/woocommerce/packages/action-scheduler/classes/data-stores/ActionScheduler_DBStore.php","line":1019},"remote-logging":true,"backtrace":[{"file":"/var/www/html/wp-content/plugins/woocommerce/includes/class-woocommerce.php","line":482,"function":"critical","class":"WC_Logger","type":"->"},{"function":"log_errors","class":"WooCommerce","type":"->"}]}
2026-03-31T18:43:11+00:00 CRITICAL Uncaught RuntimeException: Unable to claim actions. Database error: <div style="clear:both">&nbsp;</div>
<div class="queries" style="clear:both;margin-bottom:2px;border:red dotted thin;">
<p>MySQL query:</p>
<p>UPDATE wp_actionscheduler_actions t1 JOIN ( SELECT action_id from wp_actionscheduler_actions WHERE claim_id = 0 AND scheduled_date_gmt <= '2026-03-31 18:43:11' AND status='pending' ORDER BY priority ASC, attempts ASC, scheduled_date_gmt ASC, action_id ASC LIMIT 25 FOR UPDATE ) t2 ON t1.action_id = t2.action_id SET claim_id=766, last_attempt_gmt='2026-03-31 18:43:11', last_attempt_local='2026-03-31 18:43:11'</p>
<p>Queries made or created this session were:</p>
<ol>
<li>Executing: BEGIN | (no parameters)</li>
<li>Executing: UPDATE wp_actionscheduler_actions t1 JOIN ( SELECT action_id from wp_actionscheduler_actions WHERE claim_id = 0 AND scheduled_date_gmt &lt;= :param0  AND status=:param1  ORDER BY priority ASC, attempts ASC, scheduled_date_gmt ASC, action_id ASC LIMIT 25 FOR UPDATE ) t2 ON t1.action_i CONTEXT: {"error":{"type":1,"file":"/var/www/html/wp-content/plugins/woocommerce/packages/action-scheduler/classes/data-stores/ActionScheduler_DBStore.php","line":1019},"remote-logging":true,"backtrace":[{"file":"/var/www/html/wp-content/plugins/woocommerce/includes/class-woocommerce.php","line":482,"function":"critical","class":"WC_Logger","type":"->"},{"function":"log_errors","class":"WooCommerce","type":"->"}]}
2026-03-31T18:44:32+00:00 CRITICAL Uncaught RuntimeException: Unable to claim actions. Database error: <div style="clear:both">&nbsp;</div>
<div class="queries" style="clear:both;margin-bottom:2px;border:red dotted thin;">
<p>MySQL query:</p>
<p>UPDATE wp_actionscheduler_actions t1 JOIN ( SELECT action_id from wp_actionscheduler_actions WHERE claim_id = 0 AND scheduled_date_gmt <= '2026-03-31 18:44:32' AND status='pending' ORDER BY priority ASC, attempts ASC, scheduled_date_gmt ASC, action_id ASC LIMIT 25 FOR UPDATE ) t2 ON t1.action_id = t2.action_id SET claim_id=767, last_attempt_gmt='2026-03-31 18:44:32', last_attempt_local='2026-03-31 18:44:32'</p>
<p>Queries made or created this session were:</p>
<ol>
<li>Executing: BEGIN | (no parameters)</li>
<li>Executing: UPDATE wp_actionscheduler_actions t1 JOIN ( SELECT action_id from wp_actionscheduler_actions WHERE claim_id = 0 AND scheduled_date_gmt &lt;= :param0  AND status=:param1  ORDER BY priority ASC, attempts ASC, scheduled_date_gmt ASC, action_id ASC LIMIT 25 FOR UPDATE ) t2 ON t1.action_i CONTEXT: {"error":{"type":1,"file":"/var/www/html/wp-content/plugins/woocommerce/packages/action-scheduler/classes/data-stores/ActionScheduler_DBStore.php","line":1019},"remote-logging":true,"backtrace":[{"file":"/var/www/html/wp-content/plugins/woocommerce/includes/class-woocommerce.php","line":482,"function":"critical","class":"WC_Logger","type":"->"},{"function":"log_errors","class":"WooCommerce","type":"->"}]}
2026-03-31T18:44:33+00:00 CRITICAL Uncaught RuntimeException: Unable to claim actions. Database error: <div style="clear:both">&nbsp;</div>
<div class="queries" style="clear:both;margin-bottom:2px;border:red dotted thin;">
<p>MySQL query:</p>
<p>UPDATE wp_actionscheduler_actions t1 JOIN ( SELECT action_id from wp_actionscheduler_actions WHERE claim_id = 0 AND scheduled_date_gmt <= '2026-03-31 18:44:33' AND status='pending' ORDER BY priority ASC, attempts ASC, scheduled_date_gmt ASC, action_id ASC LIMIT 25 FOR UPDATE ) t2 ON t1.action_id = t2.action_id SET claim_id=768, last_attempt_gmt='2026-03-31 18:44:33', last_attempt_local='2026-03-31 18:44:33'</p>
<p>Queries made or created this session were:</p>
<ol>
<li>Executing: BEGIN | (no parameters)</li>
<li>Executing: UPDATE wp_actionscheduler_actions t1 JOIN ( SELECT action_id from wp_actionscheduler_actions WHERE claim_id = 0 AND scheduled_date_gmt &lt;= :param0  AND status=:param1  ORDER BY priority ASC, attempts ASC, scheduled_date_gmt ASC, action_id ASC LIMIT 25 FOR UPDATE ) t2 ON t1.action_i CONTEXT: {"error":{"type":1,"file":"/var/www/html/wp-content/plugins/woocommerce/packages/action-scheduler/classes/data-stores/ActionScheduler_DBStore.php","line":1019},"remote-logging":true,"backtrace":[{"file":"/var/www/html/wp-content/plugins/woocommerce/includes/class-woocommerce.php","line":482,"function":"critical","class":"WC_Logger","type":"->"},{"function":"log_errors","class":"WooCommerce","type":"->"}]}
2026-03-31T18:46:01+00:00 CRITICAL Uncaught RuntimeException: Unable to claim actions. Database error: <div style="clear:both">&nbsp;</div>
<div class="queries" style="clear:both;margin-bottom:2px;border:red dotted thin;">
<p>MySQL query:</p>
<p>UPDATE wp_actionscheduler_actions t1 JOIN ( SELECT action_id from wp_actionscheduler_actions WHERE claim_id = 0 AND scheduled_date_gmt <= '2026-03-31 18:46:01' AND status='pending' ORDER BY priority ASC, attempts ASC, scheduled_date_gmt ASC, action_id ASC LIMIT 25 FOR UPDATE ) t2 ON t1.action_id = t2.action_id SET claim_id=769, last_attempt_gmt='2026-03-31 18:46:01', last_attempt_local='2026-03-31 18:46:01'</p>
<p>Queries made or created this session were:</p>
<ol>
<li>Executing: BEGIN | (no parameters)</li>
<li>Executing: UPDATE wp_actionscheduler_actions t1 JOIN ( SELECT action_id from wp_actionscheduler_actions WHERE claim_id = 0 AND scheduled_date_gmt &lt;= :param0  AND status=:param1  ORDER BY priority ASC, attempts ASC, scheduled_date_gmt ASC, action_id ASC LIMIT 25 FOR UPDATE ) t2 ON t1.action_i CONTEXT: {"error":{"type":1,"file":"/var/www/html/wp-content/plugins/woocommerce/packages/action-scheduler/classes/data-stores/ActionScheduler_DBStore.php","line":1019},"remote-logging":true,"backtrace":[{"file":"/var/www/html/wp-content/plugins/woocommerce/includes/class-woocommerce.php","line":482,"function":"critical","class":"WC_Logger","type":"->"},{"function":"log_errors","class":"WooCommerce","type":"->"}]}
2026-03-31T18:46:32+00:00 CRITICAL Uncaught RuntimeException: Unable to claim actions. Database error: <div style="clear:both">&nbsp;</div>
<div class="queries" style="clear:both;margin-bottom:2px;border:red dotted thin;">
<p>MySQL query:</p>
<p>UPDATE wp_actionscheduler_actions t1 JOIN ( SELECT action_id from wp_actionscheduler_actions WHERE claim_id = 0 AND scheduled_date_gmt <= '2026-03-31 18:46:32' AND status='pending' ORDER BY priority ASC, attempts ASC, scheduled_date_gmt ASC, action_id ASC LIMIT 25 FOR UPDATE ) t2 ON t1.action_id = t2.action_id SET claim_id=770, last_attempt_gmt='2026-03-31 18:46:32', last_attempt_local='2026-03-31 18:46:32'</p>
<p>Queries made or created this session were:</p>
<ol>
<li>Executing: BEGIN | (no parameters)</li>
<li>Executing: UPDATE wp_actionscheduler_actions t1 JOIN ( SELECT action_id from wp_actionscheduler_actions WHERE claim_id = 0 AND scheduled_date_gmt &lt;= :param0  AND status=:param1  ORDER BY priority ASC, attempts ASC, scheduled_date_gmt ASC, action_id ASC LIMIT 25 FOR UPDATE ) t2 ON t1.action_i CONTEXT: {"error":{"type":1,"file":"/var/www/html/wp-content/plugins/woocommerce/packages/action-scheduler/classes/data-stores/ActionScheduler_DBStore.php","line":1019},"remote-logging":true,"backtrace":[{"file":"/var/www/html/wp-content/plugins/woocommerce/includes/class-woocommerce.php","line":482,"function":"critical","class":"WC_Logger","type":"->"},{"function":"log_errors","class":"WooCommerce","type":"->"}]}
2026-03-31T18:47:23+00:00 CRITICAL Uncaught RuntimeException: Unable to claim actions. Database error: <div style="clear:both">&nbsp;</div>
<div class="queries" style="clear:both;margin-bottom:2px;border:red dotted thin;">
<p>MySQL query:</p>
<p>UPDATE wp_actionscheduler_actions t1 JOIN ( SELECT action_id from wp_actionscheduler_actions WHERE claim_id = 0 AND scheduled_date_gmt <= '2026-03-31 18:47:23' AND status='pending' ORDER BY priority ASC, attempts ASC, scheduled_date_gmt ASC, action_id ASC LIMIT 25 FOR UPDATE ) t2 ON t1.action_id = t2.action_id SET claim_id=771, last_attempt_gmt='2026-03-31 18:47:23', last_attempt_local='2026-03-31 18:47:23'</p>
<p>Queries made or created this session were:</p>
<ol>
<li>Executing: BEGIN | (no parameters)</li>
<li>Executing: UPDATE wp_actionscheduler_actions t1 JOIN ( SELECT action_id from wp_actionscheduler_actions WHERE claim_id = 0 AND scheduled_date_gmt &lt;= :param0  AND status=:param1  ORDER BY priority ASC, attempts ASC, scheduled_date_gmt ASC, action_id ASC LIMIT 25 FOR UPDATE ) t2 ON t1.action_i CONTEXT: {"error":{"type":1,"file":"/var/www/html/wp-content/plugins/woocommerce/packages/action-scheduler/classes/data-stores/ActionScheduler_DBStore.php","line":1019},"remote-logging":true,"backtrace":[{"file":"/var/www/html/wp-content/plugins/woocommerce/includes/class-woocommerce.php","line":482,"function":"critical","class":"WC_Logger","type":"->"},{"function":"log_errors","class":"WooCommerce","type":"->"}]}
2026-03-31T18:48:33+00:00 CRITICAL Uncaught RuntimeException: Unable to claim actions. Database error: <div style="clear:both">&nbsp;</div>
<div class="queries" style="clear:both;margin-bottom:2px;border:red dotted thin;">
<p>MySQL query:</p>
<p>UPDATE wp_actionscheduler_actions t1 JOIN ( SELECT action_id from wp_actionscheduler_actions WHERE claim_id = 0 AND scheduled_date_gmt <= '2026-03-31 18:48:33' AND status='pending' ORDER BY priority ASC, attempts ASC, scheduled_date_gmt ASC, action_id ASC LIMIT 25 FOR UPDATE ) t2 ON t1.action_id = t2.action_id SET claim_id=772, last_attempt_gmt='2026-03-31 18:48:33', last_attempt_local='2026-03-31 18:48:33'</p>
<p>Queries made or created this session were:</p>
<ol>
<li>Executing: BEGIN | (no parameters)</li>
<li>Executing: UPDATE wp_actionscheduler_actions t1 JOIN ( SELECT action_id from wp_actionscheduler_actions WHERE claim_id = 0 AND scheduled_date_gmt &lt;= :param0  AND status=:param1  ORDER BY priority ASC, attempts ASC, scheduled_date_gmt ASC, action_id ASC LIMIT 25 FOR UPDATE ) t2 ON t1.action_i CONTEXT: {"error":{"type":1,"file":"/var/www/html/wp-content/plugins/woocommerce/packages/action-scheduler/classes/data-stores/ActionScheduler_DBStore.php","line":1019},"remote-logging":true,"backtrace":[{"file":"/var/www/html/wp-content/plugins/woocommerce/includes/class-woocommerce.php","line":482,"function":"critical","class":"WC_Logger","type":"->"},{"function":"log_errors","class":"WooCommerce","type":"->"}]}
2026-03-31T18:48:34+00:00 CRITICAL Uncaught RuntimeException: Unable to claim actions. Database error: <div style="clear:both">&nbsp;</div>
<div class="queries" style="clear:both;margin-bottom:2px;border:red dotted thin;">
<p>MySQL query:</p>
<p>UPDATE wp_actionscheduler_actions t1 JOIN ( SELECT action_id from wp_actionscheduler_actions WHERE claim_id = 0 AND scheduled_date_gmt <= '2026-03-31 18:48:34' AND status='pending' ORDER BY priority ASC, attempts ASC, scheduled_date_gmt ASC, action_id ASC LIMIT 25 FOR UPDATE ) t2 ON t1.action_id = t2.action_id SET claim_id=773, last_attempt_gmt='2026-03-31 18:48:34', last_attempt_local='2026-03-31 18:48:34'</p>
<p>Queries made or created this session were:</p>
<ol>
<li>Executing: BEGIN | (no parameters)</li>
<li>Executing: UPDATE wp_actionscheduler_actions t1 JOIN ( SELECT action_id from wp_actionscheduler_actions WHERE claim_id = 0 AND scheduled_date_gmt &lt;= :param0  AND status=:param1  ORDER BY priority ASC, attempts ASC, scheduled_date_gmt ASC, action_id ASC LIMIT 25 FOR UPDATE ) t2 ON t1.action_i CONTEXT: {"error":{"type":1,"file":"/var/www/html/wp-content/plugins/woocommerce/packages/action-scheduler/classes/data-stores/ActionScheduler_DBStore.php","line":1019},"remote-logging":true,"backtrace":[{"file":"/var/www/html/wp-content/plugins/woocommerce/includes/class-woocommerce.php","line":482,"function":"critical","class":"WC_Logger","type":"->"},{"function":"log_errors","class":"WooCommerce","type":"->"}]}
2026-03-31T18:49:35+00:00 CRITICAL Uncaught RuntimeException: Unable to claim actions. Database error: <div style="clear:both">&nbsp;</div>
<div class="queries" style="clear:both;margin-bottom:2px;border:red dotted thin;">
<p>MySQL query:</p>
<p>UPDATE wp_actionscheduler_actions t1 JOIN ( SELECT action_id from wp_actionscheduler_actions WHERE claim_id = 0 AND scheduled_date_gmt <= '2026-03-31 18:49:35' AND status='pending' ORDER BY priority ASC, attempts ASC, scheduled_date_gmt ASC, action_id ASC LIMIT 25 FOR UPDATE ) t2 ON t1.action_id = t2.action_id SET claim_id=774, last_attempt_gmt='2026-03-31 18:49:35', last_attempt_local='2026-03-31 18:49:35'</p>
<p>Queries made or created this session were:</p>
<ol>
<li>Executing: BEGIN | (no parameters)</li>
<li>Executing: UPDATE wp_actionscheduler_actions t1 JOIN ( SELECT action_id from wp_actionscheduler_actions WHERE claim_id = 0 AND scheduled_date_gmt &lt;= :param0  AND status=:param1  ORDER BY priority ASC, attempts ASC, scheduled_date_gmt ASC, action_id ASC LIMIT 25 FOR UPDATE ) t2 ON t1.action_i CONTEXT: {"error":{"type":1,"file":"/var/www/html/wp-content/plugins/woocommerce/packages/action-scheduler/classes/data-stores/ActionScheduler_DBStore.php","line":1019},"remote-logging":true,"backtrace":[{"file":"/var/www/html/wp-content/plugins/woocommerce/includes/class-woocommerce.php","line":482,"function":"critical","class":"WC_Logger","type":"->"},{"function":"log_errors","class":"WooCommerce","type":"->"}]}
2026-03-31T18:50:34+00:00 CRITICAL Uncaught RuntimeException: Unable to claim actions. Database error: <div style="clear:both">&nbsp;</div>
<div class="queries" style="clear:both;margin-bottom:2px;border:red dotted thin;">
<p>MySQL query:</p>
<p>UPDATE wp_actionscheduler_actions t1 JOIN ( SELECT action_id from wp_actionscheduler_actions WHERE claim_id = 0 AND scheduled_date_gmt <= '2026-03-31 18:50:34' AND status='pending' ORDER BY priority ASC, attempts ASC, scheduled_date_gmt ASC, action_id ASC LIMIT 25 FOR UPDATE ) t2 ON t1.action_id = t2.action_id SET claim_id=775, last_attempt_gmt='2026-03-31 18:50:34', last_attempt_local='2026-03-31 18:50:34'</p>
<p>Queries made or created this session were:</p>
<ol>
<li>Executing: BEGIN | (no parameters)</li>
<li>Executing: UPDATE wp_actionscheduler_actions t1 JOIN ( SELECT action_id from wp_actionscheduler_actions WHERE claim_id = 0 AND scheduled_date_gmt &lt;= :param0  AND status=:param1  ORDER BY priority ASC, attempts ASC, scheduled_date_gmt ASC, action_id ASC LIMIT 25 FOR UPDATE ) t2 ON t1.action_i CONTEXT: {"error":{"type":1,"file":"/var/www/html/wp-content/plugins/woocommerce/packages/action-scheduler/classes/data-stores/ActionScheduler_DBStore.php","line":1019},"remote-logging":true,"backtrace":[{"file":"/var/www/html/wp-content/plugins/woocommerce/includes/class-woocommerce.php","line":482,"function":"critical","class":"WC_Logger","type":"->"},{"function":"log_errors","class":"WooCommerce","type":"->"}]}
2026-03-31T18:51:42+00:00 CRITICAL Uncaught RuntimeException: Unable to claim actions. Database error: <div style="clear:both">&nbsp;</div>
<div class="queries" style="clear:both;margin-bottom:2px;border:red dotted thin;">
<p>MySQL query:</p>
<p>UPDATE wp_actionscheduler_actions t1 JOIN ( SELECT action_id from wp_actionscheduler_actions WHERE claim_id = 0 AND scheduled_date_gmt <= '2026-03-31 18:51:42' AND status='pending' ORDER BY priority ASC, attempts ASC, scheduled_date_gmt ASC, action_id ASC LIMIT 25 FOR UPDATE ) t2 ON t1.action_id = t2.action_id SET claim_id=776, last_attempt_gmt='2026-03-31 18:51:42', last_attempt_local='2026-03-31 18:51:42'</p>
<p>Queries made or created this session were:</p>
<ol>
<li>Executing: BEGIN | (no parameters)</li>
<li>Executing: UPDATE wp_actionscheduler_actions t1 JOIN ( SELECT action_id from wp_actionscheduler_actions WHERE claim_id = 0 AND scheduled_date_gmt &lt;= :param0  AND status=:param1  ORDER BY priority ASC, attempts ASC, scheduled_date_gmt ASC, action_id ASC LIMIT 25 FOR UPDATE ) t2 ON t1.action_i CONTEXT: {"error":{"type":1,"file":"/var/www/html/wp-content/plugins/woocommerce/packages/action-scheduler/classes/data-stores/ActionScheduler_DBStore.php","line":1019},"remote-logging":true,"backtrace":[{"file":"/var/www/html/wp-content/plugins/woocommerce/includes/class-woocommerce.php","line":482,"function":"critical","class":"WC_Logger","type":"->"},{"function":"log_errors","class":"WooCommerce","type":"->"}]}
2026-03-31T18:53:51+00:00 CRITICAL Uncaught RuntimeException: Unable to claim actions. Database error: <div style="clear:both">&nbsp;</div>
<div class="queries" style="clear:both;margin-bottom:2px;border:red dotted thin;">
<p>MySQL query:</p>
<p>UPDATE wp_actionscheduler_actions t1 JOIN ( SELECT action_id from wp_actionscheduler_actions WHERE claim_id = 0 AND scheduled_date_gmt <= '2026-03-31 18:53:51' AND status='pending' ORDER BY priority ASC, attempts ASC, scheduled_date_gmt ASC, action_id ASC LIMIT 25 FOR UPDATE ) t2 ON t1.action_id = t2.action_id SET claim_id=777, last_attempt_gmt='2026-03-31 18:53:51', last_attempt_local='2026-03-31 18:53:51'</p>
<p>Queries made or created this session were:</p>
<ol>
<li>Executing: BEGIN | (no parameters)</li>
<li>Executing: UPDATE wp_actionscheduler_actions t1 JOIN ( SELECT action_id from wp_actionscheduler_actions WHERE claim_id = 0 AND scheduled_date_gmt &lt;= :param0  AND status=:param1  ORDER BY priority ASC, attempts ASC, scheduled_date_gmt ASC, action_id ASC LIMIT 25 FOR UPDATE ) t2 ON t1.action_i CONTEXT: {"error":{"type":1,"file":"/var/www/html/wp-content/plugins/woocommerce/packages/action-scheduler/classes/data-stores/ActionScheduler_DBStore.php","line":1019},"remote-logging":true,"backtrace":[{"file":"/var/www/html/wp-content/plugins/woocommerce/includes/class-woocommerce.php","line":482,"function":"critical","class":"WC_Logger","type":"->"},{"function":"log_errors","class":"WooCommerce","type":"->"}]}
2026-03-31T18:54:47+00:00 CRITICAL Uncaught RuntimeException: Unable to claim actions. Database error: <div style="clear:both">&nbsp;</div>
<div class="queries" style="clear:both;margin-bottom:2px;border:red dotted thin;">
<p>MySQL query:</p>
<p>UPDATE wp_actionscheduler_actions t1 JOIN ( SELECT action_id from wp_actionscheduler_actions WHERE claim_id = 0 AND scheduled_date_gmt <= '2026-03-31 18:54:47' AND status='pending' ORDER BY priority ASC, attempts ASC, scheduled_date_gmt ASC, action_id ASC LIMIT 25 FOR UPDATE ) t2 ON t1.action_id = t2.action_id SET claim_id=778, last_attempt_gmt='2026-03-31 18:54:47', last_attempt_local='2026-03-31 18:54:47'</p>
<p>Queries made or created this session were:</p>
<ol>
<li>Executing: BEGIN | (no parameters)</li>
<li>Executing: UPDATE wp_actionscheduler_actions t1 JOIN ( SELECT action_id from wp_actionscheduler_actions WHERE claim_id = 0 AND scheduled_date_gmt &lt;= :param0  AND status=:param1  ORDER BY priority ASC, attempts ASC, scheduled_date_gmt ASC, action_id ASC LIMIT 25 FOR UPDATE ) t2 ON t1.action_i CONTEXT: {"error":{"type":1,"file":"/var/www/html/wp-content/plugins/woocommerce/packages/action-scheduler/classes/data-stores/ActionScheduler_DBStore.php","line":1019},"remote-logging":true,"backtrace":[{"file":"/var/www/html/wp-content/plugins/woocommerce/includes/class-woocommerce.php","line":482,"function":"critical","class":"WC_Logger","type":"->"},{"function":"log_errors","class":"WooCommerce","type":"->"}]}
2026-03-31T18:54:53+00:00 CRITICAL Uncaught RuntimeException: Unable to claim actions. Database error: <div style="clear:both">&nbsp;</div>
<div class="queries" style="clear:both;margin-bottom:2px;border:red dotted thin;">
<p>MySQL query:</p>
<p>UPDATE wp_actionscheduler_actions t1 JOIN ( SELECT action_id from wp_actionscheduler_actions WHERE claim_id = 0 AND scheduled_date_gmt <= '2026-03-31 18:54:53' AND status='pending' ORDER BY priority ASC, attempts ASC, scheduled_date_gmt ASC, action_id ASC LIMIT 25 FOR UPDATE ) t2 ON t1.action_id = t2.action_id SET claim_id=779, last_attempt_gmt='2026-03-31 18:54:53', last_attempt_local='2026-03-31 18:54:53'</p>
<p>Queries made or created this session were:</p>
<ol>
<li>Executing: BEGIN | (no parameters)</li>
<li>Executing: UPDATE wp_actionscheduler_actions t1 JOIN ( SELECT action_id from wp_actionscheduler_actions WHERE claim_id = 0 AND scheduled_date_gmt &lt;= :param0  AND status=:param1  ORDER BY priority ASC, attempts ASC, scheduled_date_gmt ASC, action_id ASC LIMIT 25 FOR UPDATE ) t2 ON t1.action_i CONTEXT: {"error":{"type":1,"file":"/var/www/html/wp-content/plugins/woocommerce/packages/action-scheduler/classes/data-stores/ActionScheduler_DBStore.php","line":1019},"remote-logging":true,"backtrace":[{"file":"/var/www/html/wp-content/plugins/woocommerce/includes/class-woocommerce.php","line":482,"function":"critical","class":"WC_Logger","type":"->"},{"function":"log_errors","class":"WooCommerce","type":"->"}]}
2026-03-31T18:55:47+00:00 CRITICAL Uncaught RuntimeException: Unable to claim actions. Database error: <div style="clear:both">&nbsp;</div>
<div class="queries" style="clear:both;margin-bottom:2px;border:red dotted thin;">
<p>MySQL query:</p>
<p>UPDATE wp_actionscheduler_actions t1 JOIN ( SELECT action_id from wp_actionscheduler_actions WHERE claim_id = 0 AND scheduled_date_gmt <= '2026-03-31 18:55:47' AND status='pending' ORDER BY priority ASC, attempts ASC, scheduled_date_gmt ASC, action_id ASC LIMIT 25 FOR UPDATE ) t2 ON t1.action_id = t2.action_id SET claim_id=780, last_attempt_gmt='2026-03-31 18:55:47', last_attempt_local='2026-03-31 18:55:47'</p>
<p>Queries made or created this session were:</p>
<ol>
<li>Executing: BEGIN | (no parameters)</li>
<li>Executing: UPDATE wp_actionscheduler_actions t1 JOIN ( SELECT action_id from wp_actionscheduler_actions WHERE claim_id = 0 AND scheduled_date_gmt &lt;= :param0  AND status=:param1  ORDER BY priority ASC, attempts ASC, scheduled_date_gmt ASC, action_id ASC LIMIT 25 FOR UPDATE ) t2 ON t1.action_i CONTEXT: {"error":{"type":1,"file":"/var/www/html/wp-content/plugins/woocommerce/packages/action-scheduler/classes/data-stores/ActionScheduler_DBStore.php","line":1019},"remote-logging":true,"backtrace":[{"file":"/var/www/html/wp-content/plugins/woocommerce/includes/class-woocommerce.php","line":482,"function":"critical","class":"WC_Logger","type":"->"},{"function":"log_errors","class":"WooCommerce","type":"->"}]}
2026-03-31T18:56:37+00:00 CRITICAL Uncaught RuntimeException: Unable to claim actions. Database error: <div style="clear:both">&nbsp;</div>
<div class="queries" style="clear:both;margin-bottom:2px;border:red dotted thin;">
<p>MySQL query:</p>
<p>UPDATE wp_actionscheduler_actions t1 JOIN ( SELECT action_id from wp_actionscheduler_actions WHERE claim_id = 0 AND scheduled_date_gmt <= '2026-03-31 18:56:37' AND status='pending' ORDER BY priority ASC, attempts ASC, scheduled_date_gmt ASC, action_id ASC LIMIT 25 FOR UPDATE ) t2 ON t1.action_id = t2.action_id SET claim_id=781, last_attempt_gmt='2026-03-31 18:56:37', last_attempt_local='2026-03-31 18:56:37'</p>
<p>Queries made or created this session were:</p>
<ol>
<li>Executing: BEGIN | (no parameters)</li>
<li>Executing: UPDATE wp_actionscheduler_actions t1 JOIN ( SELECT action_id from wp_actionscheduler_actions WHERE claim_id = 0 AND scheduled_date_gmt &lt;= :param0  AND status=:param1  ORDER BY priority ASC, attempts ASC, scheduled_date_gmt ASC, action_id ASC LIMIT 25 FOR UPDATE ) t2 ON t1.action_i CONTEXT: {"error":{"type":1,"file":"/var/www/html/wp-content/plugins/woocommerce/packages/action-scheduler/classes/data-stores/ActionScheduler_DBStore.php","line":1019},"remote-logging":true,"backtrace":[{"file":"/var/www/html/wp-content/plugins/woocommerce/includes/class-woocommerce.php","line":482,"function":"critical","class":"WC_Logger","type":"->"},{"function":"log_errors","class":"WooCommerce","type":"->"}]}
2026-03-31T18:57:29+00:00 CRITICAL Uncaught RuntimeException: Unable to claim actions. Database error: <div style="clear:both">&nbsp;</div>
<div class="queries" style="clear:both;margin-bottom:2px;border:red dotted thin;">
<p>MySQL query:</p>
<p>UPDATE wp_actionscheduler_actions t1 JOIN ( SELECT action_id from wp_actionscheduler_actions WHERE claim_id = 0 AND scheduled_date_gmt <= '2026-03-31 18:57:28' AND status='pending' ORDER BY priority ASC, attempts ASC, scheduled_date_gmt ASC, action_id ASC LIMIT 25 FOR UPDATE ) t2 ON t1.action_id = t2.action_id SET claim_id=782, last_attempt_gmt='2026-03-31 18:57:28', last_attempt_local='2026-03-31 18:57:28'</p>
<p>Queries made or created this session were:</p>
<ol>
<li>Executing: BEGIN | (no parameters)</li>
<li>Executing: UPDATE wp_actionscheduler_actions t1 JOIN ( SELECT action_id from wp_actionscheduler_actions WHERE claim_id = 0 AND scheduled_date_gmt &lt;= :param0  AND status=:param1  ORDER BY priority ASC, attempts ASC, scheduled_date_gmt ASC, action_id ASC LIMIT 25 FOR UPDATE ) t2 ON t1.action_i CONTEXT: {"error":{"type":1,"file":"/var/www/html/wp-content/plugins/woocommerce/packages/action-scheduler/classes/data-stores/ActionScheduler_DBStore.php","line":1019},"remote-logging":true,"backtrace":[{"file":"/var/www/html/wp-content/plugins/woocommerce/includes/class-woocommerce.php","line":482,"function":"critical","class":"WC_Logger","type":"->"},{"function":"log_errors","class":"WooCommerce","type":"->"}]}
2026-03-31T18:57:38+00:00 CRITICAL Uncaught RuntimeException: Unable to claim actions. Database error: <div style="clear:both">&nbsp;</div>
<div class="queries" style="clear:both;margin-bottom:2px;border:red dotted thin;">
<p>MySQL query:</p>
<p>UPDATE wp_actionscheduler_actions t1 JOIN ( SELECT action_id from wp_actionscheduler_actions WHERE claim_id = 0 AND scheduled_date_gmt <= '2026-03-31 18:57:38' AND status='pending' ORDER BY priority ASC, attempts ASC, scheduled_date_gmt ASC, action_id ASC LIMIT 25 FOR UPDATE ) t2 ON t1.action_id = t2.action_id SET claim_id=783, last_attempt_gmt='2026-03-31 18:57:38', last_attempt_local='2026-03-31 18:57:38'</p>
<p>Queries made or created this session were:</p>
<ol>
<li>Executing: BEGIN | (no parameters)</li>
<li>Executing: UPDATE wp_actionscheduler_actions t1 JOIN ( SELECT action_id from wp_actionscheduler_actions WHERE claim_id = 0 AND scheduled_date_gmt &lt;= :param0  AND status=:param1  ORDER BY priority ASC, attempts ASC, scheduled_date_gmt ASC, action_id ASC LIMIT 25 FOR UPDATE ) t2 ON t1.action_i CONTEXT: {"error":{"type":1,"file":"/var/www/html/wp-content/plugins/woocommerce/packages/action-scheduler/classes/data-stores/ActionScheduler_DBStore.php","line":1019},"remote-logging":true,"backtrace":[{"file":"/var/www/html/wp-content/plugins/woocommerce/includes/class-woocommerce.php","line":482,"function":"critical","class":"WC_Logger","type":"->"},{"function":"log_errors","class":"WooCommerce","type":"->"}]}
2026-03-31T18:59:20+00:00 CRITICAL Uncaught RuntimeException: Unable to claim actions. Database error: <div style="clear:both">&nbsp;</div>
<div class="queries" style="clear:both;margin-bottom:2px;border:red dotted thin;">
<p>MySQL query:</p>
<p>UPDATE wp_actionscheduler_actions t1 JOIN ( SELECT action_id from wp_actionscheduler_actions WHERE claim_id = 0 AND scheduled_date_gmt <= '2026-03-31 18:59:20' AND status='pending' ORDER BY priority ASC, attempts ASC, scheduled_date_gmt ASC, action_id ASC LIMIT 25 FOR UPDATE ) t2 ON t1.action_id = t2.action_id SET claim_id=784, last_attempt_gmt='2026-03-31 18:59:20', last_attempt_local='2026-03-31 18:59:20'</p>
<p>Queries made or created this session were:</p>
<ol>
<li>Executing: BEGIN | (no parameters)</li>
<li>Executing: UPDATE wp_actionscheduler_actions t1 JOIN ( SELECT action_id from wp_actionscheduler_actions WHERE claim_id = 0 AND scheduled_date_gmt &lt;= :param0  AND status=:param1  ORDER BY priority ASC, attempts ASC, scheduled_date_gmt ASC, action_id ASC LIMIT 25 FOR UPDATE ) t2 ON t1.action_i CONTEXT: {"error":{"type":1,"file":"/var/www/html/wp-content/plugins/woocommerce/packages/action-scheduler/classes/data-stores/ActionScheduler_DBStore.php","line":1019},"remote-logging":true,"backtrace":[{"file":"/var/www/html/wp-content/plugins/woocommerce/includes/class-woocommerce.php","line":482,"function":"critical","class":"WC_Logger","type":"->"},{"function":"log_errors","class":"WooCommerce","type":"->"}]}
2026-03-31T18:59:41+00:00 CRITICAL Uncaught RuntimeException: Unable to claim actions. Database error: <div style="clear:both">&nbsp;</div>
<div class="queries" style="clear:both;margin-bottom:2px;border:red dotted thin;">
<p>MySQL query:</p>
<p>UPDATE wp_actionscheduler_actions t1 JOIN ( SELECT action_id from wp_actionscheduler_actions WHERE claim_id = 0 AND scheduled_date_gmt <= '2026-03-31 18:59:41' AND status='pending' ORDER BY priority ASC, attempts ASC, scheduled_date_gmt ASC, action_id ASC LIMIT 25 FOR UPDATE ) t2 ON t1.action_id = t2.action_id SET claim_id=785, last_attempt_gmt='2026-03-31 18:59:41', last_attempt_local='2026-03-31 18:59:41'</p>
<p>Queries made or created this session were:</p>
<ol>
<li>Executing: BEGIN | (no parameters)</li>
<li>Executing: UPDATE wp_actionscheduler_actions t1 JOIN ( SELECT action_id from wp_actionscheduler_actions WHERE claim_id = 0 AND scheduled_date_gmt &lt;= :param0  AND status=:param1  ORDER BY priority ASC, attempts ASC, scheduled_date_gmt ASC, action_id ASC LIMIT 25 FOR UPDATE ) t2 ON t1.action_i CONTEXT: {"error":{"type":1,"file":"/var/www/html/wp-content/plugins/woocommerce/packages/action-scheduler/classes/data-stores/ActionScheduler_DBStore.php","line":1019},"remote-logging":true,"backtrace":[{"file":"/var/www/html/wp-content/plugins/woocommerce/includes/class-woocommerce.php","line":482,"function":"critical","class":"WC_Logger","type":"->"},{"function":"log_errors","class":"WooCommerce","type":"->"}]}
2026-03-31T19:01:18+00:00 CRITICAL Uncaught RuntimeException: Unable to claim actions. Database error: <div style="clear:both">&nbsp;</div>
<div class="queries" style="clear:both;margin-bottom:2px;border:red dotted thin;">
<p>MySQL query:</p>
<p>UPDATE wp_actionscheduler_actions t1 JOIN ( SELECT action_id from wp_actionscheduler_actions WHERE claim_id = 0 AND scheduled_date_gmt <= '2026-03-31 19:01:18' AND status='pending' ORDER BY priority ASC, attempts ASC, scheduled_date_gmt ASC, action_id ASC LIMIT 25 FOR UPDATE ) t2 ON t1.action_id = t2.action_id SET claim_id=786, last_attempt_gmt='2026-03-31 19:01:18', last_attempt_local='2026-03-31 19:01:18'</p>
<p>Queries made or created this session were:</p>
<ol>
<li>Executing: BEGIN | (no parameters)</li>
<li>Executing: UPDATE wp_actionscheduler_actions t1 JOIN ( SELECT action_id from wp_actionscheduler_actions WHERE claim_id = 0 AND scheduled_date_gmt &lt;= :param0  AND status=:param1  ORDER BY priority ASC, attempts ASC, scheduled_date_gmt ASC, action_id ASC LIMIT 25 FOR UPDATE ) t2 ON t1.action_i CONTEXT: {"error":{"type":1,"file":"/var/www/html/wp-content/plugins/woocommerce/packages/action-scheduler/classes/data-stores/ActionScheduler_DBStore.php","line":1019},"remote-logging":true,"backtrace":[{"file":"/var/www/html/wp-content/plugins/woocommerce/includes/class-woocommerce.php","line":482,"function":"critical","class":"WC_Logger","type":"->"},{"function":"log_errors","class":"WooCommerce","type":"->"}]}
2026-03-31T19:01:42+00:00 CRITICAL Uncaught RuntimeException: Unable to claim actions. Database error: <div style="clear:both">&nbsp;</div>
<div class="queries" style="clear:both;margin-bottom:2px;border:red dotted thin;">
<p>MySQL query:</p>
<p>UPDATE wp_actionscheduler_actions t1 JOIN ( SELECT action_id from wp_actionscheduler_actions WHERE claim_id = 0 AND scheduled_date_gmt <= '2026-03-31 19:01:42' AND status='pending' ORDER BY priority ASC, attempts ASC, scheduled_date_gmt ASC, action_id ASC LIMIT 25 FOR UPDATE ) t2 ON t1.action_id = t2.action_id SET claim_id=787, last_attempt_gmt='2026-03-31 19:01:42', last_attempt_local='2026-03-31 19:01:42'</p>
<p>Queries made or created this session were:</p>
<ol>
<li>Executing: BEGIN | (no parameters)</li>
<li>Executing: UPDATE wp_actionscheduler_actions t1 JOIN ( SELECT action_id from wp_actionscheduler_actions WHERE claim_id = 0 AND scheduled_date_gmt &lt;= :param0  AND status=:param1  ORDER BY priority ASC, attempts ASC, scheduled_date_gmt ASC, action_id ASC LIMIT 25 FOR UPDATE ) t2 ON t1.action_i CONTEXT: {"error":{"type":1,"file":"/var/www/html/wp-content/plugins/woocommerce/packages/action-scheduler/classes/data-stores/ActionScheduler_DBStore.php","line":1019},"remote-logging":true,"backtrace":[{"file":"/var/www/html/wp-content/plugins/woocommerce/includes/class-woocommerce.php","line":482,"function":"critical","class":"WC_Logger","type":"->"},{"function":"log_errors","class":"WooCommerce","type":"->"}]}
2026-03-31T19:02:53+00:00 CRITICAL Uncaught RuntimeException: Unable to claim actions. Database error: <div style="clear:both">&nbsp;</div>
<div class="queries" style="clear:both;margin-bottom:2px;border:red dotted thin;">
<p>MySQL query:</p>
<p>UPDATE wp_actionscheduler_actions t1 JOIN ( SELECT action_id from wp_actionscheduler_actions WHERE claim_id = 0 AND scheduled_date_gmt <= '2026-03-31 19:02:53' AND status='pending' ORDER BY priority ASC, attempts ASC, scheduled_date_gmt ASC, action_id ASC LIMIT 25 FOR UPDATE ) t2 ON t1.action_id = t2.action_id SET claim_id=788, last_attempt_gmt='2026-03-31 19:02:53', last_attempt_local='2026-03-31 19:02:53'</p>
<p>Queries made or created this session were:</p>
<ol>
<li>Executing: BEGIN | (no parameters)</li>
<li>Executing: UPDATE wp_actionscheduler_actions t1 JOIN ( SELECT action_id from wp_actionscheduler_actions WHERE claim_id = 0 AND scheduled_date_gmt &lt;= :param0  AND status=:param1  ORDER BY priority ASC, attempts ASC, scheduled_date_gmt ASC, action_id ASC LIMIT 25 FOR UPDATE ) t2 ON t1.action_i CONTEXT: {"error":{"type":1,"file":"/var/www/html/wp-content/plugins/woocommerce/packages/action-scheduler/classes/data-stores/ActionScheduler_DBStore.php","line":1019},"remote-logging":true,"backtrace":[{"file":"/var/www/html/wp-content/plugins/woocommerce/includes/class-woocommerce.php","line":482,"function":"critical","class":"WC_Logger","type":"->"},{"function":"log_errors","class":"WooCommerce","type":"->"}]}
2026-03-31T19:03:43+00:00 CRITICAL Uncaught RuntimeException: Unable to claim actions. Database error: <div style="clear:both">&nbsp;</div>
<div class="queries" style="clear:both;margin-bottom:2px;border:red dotted thin;">
<p>MySQL query:</p>
<p>UPDATE wp_actionscheduler_actions t1 JOIN ( SELECT action_id from wp_actionscheduler_actions WHERE claim_id = 0 AND scheduled_date_gmt <= '2026-03-31 19:03:43' AND status='pending' ORDER BY priority ASC, attempts ASC, scheduled_date_gmt ASC, action_id ASC LIMIT 25 FOR UPDATE ) t2 ON t1.action_id = t2.action_id SET claim_id=789, last_attempt_gmt='2026-03-31 19:03:43', last_attempt_local='2026-03-31 19:03:43'</p>
<p>Queries made or created this session were:</p>
<ol>
<li>Executing: BEGIN | (no parameters)</li>
<li>Executing: UPDATE wp_actionscheduler_actions t1 JOIN ( SELECT action_id from wp_actionscheduler_actions WHERE claim_id = 0 AND scheduled_date_gmt &lt;= :param0  AND status=:param1  ORDER BY priority ASC, attempts ASC, scheduled_date_gmt ASC, action_id ASC LIMIT 25 FOR UPDATE ) t2 ON t1.action_i CONTEXT: {"error":{"type":1,"file":"/var/www/html/wp-content/plugins/woocommerce/packages/action-scheduler/classes/data-stores/ActionScheduler_DBStore.php","line":1019},"remote-logging":true,"backtrace":[{"file":"/var/www/html/wp-content/plugins/woocommerce/includes/class-woocommerce.php","line":482,"function":"critical","class":"WC_Logger","type":"->"},{"function":"log_errors","class":"WooCommerce","type":"->"}]}
2026-03-31T19:03:55+00:00 CRITICAL Uncaught RuntimeException: Unable to claim actions. Database error: <div style="clear:both">&nbsp;</div>
<div class="queries" style="clear:both;margin-bottom:2px;border:red dotted thin;">
<p>MySQL query:</p>
<p>UPDATE wp_actionscheduler_actions t1 JOIN ( SELECT action_id from wp_actionscheduler_actions WHERE claim_id = 0 AND scheduled_date_gmt <= '2026-03-31 19:03:55' AND status='pending' ORDER BY priority ASC, attempts ASC, scheduled_date_gmt ASC, action_id ASC LIMIT 25 FOR UPDATE ) t2 ON t1.action_id = t2.action_id SET claim_id=790, last_attempt_gmt='2026-03-31 19:03:55', last_attempt_local='2026-03-31 19:03:55'</p>
<p>Queries made or created this session were:</p>
<ol>
<li>Executing: BEGIN | (no parameters)</li>
<li>Executing: UPDATE wp_actionscheduler_actions t1 JOIN ( SELECT action_id from wp_actionscheduler_actions WHERE claim_id = 0 AND scheduled_date_gmt &lt;= :param0  AND status=:param1  ORDER BY priority ASC, attempts ASC, scheduled_date_gmt ASC, action_id ASC LIMIT 25 FOR UPDATE ) t2 ON t1.action_i CONTEXT: {"error":{"type":1,"file":"/var/www/html/wp-content/plugins/woocommerce/packages/action-scheduler/classes/data-stores/ActionScheduler_DBStore.php","line":1019},"remote-logging":true,"backtrace":[{"file":"/var/www/html/wp-content/plugins/woocommerce/includes/class-woocommerce.php","line":482,"function":"critical","class":"WC_Logger","type":"->"},{"function":"log_errors","class":"WooCommerce","type":"->"}]}
2026-03-31T19:05:44+00:00 CRITICAL Uncaught RuntimeException: Unable to claim actions. Database error: <div style="clear:both">&nbsp;</div>
<div class="queries" style="clear:both;margin-bottom:2px;border:red dotted thin;">
<p>MySQL query:</p>
<p>UPDATE wp_actionscheduler_actions t1 JOIN ( SELECT action_id from wp_actionscheduler_actions WHERE claim_id = 0 AND scheduled_date_gmt <= '2026-03-31 19:05:44' AND status='pending' ORDER BY priority ASC, attempts ASC, scheduled_date_gmt ASC, action_id ASC LIMIT 25 FOR UPDATE ) t2 ON t1.action_id = t2.action_id SET claim_id=791, last_attempt_gmt='2026-03-31 19:05:44', last_attempt_local='2026-03-31 19:05:44'</p>
<p>Queries made or created this session were:</p>
<ol>
<li>Executing: BEGIN | (no parameters)</li>
<li>Executing: UPDATE wp_actionscheduler_actions t1 JOIN ( SELECT action_id from wp_actionscheduler_actions WHERE claim_id = 0 AND scheduled_date_gmt &lt;= :param0  AND status=:param1  ORDER BY priority ASC, attempts ASC, scheduled_date_gmt ASC, action_id ASC LIMIT 25 FOR UPDATE ) t2 ON t1.action_i CONTEXT: {"error":{"type":1,"file":"/var/www/html/wp-content/plugins/woocommerce/packages/action-scheduler/classes/data-stores/ActionScheduler_DBStore.php","line":1019},"remote-logging":true,"backtrace":[{"file":"/var/www/html/wp-content/plugins/woocommerce/includes/class-woocommerce.php","line":482,"function":"critical","class":"WC_Logger","type":"->"},{"function":"log_errors","class":"WooCommerce","type":"->"}]}
2026-03-31T19:05:44+00:00 CRITICAL Uncaught RuntimeException: Unable to claim actions. Database error: <div style="clear:both">&nbsp;</div>
<div class="queries" style="clear:both;margin-bottom:2px;border:red dotted thin;">
<p>MySQL query:</p>
<p>UPDATE wp_actionscheduler_actions t1 JOIN ( SELECT action_id from wp_actionscheduler_actions WHERE claim_id = 0 AND scheduled_date_gmt <= '2026-03-31 19:05:44' AND status='pending' ORDER BY priority ASC, attempts ASC, scheduled_date_gmt ASC, action_id ASC LIMIT 25 FOR UPDATE ) t2 ON t1.action_id = t2.action_id SET claim_id=792, last_attempt_gmt='2026-03-31 19:05:44', last_attempt_local='2026-03-31 19:05:44'</p>
<p>Queries made or created this session were:</p>
<ol>
<li>Executing: BEGIN | (no parameters)</li>
<li>Executing: UPDATE wp_actionscheduler_actions t1 JOIN ( SELECT action_id from wp_actionscheduler_actions WHERE claim_id = 0 AND scheduled_date_gmt &lt;= :param0  AND status=:param1  ORDER BY priority ASC, attempts ASC, scheduled_date_gmt ASC, action_id ASC LIMIT 25 FOR UPDATE ) t2 ON t1.action_i CONTEXT: {"error":{"type":1,"file":"/var/www/html/wp-content/plugins/woocommerce/packages/action-scheduler/classes/data-stores/ActionScheduler_DBStore.php","line":1019},"remote-logging":true,"backtrace":[{"file":"/var/www/html/wp-content/plugins/woocommerce/includes/class-woocommerce.php","line":482,"function":"critical","class":"WC_Logger","type":"->"},{"function":"log_errors","class":"WooCommerce","type":"->"}]}
2026-03-31T19:07:45+00:00 CRITICAL Uncaught RuntimeException: Unable to claim actions. Database error: <div style="clear:both">&nbsp;</div>
<div class="queries" style="clear:both;margin-bottom:2px;border:red dotted thin;">
<p>MySQL query:</p>
<p>UPDATE wp_actionscheduler_actions t1 JOIN ( SELECT action_id from wp_actionscheduler_actions WHERE claim_id = 0 AND scheduled_date_gmt <= '2026-03-31 19:07:45' AND status='pending' ORDER BY priority ASC, attempts ASC, scheduled_date_gmt ASC, action_id ASC LIMIT 25 FOR UPDATE ) t2 ON t1.action_id = t2.action_id SET claim_id=793, last_attempt_gmt='2026-03-31 19:07:45', last_attempt_local='2026-03-31 19:07:45'</p>
<p>Queries made or created this session were:</p>
<ol>
<li>Executing: BEGIN | (no parameters)</li>
<li>Executing: UPDATE wp_actionscheduler_actions t1 JOIN ( SELECT action_id from wp_actionscheduler_actions WHERE claim_id = 0 AND scheduled_date_gmt &lt;= :param0  AND status=:param1  ORDER BY priority ASC, attempts ASC, scheduled_date_gmt ASC, action_id ASC LIMIT 25 FOR UPDATE ) t2 ON t1.action_i CONTEXT: {"error":{"type":1,"file":"/var/www/html/wp-content/plugins/woocommerce/packages/action-scheduler/classes/data-stores/ActionScheduler_DBStore.php","line":1019},"remote-logging":true,"backtrace":[{"file":"/var/www/html/wp-content/plugins/woocommerce/includes/class-woocommerce.php","line":482,"function":"critical","class":"WC_Logger","type":"->"},{"function":"log_errors","class":"WooCommerce","type":"->"}]}
2026-03-31T19:07:45+00:00 CRITICAL Uncaught RuntimeException: Unable to claim actions. Database error: <div style="clear:both">&nbsp;</div>
<div class="queries" style="clear:both;margin-bottom:2px;border:red dotted thin;">
<p>MySQL query:</p>
<p>UPDATE wp_actionscheduler_actions t1 JOIN ( SELECT action_id from wp_actionscheduler_actions WHERE claim_id = 0 AND scheduled_date_gmt <= '2026-03-31 19:07:45' AND status='pending' ORDER BY priority ASC, attempts ASC, scheduled_date_gmt ASC, action_id ASC LIMIT 25 FOR UPDATE ) t2 ON t1.action_id = t2.action_id SET claim_id=794, last_attempt_gmt='2026-03-31 19:07:45', last_attempt_local='2026-03-31 19:07:45'</p>
<p>Queries made or created this session were:</p>
<ol>
<li>Executing: BEGIN | (no parameters)</li>
<li>Executing: UPDATE wp_actionscheduler_actions t1 JOIN ( SELECT action_id from wp_actionscheduler_actions WHERE claim_id = 0 AND scheduled_date_gmt &lt;= :param0  AND status=:param1  ORDER BY priority ASC, attempts ASC, scheduled_date_gmt ASC, action_id ASC LIMIT 25 FOR UPDATE ) t2 ON t1.action_i CONTEXT: {"error":{"type":1,"file":"/var/www/html/wp-content/plugins/woocommerce/packages/action-scheduler/classes/data-stores/ActionScheduler_DBStore.php","line":1019},"remote-logging":true,"backtrace":[{"file":"/var/www/html/wp-content/plugins/woocommerce/includes/class-woocommerce.php","line":482,"function":"critical","class":"WC_Logger","type":"->"},{"function":"log_errors","class":"WooCommerce","type":"->"}]}
2026-03-31T19:09:06+00:00 CRITICAL Uncaught RuntimeException: Unable to claim actions. Database error: <div style="clear:both">&nbsp;</div>
<div class="queries" style="clear:both;margin-bottom:2px;border:red dotted thin;">
<p>MySQL query:</p>
<p>UPDATE wp_actionscheduler_actions t1 JOIN ( SELECT action_id from wp_actionscheduler_actions WHERE claim_id = 0 AND scheduled_date_gmt <= '2026-03-31 19:09:06' AND status='pending' ORDER BY priority ASC, attempts ASC, scheduled_date_gmt ASC, action_id ASC LIMIT 25 FOR UPDATE ) t2 ON t1.action_id = t2.action_id SET claim_id=795, last_attempt_gmt='2026-03-31 19:09:06', last_attempt_local='2026-03-31 19:09:06'</p>
<p>Queries made or created this session were:</p>
<ol>
<li>Executing: BEGIN | (no parameters)</li>
<li>Executing: UPDATE wp_actionscheduler_actions t1 JOIN ( SELECT action_id from wp_actionscheduler_actions WHERE claim_id = 0 AND scheduled_date_gmt &lt;= :param0  AND status=:param1  ORDER BY priority ASC, attempts ASC, scheduled_date_gmt ASC, action_id ASC LIMIT 25 FOR UPDATE ) t2 ON t1.action_i CONTEXT: {"error":{"type":1,"file":"/var/www/html/wp-content/plugins/woocommerce/packages/action-scheduler/classes/data-stores/ActionScheduler_DBStore.php","line":1019},"remote-logging":true,"backtrace":[{"file":"/var/www/html/wp-content/plugins/woocommerce/includes/class-woocommerce.php","line":482,"function":"critical","class":"WC_Logger","type":"->"},{"function":"log_errors","class":"WooCommerce","type":"->"}]}
2026-03-31T19:09:46+00:00 CRITICAL Uncaught RuntimeException: Unable to claim actions. Database error: <div style="clear:both">&nbsp;</div>
<div class="queries" style="clear:both;margin-bottom:2px;border:red dotted thin;">
<p>MySQL query:</p>
<p>UPDATE wp_actionscheduler_actions t1 JOIN ( SELECT action_id from wp_actionscheduler_actions WHERE claim_id = 0 AND scheduled_date_gmt <= '2026-03-31 19:09:46' AND status='pending' ORDER BY priority ASC, attempts ASC, scheduled_date_gmt ASC, action_id ASC LIMIT 25 FOR UPDATE ) t2 ON t1.action_id = t2.action_id SET claim_id=796, last_attempt_gmt='2026-03-31 19:09:46', last_attempt_local='2026-03-31 19:09:46'</p>
<p>Queries made or created this session were:</p>
<ol>
<li>Executing: BEGIN | (no parameters)</li>
<li>Executing: UPDATE wp_actionscheduler_actions t1 JOIN ( SELECT action_id from wp_actionscheduler_actions WHERE claim_id = 0 AND scheduled_date_gmt &lt;= :param0  AND status=:param1  ORDER BY priority ASC, attempts ASC, scheduled_date_gmt ASC, action_id ASC LIMIT 25 FOR UPDATE ) t2 ON t1.action_i CONTEXT: {"error":{"type":1,"file":"/var/www/html/wp-content/plugins/woocommerce/packages/action-scheduler/classes/data-stores/ActionScheduler_DBStore.php","line":1019},"remote-logging":true,"backtrace":[{"file":"/var/www/html/wp-content/plugins/woocommerce/includes/class-woocommerce.php","line":482,"function":"critical","class":"WC_Logger","type":"->"},{"function":"log_errors","class":"WooCommerce","type":"->"}]}
2026-03-31T19:11:47+00:00 CRITICAL Uncaught RuntimeException: Unable to claim actions. Database error: <div style="clear:both">&nbsp;</div>
<div class="queries" style="clear:both;margin-bottom:2px;border:red dotted thin;">
<p>MySQL query:</p>
<p>UPDATE wp_actionscheduler_actions t1 JOIN ( SELECT action_id from wp_actionscheduler_actions WHERE claim_id = 0 AND scheduled_date_gmt <= '2026-03-31 19:11:47' AND status='pending' ORDER BY priority ASC, attempts ASC, scheduled_date_gmt ASC, action_id ASC LIMIT 25 FOR UPDATE ) t2 ON t1.action_id = t2.action_id SET claim_id=797, last_attempt_gmt='2026-03-31 19:11:47', last_attempt_local='2026-03-31 19:11:47'</p>
<p>Queries made or created this session were:</p>
<ol>
<li>Executing: BEGIN | (no parameters)</li>
<li>Executing: UPDATE wp_actionscheduler_actions t1 JOIN ( SELECT action_id from wp_actionscheduler_actions WHERE claim_id = 0 AND scheduled_date_gmt &lt;= :param0  AND status=:param1  ORDER BY priority ASC, attempts ASC, scheduled_date_gmt ASC, action_id ASC LIMIT 25 FOR UPDATE ) t2 ON t1.action_i CONTEXT: {"error":{"type":1,"file":"/var/www/html/wp-content/plugins/woocommerce/packages/action-scheduler/classes/data-stores/ActionScheduler_DBStore.php","line":1019},"remote-logging":true,"backtrace":[{"file":"/var/www/html/wp-content/plugins/woocommerce/includes/class-woocommerce.php","line":482,"function":"critical","class":"WC_Logger","type":"->"},{"function":"log_errors","class":"WooCommerce","type":"->"}]}
2026-03-31T19:11:48+00:00 CRITICAL Uncaught RuntimeException: Unable to claim actions. Database error: <div style="clear:both">&nbsp;</div>
<div class="queries" style="clear:both;margin-bottom:2px;border:red dotted thin;">
<p>MySQL query:</p>
<p>UPDATE wp_actionscheduler_actions t1 JOIN ( SELECT action_id from wp_actionscheduler_actions WHERE claim_id = 0 AND scheduled_date_gmt <= '2026-03-31 19:11:48' AND status='pending' ORDER BY priority ASC, attempts ASC, scheduled_date_gmt ASC, action_id ASC LIMIT 25 FOR UPDATE ) t2 ON t1.action_id = t2.action_id SET claim_id=798, last_attempt_gmt='2026-03-31 19:11:48', last_attempt_local='2026-03-31 19:11:48'</p>
<p>Queries made or created this session were:</p>
<ol>
<li>Executing: BEGIN | (no parameters)</li>
<li>Executing: UPDATE wp_actionscheduler_actions t1 JOIN ( SELECT action_id from wp_actionscheduler_actions WHERE claim_id = 0 AND scheduled_date_gmt &lt;= :param0  AND status=:param1  ORDER BY priority ASC, attempts ASC, scheduled_date_gmt ASC, action_id ASC LIMIT 25 FOR UPDATE ) t2 ON t1.action_i CONTEXT: {"error":{"type":1,"file":"/var/www/html/wp-content/plugins/woocommerce/packages/action-scheduler/classes/data-stores/ActionScheduler_DBStore.php","line":1019},"remote-logging":true,"backtrace":[{"file":"/var/www/html/wp-content/plugins/woocommerce/includes/class-woocommerce.php","line":482,"function":"critical","class":"WC_Logger","type":"->"},{"function":"log_errors","class":"WooCommerce","type":"->"}]}
2026-03-31T19:13:48+00:00 CRITICAL Uncaught RuntimeException: Unable to claim actions. Database error: <div style="clear:both">&nbsp;</div>
<div class="queries" style="clear:both;margin-bottom:2px;border:red dotted thin;">
<p>MySQL query:</p>
<p>UPDATE wp_actionscheduler_actions t1 JOIN ( SELECT action_id from wp_actionscheduler_actions WHERE claim_id = 0 AND scheduled_date_gmt <= '2026-03-31 19:13:48' AND status='pending' ORDER BY priority ASC, attempts ASC, scheduled_date_gmt ASC, action_id ASC LIMIT 25 FOR UPDATE ) t2 ON t1.action_id = t2.action_id SET claim_id=799, last_attempt_gmt='2026-03-31 19:13:48', last_attempt_local='2026-03-31 19:13:48'</p>
<p>Queries made or created this session were:</p>
<ol>
<li>Executing: BEGIN | (no parameters)</li>
<li>Executing: UPDATE wp_actionscheduler_actions t1 JOIN ( SELECT action_id from wp_actionscheduler_actions WHERE claim_id = 0 AND scheduled_date_gmt &lt;= :param0  AND status=:param1  ORDER BY priority ASC, attempts ASC, scheduled_date_gmt ASC, action_id ASC LIMIT 25 FOR UPDATE ) t2 ON t1.action_i CONTEXT: {"error":{"type":1,"file":"/var/www/html/wp-content/plugins/woocommerce/packages/action-scheduler/classes/data-stores/ActionScheduler_DBStore.php","line":1019},"remote-logging":true,"backtrace":[{"file":"/var/www/html/wp-content/plugins/woocommerce/includes/class-woocommerce.php","line":482,"function":"critical","class":"WC_Logger","type":"->"},{"function":"log_errors","class":"WooCommerce","type":"->"}]}
2026-03-31T19:13:49+00:00 CRITICAL Uncaught RuntimeException: Unable to claim actions. Database error: <div style="clear:both">&nbsp;</div>
<div class="queries" style="clear:both;margin-bottom:2px;border:red dotted thin;">
<p>MySQL query:</p>
<p>UPDATE wp_actionscheduler_actions t1 JOIN ( SELECT action_id from wp_actionscheduler_actions WHERE claim_id = 0 AND scheduled_date_gmt <= '2026-03-31 19:13:49' AND status='pending' ORDER BY priority ASC, attempts ASC, scheduled_date_gmt ASC, action_id ASC LIMIT 25 FOR UPDATE ) t2 ON t1.action_id = t2.action_id SET claim_id=800, last_attempt_gmt='2026-03-31 19:13:49', last_attempt_local='2026-03-31 19:13:49'</p>
<p>Queries made or created this session were:</p>
<ol>
<li>Executing: BEGIN | (no parameters)</li>
<li>Executing: UPDATE wp_actionscheduler_actions t1 JOIN ( SELECT action_id from wp_actionscheduler_actions WHERE claim_id = 0 AND scheduled_date_gmt &lt;= :param0  AND status=:param1  ORDER BY priority ASC, attempts ASC, scheduled_date_gmt ASC, action_id ASC LIMIT 25 FOR UPDATE ) t2 ON t1.action_i CONTEXT: {"error":{"type":1,"file":"/var/www/html/wp-content/plugins/woocommerce/packages/action-scheduler/classes/data-stores/ActionScheduler_DBStore.php","line":1019},"remote-logging":true,"backtrace":[{"file":"/var/www/html/wp-content/plugins/woocommerce/includes/class-woocommerce.php","line":482,"function":"critical","class":"WC_Logger","type":"->"},{"function":"log_errors","class":"WooCommerce","type":"->"}]}
2026-03-31T19:15:43+00:00 CRITICAL Uncaught RuntimeException: Unable to claim actions. Database error: <div style="clear:both">&nbsp;</div>
<div class="queries" style="clear:both;margin-bottom:2px;border:red dotted thin;">
<p>MySQL query:</p>
<p>UPDATE wp_actionscheduler_actions t1 JOIN ( SELECT action_id from wp_actionscheduler_actions WHERE claim_id = 0 AND scheduled_date_gmt <= '2026-03-31 19:15:43' AND status='pending' ORDER BY priority ASC, attempts ASC, scheduled_date_gmt ASC, action_id ASC LIMIT 25 FOR UPDATE ) t2 ON t1.action_id = t2.action_id SET claim_id=801, last_attempt_gmt='2026-03-31 19:15:43', last_attempt_local='2026-03-31 19:15:43'</p>
<p>Queries made or created this session were:</p>
<ol>
<li>Executing: BEGIN | (no parameters)</li>
<li>Executing: UPDATE wp_actionscheduler_actions t1 JOIN ( SELECT action_id from wp_actionscheduler_actions WHERE claim_id = 0 AND scheduled_date_gmt &lt;= :param0  AND status=:param1  ORDER BY priority ASC, attempts ASC, scheduled_date_gmt ASC, action_id ASC LIMIT 25 FOR UPDATE ) t2 ON t1.action_i CONTEXT: {"error":{"type":1,"file":"/var/www/html/wp-content/plugins/woocommerce/packages/action-scheduler/classes/data-stores/ActionScheduler_DBStore.php","line":1019},"remote-logging":true,"backtrace":[{"file":"/var/www/html/wp-content/plugins/woocommerce/includes/class-woocommerce.php","line":482,"function":"critical","class":"WC_Logger","type":"->"},{"function":"log_errors","class":"WooCommerce","type":"->"}]}
2026-03-31T19:15:49+00:00 CRITICAL Uncaught RuntimeException: Unable to claim actions. Database error: <div style="clear:both">&nbsp;</div>
<div class="queries" style="clear:both;margin-bottom:2px;border:red dotted thin;">
<p>MySQL query:</p>
<p>UPDATE wp_actionscheduler_actions t1 JOIN ( SELECT action_id from wp_actionscheduler_actions WHERE claim_id = 0 AND scheduled_date_gmt <= '2026-03-31 19:15:49' AND status='pending' ORDER BY priority ASC, attempts ASC, scheduled_date_gmt ASC, action_id ASC LIMIT 25 FOR UPDATE ) t2 ON t1.action_id = t2.action_id SET claim_id=802, last_attempt_gmt='2026-03-31 19:15:49', last_attempt_local='2026-03-31 19:15:49'</p>
<p>Queries made or created this session were:</p>
<ol>
<li>Executing: BEGIN | (no parameters)</li>
<li>Executing: UPDATE wp_actionscheduler_actions t1 JOIN ( SELECT action_id from wp_actionscheduler_actions WHERE claim_id = 0 AND scheduled_date_gmt &lt;= :param0  AND status=:param1  ORDER BY priority ASC, attempts ASC, scheduled_date_gmt ASC, action_id ASC LIMIT 25 FOR UPDATE ) t2 ON t1.action_i CONTEXT: {"error":{"type":1,"file":"/var/www/html/wp-content/plugins/woocommerce/packages/action-scheduler/classes/data-stores/ActionScheduler_DBStore.php","line":1019},"remote-logging":true,"backtrace":[{"file":"/var/www/html/wp-content/plugins/woocommerce/includes/class-woocommerce.php","line":482,"function":"critical","class":"WC_Logger","type":"->"},{"function":"log_errors","class":"WooCommerce","type":"->"}]}
2026-03-31T19:17:20+00:00 CRITICAL Uncaught RuntimeException: Unable to claim actions. Database error: <div style="clear:both">&nbsp;</div>
<div class="queries" style="clear:both;margin-bottom:2px;border:red dotted thin;">
<p>MySQL query:</p>
<p>UPDATE wp_actionscheduler_actions t1 JOIN ( SELECT action_id from wp_actionscheduler_actions WHERE claim_id = 0 AND scheduled_date_gmt <= '2026-03-31 19:17:20' AND status='pending' ORDER BY priority ASC, attempts ASC, scheduled_date_gmt ASC, action_id ASC LIMIT 25 FOR UPDATE ) t2 ON t1.action_id = t2.action_id SET claim_id=803, last_attempt_gmt='2026-03-31 19:17:20', last_attempt_local='2026-03-31 19:17:20'</p>
<p>Queries made or created this session were:</p>
<ol>
<li>Executing: BEGIN | (no parameters)</li>
<li>Executing: UPDATE wp_actionscheduler_actions t1 JOIN ( SELECT action_id from wp_actionscheduler_actions WHERE claim_id = 0 AND scheduled_date_gmt &lt;= :param0  AND status=:param1  ORDER BY priority ASC, attempts ASC, scheduled_date_gmt ASC, action_id ASC LIMIT 25 FOR UPDATE ) t2 ON t1.action_i CONTEXT: {"error":{"type":1,"file":"/var/www/html/wp-content/plugins/woocommerce/packages/action-scheduler/classes/data-stores/ActionScheduler_DBStore.php","line":1019},"remote-logging":true,"backtrace":[{"file":"/var/www/html/wp-content/plugins/woocommerce/includes/class-woocommerce.php","line":482,"function":"critical","class":"WC_Logger","type":"->"},{"function":"log_errors","class":"WooCommerce","type":"->"}]}
2026-03-31T19:17:50+00:00 CRITICAL Uncaught RuntimeException: Unable to claim actions. Database error: <div style="clear:both">&nbsp;</div>
<div class="queries" style="clear:both;margin-bottom:2px;border:red dotted thin;">
<p>MySQL query:</p>
<p>UPDATE wp_actionscheduler_actions t1 JOIN ( SELECT action_id from wp_actionscheduler_actions WHERE claim_id = 0 AND scheduled_date_gmt <= '2026-03-31 19:17:50' AND status='pending' ORDER BY priority ASC, attempts ASC, scheduled_date_gmt ASC, action_id ASC LIMIT 25 FOR UPDATE ) t2 ON t1.action_id = t2.action_id SET claim_id=804, last_attempt_gmt='2026-03-31 19:17:50', last_attempt_local='2026-03-31 19:17:50'</p>
<p>Queries made or created this session were:</p>
<ol>
<li>Executing: BEGIN | (no parameters)</li>
<li>Executing: UPDATE wp_actionscheduler_actions t1 JOIN ( SELECT action_id from wp_actionscheduler_actions WHERE claim_id = 0 AND scheduled_date_gmt &lt;= :param0  AND status=:param1  ORDER BY priority ASC, attempts ASC, scheduled_date_gmt ASC, action_id ASC LIMIT 25 FOR UPDATE ) t2 ON t1.action_i CONTEXT: {"error":{"type":1,"file":"/var/www/html/wp-content/plugins/woocommerce/packages/action-scheduler/classes/data-stores/ActionScheduler_DBStore.php","line":1019},"remote-logging":true,"backtrace":[{"file":"/var/www/html/wp-content/plugins/woocommerce/includes/class-woocommerce.php","line":482,"function":"critical","class":"WC_Logger","type":"->"},{"function":"log_errors","class":"WooCommerce","type":"->"}]}
2026-03-31T19:19:10+00:00 CRITICAL Uncaught RuntimeException: Unable to claim actions. Database error: <div style="clear:both">&nbsp;</div>
<div class="queries" style="clear:both;margin-bottom:2px;border:red dotted thin;">
<p>MySQL query:</p>
<p>UPDATE wp_actionscheduler_actions t1 JOIN ( SELECT action_id from wp_actionscheduler_actions WHERE claim_id = 0 AND scheduled_date_gmt <= '2026-03-31 19:19:10' AND status='pending' ORDER BY priority ASC, attempts ASC, scheduled_date_gmt ASC, action_id ASC LIMIT 25 FOR UPDATE ) t2 ON t1.action_id = t2.action_id SET claim_id=805, last_attempt_gmt='2026-03-31 19:19:10', last_attempt_local='2026-03-31 19:19:10'</p>
<p>Queries made or created this session were:</p>
<ol>
<li>Executing: BEGIN | (no parameters)</li>
<li>Executing: UPDATE wp_actionscheduler_actions t1 JOIN ( SELECT action_id from wp_actionscheduler_actions WHERE claim_id = 0 AND scheduled_date_gmt &lt;= :param0  AND status=:param1  ORDER BY priority ASC, attempts ASC, scheduled_date_gmt ASC, action_id ASC LIMIT 25 FOR UPDATE ) t2 ON t1.action_i CONTEXT: {"error":{"type":1,"file":"/var/www/html/wp-content/plugins/woocommerce/packages/action-scheduler/classes/data-stores/ActionScheduler_DBStore.php","line":1019},"remote-logging":true,"backtrace":[{"file":"/var/www/html/wp-content/plugins/woocommerce/includes/class-woocommerce.php","line":482,"function":"critical","class":"WC_Logger","type":"->"},{"function":"log_errors","class":"WooCommerce","type":"->"}]}
2026-03-31T19:19:16+00:00 CRITICAL Uncaught RuntimeException: Unable to claim actions. Database error: <div style="clear:both">&nbsp;</div>
<div class="queries" style="clear:both;margin-bottom:2px;border:red dotted thin;">
<p>MySQL query:</p>
<p>UPDATE wp_actionscheduler_actions t1 JOIN ( SELECT action_id from wp_actionscheduler_actions WHERE claim_id = 0 AND scheduled_date_gmt <= '2026-03-31 19:19:16' AND status='pending' ORDER BY priority ASC, attempts ASC, scheduled_date_gmt ASC, action_id ASC LIMIT 25 FOR UPDATE ) t2 ON t1.action_id = t2.action_id SET claim_id=806, last_attempt_gmt='2026-03-31 19:19:16', last_attempt_local='2026-03-31 19:19:16'</p>
<p>Queries made or created this session were:</p>
<ol>
<li>Executing: BEGIN | (no parameters)</li>
<li>Executing: UPDATE wp_actionscheduler_actions t1 JOIN ( SELECT action_id from wp_actionscheduler_actions WHERE claim_id = 0 AND scheduled_date_gmt &lt;= :param0  AND status=:param1  ORDER BY priority ASC, attempts ASC, scheduled_date_gmt ASC, action_id ASC LIMIT 25 FOR UPDATE ) t2 ON t1.action_i CONTEXT: {"error":{"type":1,"file":"/var/www/html/wp-content/plugins/woocommerce/packages/action-scheduler/classes/data-stores/ActionScheduler_DBStore.php","line":1019},"remote-logging":true,"backtrace":[{"file":"/var/www/html/wp-content/plugins/woocommerce/includes/class-woocommerce.php","line":482,"function":"critical","class":"WC_Logger","type":"->"},{"function":"log_errors","class":"WooCommerce","type":"->"}]}
2026-03-31T19:20:11+00:00 CRITICAL Uncaught RuntimeException: Unable to claim actions. Database error: <div style="clear:both">&nbsp;</div>
<div class="queries" style="clear:both;margin-bottom:2px;border:red dotted thin;">
<p>MySQL query:</p>
<p>UPDATE wp_actionscheduler_actions t1 JOIN ( SELECT action_id from wp_actionscheduler_actions WHERE claim_id = 0 AND scheduled_date_gmt <= '2026-03-31 19:20:11' AND status='pending' ORDER BY priority ASC, attempts ASC, scheduled_date_gmt ASC, action_id ASC LIMIT 25 FOR UPDATE ) t2 ON t1.action_id = t2.action_id SET claim_id=807, last_attempt_gmt='2026-03-31 19:20:11', last_attempt_local='2026-03-31 19:20:11'</p>
<p>Queries made or created this session were:</p>
<ol>
<li>Executing: BEGIN | (no parameters)</li>
<li>Executing: UPDATE wp_actionscheduler_actions t1 JOIN ( SELECT action_id from wp_actionscheduler_actions WHERE claim_id = 0 AND scheduled_date_gmt &lt;= :param0  AND status=:param1  ORDER BY priority ASC, attempts ASC, scheduled_date_gmt ASC, action_id ASC LIMIT 25 FOR UPDATE ) t2 ON t1.action_i CONTEXT: {"error":{"type":1,"file":"/var/www/html/wp-content/plugins/woocommerce/packages/action-scheduler/classes/data-stores/ActionScheduler_DBStore.php","line":1019},"remote-logging":true,"backtrace":[{"file":"/var/www/html/wp-content/plugins/woocommerce/includes/class-woocommerce.php","line":482,"function":"critical","class":"WC_Logger","type":"->"},{"function":"log_errors","class":"WooCommerce","type":"->"}]}
2026-03-31T19:20:34+00:00 CRITICAL Uncaught RuntimeException: Unable to claim actions. Database error: <div style="clear:both">&nbsp;</div>
<div class="queries" style="clear:both;margin-bottom:2px;border:red dotted thin;">
<p>MySQL query:</p>
<p>UPDATE wp_actionscheduler_actions t1 JOIN ( SELECT action_id from wp_actionscheduler_actions WHERE claim_id = 0 AND scheduled_date_gmt <= '2026-03-31 19:20:34' AND status='pending' ORDER BY priority ASC, attempts ASC, scheduled_date_gmt ASC, action_id ASC LIMIT 25 FOR UPDATE ) t2 ON t1.action_id = t2.action_id SET claim_id=808, last_attempt_gmt='2026-03-31 19:20:34', last_attempt_local='2026-03-31 19:20:34'</p>
<p>Queries made or created this session were:</p>
<ol>
<li>Executing: BEGIN | (no parameters)</li>
<li>Executing: UPDATE wp_actionscheduler_actions t1 JOIN ( SELECT action_id from wp_actionscheduler_actions WHERE claim_id = 0 AND scheduled_date_gmt &lt;= :param0  AND status=:param1  ORDER BY priority ASC, attempts ASC, scheduled_date_gmt ASC, action_id ASC LIMIT 25 FOR UPDATE ) t2 ON t1.action_i CONTEXT: {"error":{"type":1,"file":"/var/www/html/wp-content/plugins/woocommerce/packages/action-scheduler/classes/data-stores/ActionScheduler_DBStore.php","line":1019},"remote-logging":true,"backtrace":[{"file":"/var/www/html/wp-content/plugins/woocommerce/includes/class-woocommerce.php","line":482,"function":"critical","class":"WC_Logger","type":"->"},{"function":"log_errors","class":"WooCommerce","type":"->"}]}
2026-03-31T19:21:19+00:00 CRITICAL Uncaught RuntimeException: Unable to claim actions. Database error: <div style="clear:both">&nbsp;</div>
<div class="queries" style="clear:both;margin-bottom:2px;border:red dotted thin;">
<p>MySQL query:</p>
<p>UPDATE wp_actionscheduler_actions t1 JOIN ( SELECT action_id from wp_actionscheduler_actions WHERE claim_id = 0 AND scheduled_date_gmt <= '2026-03-31 19:21:19' AND status='pending' ORDER BY priority ASC, attempts ASC, scheduled_date_gmt ASC, action_id ASC LIMIT 25 FOR UPDATE ) t2 ON t1.action_id = t2.action_id SET claim_id=809, last_attempt_gmt='2026-03-31 19:21:19', last_attempt_local='2026-03-31 19:21:19'</p>
<p>Queries made or created this session were:</p>
<ol>
<li>Executing: BEGIN | (no parameters)</li>
<li>Executing: UPDATE wp_actionscheduler_actions t1 JOIN ( SELECT action_id from wp_actionscheduler_actions WHERE claim_id = 0 AND scheduled_date_gmt &lt;= :param0  AND status=:param1  ORDER BY priority ASC, attempts ASC, scheduled_date_gmt ASC, action_id ASC LIMIT 25 FOR UPDATE ) t2 ON t1.action_i CONTEXT: {"error":{"type":1,"file":"/var/www/html/wp-content/plugins/woocommerce/packages/action-scheduler/classes/data-stores/ActionScheduler_DBStore.php","line":1019},"remote-logging":true,"backtrace":[{"file":"/var/www/html/wp-content/plugins/woocommerce/includes/class-woocommerce.php","line":482,"function":"critical","class":"WC_Logger","type":"->"},{"function":"log_errors","class":"WooCommerce","type":"->"}]}
2026-03-31T19:21:35+00:00 CRITICAL Uncaught RuntimeException: Unable to claim actions. Database error: <div style="clear:both">&nbsp;</div>
<div class="queries" style="clear:both;margin-bottom:2px;border:red dotted thin;">
<p>MySQL query:</p>
<p>UPDATE wp_actionscheduler_actions t1 JOIN ( SELECT action_id from wp_actionscheduler_actions WHERE claim_id = 0 AND scheduled_date_gmt <= '2026-03-31 19:21:35' AND status='pending' ORDER BY priority ASC, attempts ASC, scheduled_date_gmt ASC, action_id ASC LIMIT 25 FOR UPDATE ) t2 ON t1.action_id = t2.action_id SET claim_id=810, last_attempt_gmt='2026-03-31 19:21:35', last_attempt_local='2026-03-31 19:21:35'</p>
<p>Queries made or created this session were:</p>
<ol>
<li>Executing: BEGIN | (no parameters)</li>
<li>Executing: UPDATE wp_actionscheduler_actions t1 JOIN ( SELECT action_id from wp_actionscheduler_actions WHERE claim_id = 0 AND scheduled_date_gmt &lt;= :param0  AND status=:param1  ORDER BY priority ASC, attempts ASC, scheduled_date_gmt ASC, action_id ASC LIMIT 25 FOR UPDATE ) t2 ON t1.action_i CONTEXT: {"error":{"type":1,"file":"/var/www/html/wp-content/plugins/woocommerce/packages/action-scheduler/classes/data-stores/ActionScheduler_DBStore.php","line":1019},"remote-logging":true,"backtrace":[{"file":"/var/www/html/wp-content/plugins/woocommerce/includes/class-woocommerce.php","line":482,"function":"critical","class":"WC_Logger","type":"->"},{"function":"log_errors","class":"WooCommerce","type":"->"}]}
2026-03-31T19:22:26+00:00 CRITICAL Uncaught RuntimeException: Unable to claim actions. Database error: <div style="clear:both">&nbsp;</div>
<div class="queries" style="clear:both;margin-bottom:2px;border:red dotted thin;">
<p>MySQL query:</p>
<p>UPDATE wp_actionscheduler_actions t1 JOIN ( SELECT action_id from wp_actionscheduler_actions WHERE claim_id = 0 AND scheduled_date_gmt <= '2026-03-31 19:22:26' AND status='pending' ORDER BY priority ASC, attempts ASC, scheduled_date_gmt ASC, action_id ASC LIMIT 25 FOR UPDATE ) t2 ON t1.action_id = t2.action_id SET claim_id=811, last_attempt_gmt='2026-03-31 19:22:26', last_attempt_local='2026-03-31 19:22:26'</p>
<p>Queries made or created this session were:</p>
<ol>
<li>Executing: BEGIN | (no parameters)</li>
<li>Executing: UPDATE wp_actionscheduler_actions t1 JOIN ( SELECT action_id from wp_actionscheduler_actions WHERE claim_id = 0 AND scheduled_date_gmt &lt;= :param0  AND status=:param1  ORDER BY priority ASC, attempts ASC, scheduled_date_gmt ASC, action_id ASC LIMIT 25 FOR UPDATE ) t2 ON t1.action_i CONTEXT: {"error":{"type":1,"file":"/var/www/html/wp-content/plugins/woocommerce/packages/action-scheduler/classes/data-stores/ActionScheduler_DBStore.php","line":1019},"remote-logging":true,"backtrace":[{"file":"/var/www/html/wp-content/plugins/woocommerce/includes/class-woocommerce.php","line":482,"function":"critical","class":"WC_Logger","type":"->"},{"function":"log_errors","class":"WooCommerce","type":"->"}]}
2026-03-31T19:22:38+00:00 CRITICAL Uncaught RuntimeException: Unable to claim actions. Database error: <div style="clear:both">&nbsp;</div>
<div class="queries" style="clear:both;margin-bottom:2px;border:red dotted thin;">
<p>MySQL query:</p>
<p>UPDATE wp_actionscheduler_actions t1 JOIN ( SELECT action_id from wp_actionscheduler_actions WHERE claim_id = 0 AND scheduled_date_gmt <= '2026-03-31 19:22:38' AND status='pending' ORDER BY priority ASC, attempts ASC, scheduled_date_gmt ASC, action_id ASC LIMIT 25 FOR UPDATE ) t2 ON t1.action_id = t2.action_id SET claim_id=812, last_attempt_gmt='2026-03-31 19:22:38', last_attempt_local='2026-03-31 19:22:38'</p>
<p>Queries made or created this session were:</p>
<ol>
<li>Executing: BEGIN | (no parameters)</li>
<li>Executing: UPDATE wp_actionscheduler_actions t1 JOIN ( SELECT action_id from wp_actionscheduler_actions WHERE claim_id = 0 AND scheduled_date_gmt &lt;= :param0  AND status=:param1  ORDER BY priority ASC, attempts ASC, scheduled_date_gmt ASC, action_id ASC LIMIT 25 FOR UPDATE ) t2 ON t1.action_i CONTEXT: {"error":{"type":1,"file":"/var/www/html/wp-content/plugins/woocommerce/packages/action-scheduler/classes/data-stores/ActionScheduler_DBStore.php","line":1019},"remote-logging":true,"backtrace":[{"file":"/var/www/html/wp-content/plugins/woocommerce/includes/class-woocommerce.php","line":482,"function":"critical","class":"WC_Logger","type":"->"},{"function":"log_errors","class":"WooCommerce","type":"->"}]}
2026-03-31T19:23:34+00:00 CRITICAL Uncaught RuntimeException: Unable to claim actions. Database error: <div style="clear:both">&nbsp;</div>
<div class="queries" style="clear:both;margin-bottom:2px;border:red dotted thin;">
<p>MySQL query:</p>
<p>UPDATE wp_actionscheduler_actions t1 JOIN ( SELECT action_id from wp_actionscheduler_actions WHERE claim_id = 0 AND scheduled_date_gmt <= '2026-03-31 19:23:34' AND status='pending' ORDER BY priority ASC, attempts ASC, scheduled_date_gmt ASC, action_id ASC LIMIT 25 FOR UPDATE ) t2 ON t1.action_id = t2.action_id SET claim_id=813, last_attempt_gmt='2026-03-31 19:23:34', last_attempt_local='2026-03-31 19:23:34'</p>
<p>Queries made or created this session were:</p>
<ol>
<li>Executing: BEGIN | (no parameters)</li>
<li>Executing: UPDATE wp_actionscheduler_actions t1 JOIN ( SELECT action_id from wp_actionscheduler_actions WHERE claim_id = 0 AND scheduled_date_gmt &lt;= :param0  AND status=:param1  ORDER BY priority ASC, attempts ASC, scheduled_date_gmt ASC, action_id ASC LIMIT 25 FOR UPDATE ) t2 ON t1.action_i CONTEXT: {"error":{"type":1,"file":"/var/www/html/wp-content/plugins/woocommerce/packages/action-scheduler/classes/data-stores/ActionScheduler_DBStore.php","line":1019},"remote-logging":true,"backtrace":[{"file":"/var/www/html/wp-content/plugins/woocommerce/includes/class-woocommerce.php","line":482,"function":"critical","class":"WC_Logger","type":"->"},{"function":"log_errors","class":"WooCommerce","type":"->"}]}
2026-03-31T19:23:53+00:00 CRITICAL Uncaught RuntimeException: Unable to claim actions. Database error: <div style="clear:both">&nbsp;</div>
<div class="queries" style="clear:both;margin-bottom:2px;border:red dotted thin;">
<p>MySQL query:</p>
<p>UPDATE wp_actionscheduler_actions t1 JOIN ( SELECT action_id from wp_actionscheduler_actions WHERE claim_id = 0 AND scheduled_date_gmt <= '2026-03-31 19:23:53' AND status='pending' ORDER BY priority ASC, attempts ASC, scheduled_date_gmt ASC, action_id ASC LIMIT 25 FOR UPDATE ) t2 ON t1.action_id = t2.action_id SET claim_id=814, last_attempt_gmt='2026-03-31 19:23:53', last_attempt_local='2026-03-31 19:23:53'</p>
<p>Queries made or created this session were:</p>
<ol>
<li>Executing: BEGIN | (no parameters)</li>
<li>Executing: UPDATE wp_actionscheduler_actions t1 JOIN ( SELECT action_id from wp_actionscheduler_actions WHERE claim_id = 0 AND scheduled_date_gmt &lt;= :param0  AND status=:param1  ORDER BY priority ASC, attempts ASC, scheduled_date_gmt ASC, action_id ASC LIMIT 25 FOR UPDATE ) t2 ON t1.action_i CONTEXT: {"error":{"type":1,"file":"/var/www/html/wp-content/plugins/woocommerce/packages/action-scheduler/classes/data-stores/ActionScheduler_DBStore.php","line":1019},"remote-logging":true,"backtrace":[{"file":"/var/www/html/wp-content/plugins/woocommerce/includes/class-woocommerce.php","line":482,"function":"critical","class":"WC_Logger","type":"->"},{"function":"log_errors","class":"WooCommerce","type":"->"}]}
2026-03-31T19:24:35+00:00 CRITICAL Uncaught RuntimeException: Unable to claim actions. Database error: <div style="clear:both">&nbsp;</div>
<div class="queries" style="clear:both;margin-bottom:2px;border:red dotted thin;">
<p>MySQL query:</p>
<p>UPDATE wp_actionscheduler_actions t1 JOIN ( SELECT action_id from wp_actionscheduler_actions WHERE claim_id = 0 AND scheduled_date_gmt <= '2026-03-31 19:24:35' AND status='pending' ORDER BY priority ASC, attempts ASC, scheduled_date_gmt ASC, action_id ASC LIMIT 25 FOR UPDATE ) t2 ON t1.action_id = t2.action_id SET claim_id=815, last_attempt_gmt='2026-03-31 19:24:35', last_attempt_local='2026-03-31 19:24:35'</p>
<p>Queries made or created this session were:</p>
<ol>
<li>Executing: BEGIN | (no parameters)</li>
<li>Executing: UPDATE wp_actionscheduler_actions t1 JOIN ( SELECT action_id from wp_actionscheduler_actions WHERE claim_id = 0 AND scheduled_date_gmt &lt;= :param0  AND status=:param1  ORDER BY priority ASC, attempts ASC, scheduled_date_gmt ASC, action_id ASC LIMIT 25 FOR UPDATE ) t2 ON t1.action_i CONTEXT: {"error":{"type":1,"file":"/var/www/html/wp-content/plugins/woocommerce/packages/action-scheduler/classes/data-stores/ActionScheduler_DBStore.php","line":1019},"remote-logging":true,"backtrace":[{"file":"/var/www/html/wp-content/plugins/woocommerce/includes/class-woocommerce.php","line":482,"function":"critical","class":"WC_Logger","type":"->"},{"function":"log_errors","class":"WooCommerce","type":"->"}]}
2026-03-31T19:25:20+00:00 CRITICAL Uncaught RuntimeException: Unable to claim actions. Database error: <div style="clear:both">&nbsp;</div>
<div class="queries" style="clear:both;margin-bottom:2px;border:red dotted thin;">
<p>MySQL query:</p>
<p>UPDATE wp_actionscheduler_actions t1 JOIN ( SELECT action_id from wp_actionscheduler_actions WHERE claim_id = 0 AND scheduled_date_gmt <= '2026-03-31 19:25:20' AND status='pending' ORDER BY priority ASC, attempts ASC, scheduled_date_gmt ASC, action_id ASC LIMIT 25 FOR UPDATE ) t2 ON t1.action_id = t2.action_id SET claim_id=816, last_attempt_gmt='2026-03-31 19:25:20', last_attempt_local='2026-03-31 19:25:20'</p>
<p>Queries made or created this session were:</p>
<ol>
<li>Executing: BEGIN | (no parameters)</li>
<li>Executing: UPDATE wp_actionscheduler_actions t1 JOIN ( SELECT action_id from wp_actionscheduler_actions WHERE claim_id = 0 AND scheduled_date_gmt &lt;= :param0  AND status=:param1  ORDER BY priority ASC, attempts ASC, scheduled_date_gmt ASC, action_id ASC LIMIT 25 FOR UPDATE ) t2 ON t1.action_i CONTEXT: {"error":{"type":1,"file":"/var/www/html/wp-content/plugins/woocommerce/packages/action-scheduler/classes/data-stores/ActionScheduler_DBStore.php","line":1019},"remote-logging":true,"backtrace":[{"file":"/var/www/html/wp-content/plugins/woocommerce/includes/class-woocommerce.php","line":482,"function":"critical","class":"WC_Logger","type":"->"},{"function":"log_errors","class":"WooCommerce","type":"->"}]}
2026-03-31T19:26:06+00:00 CRITICAL Uncaught RuntimeException: Unable to claim actions. Database error: <div style="clear:both">&nbsp;</div>
<div class="queries" style="clear:both;margin-bottom:2px;border:red dotted thin;">
<p>MySQL query:</p>
<p>UPDATE wp_actionscheduler_actions t1 JOIN ( SELECT action_id from wp_actionscheduler_actions WHERE claim_id = 0 AND scheduled_date_gmt <= '2026-03-31 19:26:06' AND status='pending' ORDER BY priority ASC, attempts ASC, scheduled_date_gmt ASC, action_id ASC LIMIT 25 FOR UPDATE ) t2 ON t1.action_id = t2.action_id SET claim_id=817, last_attempt_gmt='2026-03-31 19:26:06', last_attempt_local='2026-03-31 19:26:06'</p>
<p>Queries made or created this session were:</p>
<ol>
<li>Executing: BEGIN | (no parameters)</li>
<li>Executing: UPDATE wp_actionscheduler_actions t1 JOIN ( SELECT action_id from wp_actionscheduler_actions WHERE claim_id = 0 AND scheduled_date_gmt &lt;= :param0  AND status=:param1  ORDER BY priority ASC, attempts ASC, scheduled_date_gmt ASC, action_id ASC LIMIT 25 FOR UPDATE ) t2 ON t1.action_i CONTEXT: {"error":{"type":1,"file":"/var/www/html/wp-content/plugins/woocommerce/packages/action-scheduler/classes/data-stores/ActionScheduler_DBStore.php","line":1019},"remote-logging":true,"backtrace":[{"file":"/var/www/html/wp-content/plugins/woocommerce/includes/class-woocommerce.php","line":482,"function":"critical","class":"WC_Logger","type":"->"},{"function":"log_errors","class":"WooCommerce","type":"->"}]}
2026-03-31T19:27:15+00:00 CRITICAL Uncaught RuntimeException: Unable to claim actions. Database error: <div style="clear:both">&nbsp;</div>
<div class="queries" style="clear:both;margin-bottom:2px;border:red dotted thin;">
<p>MySQL query:</p>
<p>UPDATE wp_actionscheduler_actions t1 JOIN ( SELECT action_id from wp_actionscheduler_actions WHERE claim_id = 0 AND scheduled_date_gmt <= '2026-03-31 19:27:15' AND status='pending' ORDER BY priority ASC, attempts ASC, scheduled_date_gmt ASC, action_id ASC LIMIT 25 FOR UPDATE ) t2 ON t1.action_id = t2.action_id SET claim_id=818, last_attempt_gmt='2026-03-31 19:27:15', last_attempt_local='2026-03-31 19:27:15'</p>
<p>Queries made or created this session were:</p>
<ol>
<li>Executing: BEGIN | (no parameters)</li>
<li>Executing: UPDATE wp_actionscheduler_actions t1 JOIN ( SELECT action_id from wp_actionscheduler_actions WHERE claim_id = 0 AND scheduled_date_gmt &lt;= :param0  AND status=:param1  ORDER BY priority ASC, attempts ASC, scheduled_date_gmt ASC, action_id ASC LIMIT 25 FOR UPDATE ) t2 ON t1.action_i CONTEXT: {"error":{"type":1,"file":"/var/www/html/wp-content/plugins/woocommerce/packages/action-scheduler/classes/data-stores/ActionScheduler_DBStore.php","line":1019},"remote-logging":true,"backtrace":[{"file":"/var/www/html/wp-content/plugins/woocommerce/includes/class-woocommerce.php","line":482,"function":"critical","class":"WC_Logger","type":"->"},{"function":"log_errors","class":"WooCommerce","type":"->"}]}
2026-03-31T19:28:18+00:00 CRITICAL Uncaught RuntimeException: Unable to claim actions. Database error: <div style="clear:both">&nbsp;</div>
<div class="queries" style="clear:both;margin-bottom:2px;border:red dotted thin;">
<p>MySQL query:</p>
<p>UPDATE wp_actionscheduler_actions t1 JOIN ( SELECT action_id from wp_actionscheduler_actions WHERE claim_id = 0 AND scheduled_date_gmt <= '2026-03-31 19:28:18' AND status='pending' ORDER BY priority ASC, attempts ASC, scheduled_date_gmt ASC, action_id ASC LIMIT 25 FOR UPDATE ) t2 ON t1.action_id = t2.action_id SET claim_id=819, last_attempt_gmt='2026-03-31 19:28:18', last_attempt_local='2026-03-31 19:28:18'</p>
<p>Queries made or created this session were:</p>
<ol>
<li>Executing: BEGIN | (no parameters)</li>
<li>Executing: UPDATE wp_actionscheduler_actions t1 JOIN ( SELECT action_id from wp_actionscheduler_actions WHERE claim_id = 0 AND scheduled_date_gmt &lt;= :param0  AND status=:param1  ORDER BY priority ASC, attempts ASC, scheduled_date_gmt ASC, action_id ASC LIMIT 25 FOR UPDATE ) t2 ON t1.action_i CONTEXT: {"error":{"type":1,"file":"/var/www/html/wp-content/plugins/woocommerce/packages/action-scheduler/classes/data-stores/ActionScheduler_DBStore.php","line":1019},"remote-logging":true,"backtrace":[{"file":"/var/www/html/wp-content/plugins/woocommerce/includes/class-woocommerce.php","line":482,"function":"critical","class":"WC_Logger","type":"->"},{"function":"log_errors","class":"WooCommerce","type":"->"}]}
2026-03-31T19:28:19+00:00 CRITICAL Uncaught RuntimeException: Unable to claim actions. Database error: <div style="clear:both">&nbsp;</div>
<div class="queries" style="clear:both;margin-bottom:2px;border:red dotted thin;">
<p>MySQL query:</p>
<p>UPDATE wp_actionscheduler_actions t1 JOIN ( SELECT action_id from wp_actionscheduler_actions WHERE claim_id = 0 AND scheduled_date_gmt <= '2026-03-31 19:28:19' AND status='pending' ORDER BY priority ASC, attempts ASC, scheduled_date_gmt ASC, action_id ASC LIMIT 25 FOR UPDATE ) t2 ON t1.action_id = t2.action_id SET claim_id=820, last_attempt_gmt='2026-03-31 19:28:19', last_attempt_local='2026-03-31 19:28:19'</p>
<p>Queries made or created this session were:</p>
<ol>
<li>Executing: BEGIN | (no parameters)</li>
<li>Executing: UPDATE wp_actionscheduler_actions t1 JOIN ( SELECT action_id from wp_actionscheduler_actions WHERE claim_id = 0 AND scheduled_date_gmt &lt;= :param0  AND status=:param1  ORDER BY priority ASC, attempts ASC, scheduled_date_gmt ASC, action_id ASC LIMIT 25 FOR UPDATE ) t2 ON t1.action_i CONTEXT: {"error":{"type":1,"file":"/var/www/html/wp-content/plugins/woocommerce/packages/action-scheduler/classes/data-stores/ActionScheduler_DBStore.php","line":1019},"remote-logging":true,"backtrace":[{"file":"/var/www/html/wp-content/plugins/woocommerce/includes/class-woocommerce.php","line":482,"function":"critical","class":"WC_Logger","type":"->"},{"function":"log_errors","class":"WooCommerce","type":"->"}]}
2026-03-31T19:29:23+00:00 CRITICAL Uncaught RuntimeException: Unable to claim actions. Database error: <div style="clear:both">&nbsp;</div>
<div class="queries" style="clear:both;margin-bottom:2px;border:red dotted thin;">
<p>MySQL query:</p>
<p>UPDATE wp_actionscheduler_actions t1 JOIN ( SELECT action_id from wp_actionscheduler_actions WHERE claim_id = 0 AND scheduled_date_gmt <= '2026-03-31 19:29:23' AND status='pending' ORDER BY priority ASC, attempts ASC, scheduled_date_gmt ASC, action_id ASC LIMIT 25 FOR UPDATE ) t2 ON t1.action_id = t2.action_id SET claim_id=821, last_attempt_gmt='2026-03-31 19:29:23', last_attempt_local='2026-03-31 19:29:23'</p>
<p>Queries made or created this session were:</p>
<ol>
<li>Executing: BEGIN | (no parameters)</li>
<li>Executing: UPDATE wp_actionscheduler_actions t1 JOIN ( SELECT action_id from wp_actionscheduler_actions WHERE claim_id = 0 AND scheduled_date_gmt &lt;= :param0  AND status=:param1  ORDER BY priority ASC, attempts ASC, scheduled_date_gmt ASC, action_id ASC LIMIT 25 FOR UPDATE ) t2 ON t1.action_i CONTEXT: {"error":{"type":1,"file":"/var/www/html/wp-content/plugins/woocommerce/packages/action-scheduler/classes/data-stores/ActionScheduler_DBStore.php","line":1019},"remote-logging":true,"backtrace":[{"file":"/var/www/html/wp-content/plugins/woocommerce/includes/class-woocommerce.php","line":482,"function":"critical","class":"WC_Logger","type":"->"},{"function":"log_errors","class":"WooCommerce","type":"->"}]}
2026-03-31T19:29:26+00:00 CRITICAL Uncaught RuntimeException: Unable to claim actions. Database error: <div style="clear:both">&nbsp;</div>
<div class="queries" style="clear:both;margin-bottom:2px;border:red dotted thin;">
<p>MySQL query:</p>
<p>UPDATE wp_actionscheduler_actions t1 JOIN ( SELECT action_id from wp_actionscheduler_actions WHERE claim_id = 0 AND scheduled_date_gmt <= '2026-03-31 19:29:26' AND status='pending' ORDER BY priority ASC, attempts ASC, scheduled_date_gmt ASC, action_id ASC LIMIT 25 FOR UPDATE ) t2 ON t1.action_id = t2.action_id SET claim_id=822, last_attempt_gmt='2026-03-31 19:29:26', last_attempt_local='2026-03-31 19:29:26'</p>
<p>Queries made or created this session were:</p>
<ol>
<li>Executing: BEGIN | (no parameters)</li>
<li>Executing: UPDATE wp_actionscheduler_actions t1 JOIN ( SELECT action_id from wp_actionscheduler_actions WHERE claim_id = 0 AND scheduled_date_gmt &lt;= :param0  AND status=:param1  ORDER BY priority ASC, attempts ASC, scheduled_date_gmt ASC, action_id ASC LIMIT 25 FOR UPDATE ) t2 ON t1.action_i CONTEXT: {"error":{"type":1,"file":"/var/www/html/wp-content/plugins/woocommerce/packages/action-scheduler/classes/data-stores/ActionScheduler_DBStore.php","line":1019},"remote-logging":true,"backtrace":[{"file":"/var/www/html/wp-content/plugins/woocommerce/includes/class-woocommerce.php","line":482,"function":"critical","class":"WC_Logger","type":"->"},{"function":"log_errors","class":"WooCommerce","type":"->"}]}
2026-03-31T19:30:34+00:00 CRITICAL Uncaught RuntimeException: Unable to claim actions. Database error: <div style="clear:both">&nbsp;</div>
<div class="queries" style="clear:both;margin-bottom:2px;border:red dotted thin;">
<p>MySQL query:</p>
<p>UPDATE wp_actionscheduler_actions t1 JOIN ( SELECT action_id from wp_actionscheduler_actions WHERE claim_id = 0 AND scheduled_date_gmt <= '2026-03-31 19:30:34' AND status='pending' ORDER BY priority ASC, attempts ASC, scheduled_date_gmt ASC, action_id ASC LIMIT 25 FOR UPDATE ) t2 ON t1.action_id = t2.action_id SET claim_id=823, last_attempt_gmt='2026-03-31 19:30:34', last_attempt_local='2026-03-31 19:30:34'</p>
<p>Queries made or created this session were:</p>
<ol>
<li>Executing: BEGIN | (no parameters)</li>
<li>Executing: UPDATE wp_actionscheduler_actions t1 JOIN ( SELECT action_id from wp_actionscheduler_actions WHERE claim_id = 0 AND scheduled_date_gmt &lt;= :param0  AND status=:param1  ORDER BY priority ASC, attempts ASC, scheduled_date_gmt ASC, action_id ASC LIMIT 25 FOR UPDATE ) t2 ON t1.action_i CONTEXT: {"error":{"type":1,"file":"/var/www/html/wp-content/plugins/woocommerce/packages/action-scheduler/classes/data-stores/ActionScheduler_DBStore.php","line":1019},"remote-logging":true,"backtrace":[{"file":"/var/www/html/wp-content/plugins/woocommerce/includes/class-woocommerce.php","line":482,"function":"critical","class":"WC_Logger","type":"->"},{"function":"log_errors","class":"WooCommerce","type":"->"}]}
2026-03-31T19:30:47+00:00 CRITICAL Uncaught RuntimeException: Unable to claim actions. Database error: <div style="clear:both">&nbsp;</div>
<div class="queries" style="clear:both;margin-bottom:2px;border:red dotted thin;">
<p>MySQL query:</p>
<p>UPDATE wp_actionscheduler_actions t1 JOIN ( SELECT action_id from wp_actionscheduler_actions WHERE claim_id = 0 AND scheduled_date_gmt <= '2026-03-31 19:30:47' AND status='pending' ORDER BY priority ASC, attempts ASC, scheduled_date_gmt ASC, action_id ASC LIMIT 25 FOR UPDATE ) t2 ON t1.action_id = t2.action_id SET claim_id=824, last_attempt_gmt='2026-03-31 19:30:47', last_attempt_local='2026-03-31 19:30:47'</p>
<p>Queries made or created this session were:</p>
<ol>
<li>Executing: BEGIN | (no parameters)</li>
<li>Executing: UPDATE wp_actionscheduler_actions t1 JOIN ( SELECT action_id from wp_actionscheduler_actions WHERE claim_id = 0 AND scheduled_date_gmt &lt;= :param0  AND status=:param1  ORDER BY priority ASC, attempts ASC, scheduled_date_gmt ASC, action_id ASC LIMIT 25 FOR UPDATE ) t2 ON t1.action_i CONTEXT: {"error":{"type":1,"file":"/var/www/html/wp-content/plugins/woocommerce/packages/action-scheduler/classes/data-stores/ActionScheduler_DBStore.php","line":1019},"remote-logging":true,"backtrace":[{"file":"/var/www/html/wp-content/plugins/woocommerce/includes/class-woocommerce.php","line":482,"function":"critical","class":"WC_Logger","type":"->"},{"function":"log_errors","class":"WooCommerce","type":"->"}]}
2026-03-31T19:32:04+00:00 CRITICAL Uncaught RuntimeException: Unable to claim actions. Database error: <div style="clear:both">&nbsp;</div>
<div class="queries" style="clear:both;margin-bottom:2px;border:red dotted thin;">
<p>MySQL query:</p>
<p>UPDATE wp_actionscheduler_actions t1 JOIN ( SELECT action_id from wp_actionscheduler_actions WHERE claim_id = 0 AND scheduled_date_gmt <= '2026-03-31 19:32:04' AND status='pending' ORDER BY priority ASC, attempts ASC, scheduled_date_gmt ASC, action_id ASC LIMIT 25 FOR UPDATE ) t2 ON t1.action_id = t2.action_id SET claim_id=825, last_attempt_gmt='2026-03-31 19:32:04', last_attempt_local='2026-03-31 19:32:04'</p>
<p>Queries made or created this session were:</p>
<ol>
<li>Executing: BEGIN | (no parameters)</li>
<li>Executing: UPDATE wp_actionscheduler_actions t1 JOIN ( SELECT action_id from wp_actionscheduler_actions WHERE claim_id = 0 AND scheduled_date_gmt &lt;= :param0  AND status=:param1  ORDER BY priority ASC, attempts ASC, scheduled_date_gmt ASC, action_id ASC LIMIT 25 FOR UPDATE ) t2 ON t1.action_i CONTEXT: {"error":{"type":1,"file":"/var/www/html/wp-content/plugins/woocommerce/packages/action-scheduler/classes/data-stores/ActionScheduler_DBStore.php","line":1019},"remote-logging":true,"backtrace":[{"file":"/var/www/html/wp-content/plugins/woocommerce/includes/class-woocommerce.php","line":482,"function":"critical","class":"WC_Logger","type":"->"},{"function":"log_errors","class":"WooCommerce","type":"->"}]}
2026-03-31T19:32:05+00:00 CRITICAL Uncaught RuntimeException: Unable to claim actions. Database error: <div style="clear:both">&nbsp;</div>
<div class="queries" style="clear:both;margin-bottom:2px;border:red dotted thin;">
<p>MySQL query:</p>
<p>UPDATE wp_actionscheduler_actions t1 JOIN ( SELECT action_id from wp_actionscheduler_actions WHERE claim_id = 0 AND scheduled_date_gmt <= '2026-03-31 19:32:05' AND status='pending' ORDER BY priority ASC, attempts ASC, scheduled_date_gmt ASC, action_id ASC LIMIT 25 FOR UPDATE ) t2 ON t1.action_id = t2.action_id SET claim_id=826, last_attempt_gmt='2026-03-31 19:32:05', last_attempt_local='2026-03-31 19:32:05'</p>
<p>Queries made or created this session were:</p>
<ol>
<li>Executing: BEGIN | (no parameters)</li>
<li>Executing: UPDATE wp_actionscheduler_actions t1 JOIN ( SELECT action_id from wp_actionscheduler_actions WHERE claim_id = 0 AND scheduled_date_gmt &lt;= :param0  AND status=:param1  ORDER BY priority ASC, attempts ASC, scheduled_date_gmt ASC, action_id ASC LIMIT 25 FOR UPDATE ) t2 ON t1.action_i CONTEXT: {"error":{"type":1,"file":"/var/www/html/wp-content/plugins/woocommerce/packages/action-scheduler/classes/data-stores/ActionScheduler_DBStore.php","line":1019},"remote-logging":true,"backtrace":[{"file":"/var/www/html/wp-content/plugins/woocommerce/includes/class-woocommerce.php","line":482,"function":"critical","class":"WC_Logger","type":"->"},{"function":"log_errors","class":"WooCommerce","type":"->"}]}
2026-03-31T19:33:42+00:00 CRITICAL Uncaught RuntimeException: Unable to claim actions. Database error: <div style="clear:both">&nbsp;</div>
<div class="queries" style="clear:both;margin-bottom:2px;border:red dotted thin;">
<p>MySQL query:</p>
<p>UPDATE wp_actionscheduler_actions t1 JOIN ( SELECT action_id from wp_actionscheduler_actions WHERE claim_id = 0 AND scheduled_date_gmt <= '2026-03-31 19:33:42' AND status='pending' ORDER BY priority ASC, attempts ASC, scheduled_date_gmt ASC, action_id ASC LIMIT 25 FOR UPDATE ) t2 ON t1.action_id = t2.action_id SET claim_id=827, last_attempt_gmt='2026-03-31 19:33:42', last_attempt_local='2026-03-31 19:33:42'</p>
<p>Queries made or created this session were:</p>
<ol>
<li>Executing: BEGIN | (no parameters)</li>
<li>Executing: UPDATE wp_actionscheduler_actions t1 JOIN ( SELECT action_id from wp_actionscheduler_actions WHERE claim_id = 0 AND scheduled_date_gmt &lt;= :param0  AND status=:param1  ORDER BY priority ASC, attempts ASC, scheduled_date_gmt ASC, action_id ASC LIMIT 25 FOR UPDATE ) t2 ON t1.action_i CONTEXT: {"error":{"type":1,"file":"/var/www/html/wp-content/plugins/woocommerce/packages/action-scheduler/classes/data-stores/ActionScheduler_DBStore.php","line":1019},"remote-logging":true,"backtrace":[{"file":"/var/www/html/wp-content/plugins/woocommerce/includes/class-woocommerce.php","line":482,"function":"critical","class":"WC_Logger","type":"->"},{"function":"log_errors","class":"WooCommerce","type":"->"}]}
2026-03-31T19:34:02+00:00 CRITICAL Uncaught RuntimeException: Unable to claim actions. Database error: <div style="clear:both">&nbsp;</div>
<div class="queries" style="clear:both;margin-bottom:2px;border:red dotted thin;">
<p>MySQL query:</p>
<p>UPDATE wp_actionscheduler_actions t1 JOIN ( SELECT action_id from wp_actionscheduler_actions WHERE claim_id = 0 AND scheduled_date_gmt <= '2026-03-31 19:34:02' AND status='pending' ORDER BY priority ASC, attempts ASC, scheduled_date_gmt ASC, action_id ASC LIMIT 25 FOR UPDATE ) t2 ON t1.action_id = t2.action_id SET claim_id=828, last_attempt_gmt='2026-03-31 19:34:02', last_attempt_local='2026-03-31 19:34:02'</p>
<p>Queries made or created this session were:</p>
<ol>
<li>Executing: BEGIN | (no parameters)</li>
<li>Executing: UPDATE wp_actionscheduler_actions t1 JOIN ( SELECT action_id from wp_actionscheduler_actions WHERE claim_id = 0 AND scheduled_date_gmt &lt;= :param0  AND status=:param1  ORDER BY priority ASC, attempts ASC, scheduled_date_gmt ASC, action_id ASC LIMIT 25 FOR UPDATE ) t2 ON t1.action_i CONTEXT: {"error":{"type":1,"file":"/var/www/html/wp-content/plugins/woocommerce/packages/action-scheduler/classes/data-stores/ActionScheduler_DBStore.php","line":1019},"remote-logging":true,"backtrace":[{"file":"/var/www/html/wp-content/plugins/woocommerce/includes/class-woocommerce.php","line":482,"function":"critical","class":"WC_Logger","type":"->"},{"function":"log_errors","class":"WooCommerce","type":"->"}]}
2026-03-31T19:35:09+00:00 CRITICAL Uncaught RuntimeException: Unable to claim actions. Database error: <div style="clear:both">&nbsp;</div>
<div class="queries" style="clear:both;margin-bottom:2px;border:red dotted thin;">
<p>MySQL query:</p>
<p>UPDATE wp_actionscheduler_actions t1 JOIN ( SELECT action_id from wp_actionscheduler_actions WHERE claim_id = 0 AND scheduled_date_gmt <= '2026-03-31 19:35:09' AND status='pending' ORDER BY priority ASC, attempts ASC, scheduled_date_gmt ASC, action_id ASC LIMIT 25 FOR UPDATE ) t2 ON t1.action_id = t2.action_id SET claim_id=829, last_attempt_gmt='2026-03-31 19:35:09', last_attempt_local='2026-03-31 19:35:09'</p>
<p>Queries made or created this session were:</p>
<ol>
<li>Executing: BEGIN | (no parameters)</li>
<li>Executing: UPDATE wp_actionscheduler_actions t1 JOIN ( SELECT action_id from wp_actionscheduler_actions WHERE claim_id = 0 AND scheduled_date_gmt &lt;= :param0  AND status=:param1  ORDER BY priority ASC, attempts ASC, scheduled_date_gmt ASC, action_id ASC LIMIT 25 FOR UPDATE ) t2 ON t1.action_i CONTEXT: {"error":{"type":1,"file":"/var/www/html/wp-content/plugins/woocommerce/packages/action-scheduler/classes/data-stores/ActionScheduler_DBStore.php","line":1019},"remote-logging":true,"backtrace":[{"file":"/var/www/html/wp-content/plugins/woocommerce/includes/class-woocommerce.php","line":482,"function":"critical","class":"WC_Logger","type":"->"},{"function":"log_errors","class":"WooCommerce","type":"->"}]}
2026-03-31T19:36:16+00:00 CRITICAL Uncaught RuntimeException: Unable to claim actions. Database error: <div style="clear:both">&nbsp;</div>
<div class="queries" style="clear:both;margin-bottom:2px;border:red dotted thin;">
<p>MySQL query:</p>
<p>UPDATE wp_actionscheduler_actions t1 JOIN ( SELECT action_id from wp_actionscheduler_actions WHERE claim_id = 0 AND scheduled_date_gmt <= '2026-03-31 19:36:16' AND status='pending' ORDER BY priority ASC, attempts ASC, scheduled_date_gmt ASC, action_id ASC LIMIT 25 FOR UPDATE ) t2 ON t1.action_id = t2.action_id SET claim_id=830, last_attempt_gmt='2026-03-31 19:36:16', last_attempt_local='2026-03-31 19:36:16'</p>
<p>Queries made or created this session were:</p>
<ol>
<li>Executing: BEGIN | (no parameters)</li>
<li>Executing: UPDATE wp_actionscheduler_actions t1 JOIN ( SELECT action_id from wp_actionscheduler_actions WHERE claim_id = 0 AND scheduled_date_gmt &lt;= :param0  AND status=:param1  ORDER BY priority ASC, attempts ASC, scheduled_date_gmt ASC, action_id ASC LIMIT 25 FOR UPDATE ) t2 ON t1.action_i CONTEXT: {"error":{"type":1,"file":"/var/www/html/wp-content/plugins/woocommerce/packages/action-scheduler/classes/data-stores/ActionScheduler_DBStore.php","line":1019},"remote-logging":true,"backtrace":[{"file":"/var/www/html/wp-content/plugins/woocommerce/includes/class-woocommerce.php","line":482,"function":"critical","class":"WC_Logger","type":"->"},{"function":"log_errors","class":"WooCommerce","type":"->"}]}
2026-03-31T19:36:16+00:00 CRITICAL Uncaught RuntimeException: Unable to claim actions. Database error: <div style="clear:both">&nbsp;</div>
<div class="queries" style="clear:both;margin-bottom:2px;border:red dotted thin;">
<p>MySQL query:</p>
<p>UPDATE wp_actionscheduler_actions t1 JOIN ( SELECT action_id from wp_actionscheduler_actions WHERE claim_id = 0 AND scheduled_date_gmt <= '2026-03-31 19:36:16' AND status='pending' ORDER BY priority ASC, attempts ASC, scheduled_date_gmt ASC, action_id ASC LIMIT 25 FOR UPDATE ) t2 ON t1.action_id = t2.action_id SET claim_id=831, last_attempt_gmt='2026-03-31 19:36:16', last_attempt_local='2026-03-31 19:36:16'</p>
<p>Queries made or created this session were:</p>
<ol>
<li>Executing: BEGIN | (no parameters)</li>
<li>Executing: UPDATE wp_actionscheduler_actions t1 JOIN ( SELECT action_id from wp_actionscheduler_actions WHERE claim_id = 0 AND scheduled_date_gmt &lt;= :param0  AND status=:param1  ORDER BY priority ASC, attempts ASC, scheduled_date_gmt ASC, action_id ASC LIMIT 25 FOR UPDATE ) t2 ON t1.action_i CONTEXT: {"error":{"type":1,"file":"/var/www/html/wp-content/plugins/woocommerce/packages/action-scheduler/classes/data-stores/ActionScheduler_DBStore.php","line":1019},"remote-logging":true,"backtrace":[{"file":"/var/www/html/wp-content/plugins/woocommerce/includes/class-woocommerce.php","line":482,"function":"critical","class":"WC_Logger","type":"->"},{"function":"log_errors","class":"WooCommerce","type":"->"}]}
2026-03-31T19:37:17+00:00 CRITICAL Uncaught RuntimeException: Unable to claim actions. Database error: <div style="clear:both">&nbsp;</div>
<div class="queries" style="clear:both;margin-bottom:2px;border:red dotted thin;">
<p>MySQL query:</p>
<p>UPDATE wp_actionscheduler_actions t1 JOIN ( SELECT action_id from wp_actionscheduler_actions WHERE claim_id = 0 AND scheduled_date_gmt <= '2026-03-31 19:37:17' AND status='pending' ORDER BY priority ASC, attempts ASC, scheduled_date_gmt ASC, action_id ASC LIMIT 25 FOR UPDATE ) t2 ON t1.action_id = t2.action_id SET claim_id=832, last_attempt_gmt='2026-03-31 19:37:17', last_attempt_local='2026-03-31 19:37:17'</p>
<p>Queries made or created this session were:</p>
<ol>
<li>Executing: BEGIN | (no parameters)</li>
<li>Executing: UPDATE wp_actionscheduler_actions t1 JOIN ( SELECT action_id from wp_actionscheduler_actions WHERE claim_id = 0 AND scheduled_date_gmt &lt;= :param0  AND status=:param1  ORDER BY priority ASC, attempts ASC, scheduled_date_gmt ASC, action_id ASC LIMIT 25 FOR UPDATE ) t2 ON t1.action_i CONTEXT: {"error":{"type":1,"file":"/var/www/html/wp-content/plugins/woocommerce/packages/action-scheduler/classes/data-stores/ActionScheduler_DBStore.php","line":1019},"remote-logging":true,"backtrace":[{"file":"/var/www/html/wp-content/plugins/woocommerce/includes/class-woocommerce.php","line":482,"function":"critical","class":"WC_Logger","type":"->"},{"function":"log_errors","class":"WooCommerce","type":"->"}]}
2026-03-31T19:37:18+00:00 CRITICAL Uncaught RuntimeException: Unable to claim actions. Database error: <div style="clear:both">&nbsp;</div>
<div class="queries" style="clear:both;margin-bottom:2px;border:red dotted thin;">
<p>MySQL query:</p>
<p>UPDATE wp_actionscheduler_actions t1 JOIN ( SELECT action_id from wp_actionscheduler_actions WHERE claim_id = 0 AND scheduled_date_gmt <= '2026-03-31 19:37:18' AND status='pending' ORDER BY priority ASC, attempts ASC, scheduled_date_gmt ASC, action_id ASC LIMIT 25 FOR UPDATE ) t2 ON t1.action_id = t2.action_id SET claim_id=833, last_attempt_gmt='2026-03-31 19:37:18', last_attempt_local='2026-03-31 19:37:18'</p>
<p>Queries made or created this session were:</p>
<ol>
<li>Executing: BEGIN | (no parameters)</li>
<li>Executing: UPDATE wp_actionscheduler_actions t1 JOIN ( SELECT action_id from wp_actionscheduler_actions WHERE claim_id = 0 AND scheduled_date_gmt &lt;= :param0  AND status=:param1  ORDER BY priority ASC, attempts ASC, scheduled_date_gmt ASC, action_id ASC LIMIT 25 FOR UPDATE ) t2 ON t1.action_i CONTEXT: {"error":{"type":1,"file":"/var/www/html/wp-content/plugins/woocommerce/packages/action-scheduler/classes/data-stores/ActionScheduler_DBStore.php","line":1019},"remote-logging":true,"backtrace":[{"file":"/var/www/html/wp-content/plugins/woocommerce/includes/class-woocommerce.php","line":482,"function":"critical","class":"WC_Logger","type":"->"},{"function":"log_errors","class":"WooCommerce","type":"->"}]}
2026-03-31T19:38:19+00:00 CRITICAL Uncaught RuntimeException: Unable to claim actions. Database error: <div style="clear:both">&nbsp;</div>
<div class="queries" style="clear:both;margin-bottom:2px;border:red dotted thin;">
<p>MySQL query:</p>
<p>UPDATE wp_actionscheduler_actions t1 JOIN ( SELECT action_id from wp_actionscheduler_actions WHERE claim_id = 0 AND scheduled_date_gmt <= '2026-03-31 19:38:19' AND status='pending' ORDER BY priority ASC, attempts ASC, scheduled_date_gmt ASC, action_id ASC LIMIT 25 FOR UPDATE ) t2 ON t1.action_id = t2.action_id SET claim_id=834, last_attempt_gmt='2026-03-31 19:38:19', last_attempt_local='2026-03-31 19:38:19'</p>
<p>Queries made or created this session were:</p>
<ol>
<li>Executing: BEGIN | (no parameters)</li>
<li>Executing: UPDATE wp_actionscheduler_actions t1 JOIN ( SELECT action_id from wp_actionscheduler_actions WHERE claim_id = 0 AND scheduled_date_gmt &lt;= :param0  AND status=:param1  ORDER BY priority ASC, attempts ASC, scheduled_date_gmt ASC, action_id ASC LIMIT 25 FOR UPDATE ) t2 ON t1.action_i CONTEXT: {"error":{"type":1,"file":"/var/www/html/wp-content/plugins/woocommerce/packages/action-scheduler/classes/data-stores/ActionScheduler_DBStore.php","line":1019},"remote-logging":true,"backtrace":[{"file":"/var/www/html/wp-content/plugins/woocommerce/includes/class-woocommerce.php","line":482,"function":"critical","class":"WC_Logger","type":"->"},{"function":"log_errors","class":"WooCommerce","type":"->"}]}
2026-03-31T19:38:39+00:00 CRITICAL Uncaught RuntimeException: Unable to claim actions. Database error: <div style="clear:both">&nbsp;</div>
<div class="queries" style="clear:both;margin-bottom:2px;border:red dotted thin;">
<p>MySQL query:</p>
<p>UPDATE wp_actionscheduler_actions t1 JOIN ( SELECT action_id from wp_actionscheduler_actions WHERE claim_id = 0 AND scheduled_date_gmt <= '2026-03-31 19:38:39' AND status='pending' ORDER BY priority ASC, attempts ASC, scheduled_date_gmt ASC, action_id ASC LIMIT 25 FOR UPDATE ) t2 ON t1.action_id = t2.action_id SET claim_id=835, last_attempt_gmt='2026-03-31 19:38:39', last_attempt_local='2026-03-31 19:38:39'</p>
<p>Queries made or created this session were:</p>
<ol>
<li>Executing: BEGIN | (no parameters)</li>
<li>Executing: UPDATE wp_actionscheduler_actions t1 JOIN ( SELECT action_id from wp_actionscheduler_actions WHERE claim_id = 0 AND scheduled_date_gmt &lt;= :param0  AND status=:param1  ORDER BY priority ASC, attempts ASC, scheduled_date_gmt ASC, action_id ASC LIMIT 25 FOR UPDATE ) t2 ON t1.action_i CONTEXT: {"error":{"type":1,"file":"/var/www/html/wp-content/plugins/woocommerce/packages/action-scheduler/classes/data-stores/ActionScheduler_DBStore.php","line":1019},"remote-logging":true,"backtrace":[{"file":"/var/www/html/wp-content/plugins/woocommerce/includes/class-woocommerce.php","line":482,"function":"critical","class":"WC_Logger","type":"->"},{"function":"log_errors","class":"WooCommerce","type":"->"}]}
2026-03-31T19:39:48+00:00 CRITICAL Uncaught RuntimeException: Unable to claim actions. Database error: <div style="clear:both">&nbsp;</div>
<div class="queries" style="clear:both;margin-bottom:2px;border:red dotted thin;">
<p>MySQL query:</p>
<p>UPDATE wp_actionscheduler_actions t1 JOIN ( SELECT action_id from wp_actionscheduler_actions WHERE claim_id = 0 AND scheduled_date_gmt <= '2026-03-31 19:39:48' AND status='pending' ORDER BY priority ASC, attempts ASC, scheduled_date_gmt ASC, action_id ASC LIMIT 25 FOR UPDATE ) t2 ON t1.action_id = t2.action_id SET claim_id=836, last_attempt_gmt='2026-03-31 19:39:48', last_attempt_local='2026-03-31 19:39:48'</p>
<p>Queries made or created this session were:</p>
<ol>
<li>Executing: BEGIN | (no parameters)</li>
<li>Executing: UPDATE wp_actionscheduler_actions t1 JOIN ( SELECT action_id from wp_actionscheduler_actions WHERE claim_id = 0 AND scheduled_date_gmt &lt;= :param0  AND status=:param1  ORDER BY priority ASC, attempts ASC, scheduled_date_gmt ASC, action_id ASC LIMIT 25 FOR UPDATE ) t2 ON t1.action_i CONTEXT: {"error":{"type":1,"file":"/var/www/html/wp-content/plugins/woocommerce/packages/action-scheduler/classes/data-stores/ActionScheduler_DBStore.php","line":1019},"remote-logging":true,"backtrace":[{"file":"/var/www/html/wp-content/plugins/woocommerce/includes/class-woocommerce.php","line":482,"function":"critical","class":"WC_Logger","type":"->"},{"function":"log_errors","class":"WooCommerce","type":"->"}]}
2026-03-31T19:40:04+00:00 CRITICAL Uncaught RuntimeException: Unable to claim actions. Database error: <div style="clear:both">&nbsp;</div>
<div class="queries" style="clear:both;margin-bottom:2px;border:red dotted thin;">
<p>MySQL query:</p>
<p>UPDATE wp_actionscheduler_actions t1 JOIN ( SELECT action_id from wp_actionscheduler_actions WHERE claim_id = 0 AND scheduled_date_gmt <= '2026-03-31 19:40:04' AND status='pending' ORDER BY priority ASC, attempts ASC, scheduled_date_gmt ASC, action_id ASC LIMIT 25 FOR UPDATE ) t2 ON t1.action_id = t2.action_id SET claim_id=837, last_attempt_gmt='2026-03-31 19:40:04', last_attempt_local='2026-03-31 19:40:04'</p>
<p>Queries made or created this session were:</p>
<ol>
<li>Executing: BEGIN | (no parameters)</li>
<li>Executing: UPDATE wp_actionscheduler_actions t1 JOIN ( SELECT action_id from wp_actionscheduler_actions WHERE claim_id = 0 AND scheduled_date_gmt &lt;= :param0  AND status=:param1  ORDER BY priority ASC, attempts ASC, scheduled_date_gmt ASC, action_id ASC LIMIT 25 FOR UPDATE ) t2 ON t1.action_i CONTEXT: {"error":{"type":1,"file":"/var/www/html/wp-content/plugins/woocommerce/packages/action-scheduler/classes/data-stores/ActionScheduler_DBStore.php","line":1019},"remote-logging":true,"backtrace":[{"file":"/var/www/html/wp-content/plugins/woocommerce/includes/class-woocommerce.php","line":482,"function":"critical","class":"WC_Logger","type":"->"},{"function":"log_errors","class":"WooCommerce","type":"->"}]}
2026-03-31T19:40:50+00:00 CRITICAL Uncaught RuntimeException: Unable to claim actions. Database error: <div style="clear:both">&nbsp;</div>
<div class="queries" style="clear:both;margin-bottom:2px;border:red dotted thin;">
<p>MySQL query:</p>
<p>UPDATE wp_actionscheduler_actions t1 JOIN ( SELECT action_id from wp_actionscheduler_actions WHERE claim_id = 0 AND scheduled_date_gmt <= '2026-03-31 19:40:50' AND status='pending' ORDER BY priority ASC, attempts ASC, scheduled_date_gmt ASC, action_id ASC LIMIT 25 FOR UPDATE ) t2 ON t1.action_id = t2.action_id SET claim_id=838, last_attempt_gmt='2026-03-31 19:40:50', last_attempt_local='2026-03-31 19:40:50'</p>
<p>Queries made or created this session were:</p>
<ol>
<li>Executing: BEGIN | (no parameters)</li>
<li>Executing: UPDATE wp_actionscheduler_actions t1 JOIN ( SELECT action_id from wp_actionscheduler_actions WHERE claim_id = 0 AND scheduled_date_gmt &lt;= :param0  AND status=:param1  ORDER BY priority ASC, attempts ASC, scheduled_date_gmt ASC, action_id ASC LIMIT 25 FOR UPDATE ) t2 ON t1.action_i CONTEXT: {"error":{"type":1,"file":"/var/www/html/wp-content/plugins/woocommerce/packages/action-scheduler/classes/data-stores/ActionScheduler_DBStore.php","line":1019},"remote-logging":true,"backtrace":[{"file":"/var/www/html/wp-content/plugins/woocommerce/includes/class-woocommerce.php","line":482,"function":"critical","class":"WC_Logger","type":"->"},{"function":"log_errors","class":"WooCommerce","type":"->"}]}
2026-03-31T19:42:15+00:00 CRITICAL Uncaught RuntimeException: Unable to claim actions. Database error: <div style="clear:both">&nbsp;</div>
<div class="queries" style="clear:both;margin-bottom:2px;border:red dotted thin;">
<p>MySQL query:</p>
<p>UPDATE wp_actionscheduler_actions t1 JOIN ( SELECT action_id from wp_actionscheduler_actions WHERE claim_id = 0 AND scheduled_date_gmt <= '2026-03-31 19:42:15' AND status='pending' ORDER BY priority ASC, attempts ASC, scheduled_date_gmt ASC, action_id ASC LIMIT 25 FOR UPDATE ) t2 ON t1.action_id = t2.action_id SET claim_id=839, last_attempt_gmt='2026-03-31 19:42:15', last_attempt_local='2026-03-31 19:42:15'</p>
<p>Queries made or created this session were:</p>
<ol>
<li>Executing: BEGIN | (no parameters)</li>
<li>Executing: UPDATE wp_actionscheduler_actions t1 JOIN ( SELECT action_id from wp_actionscheduler_actions WHERE claim_id = 0 AND scheduled_date_gmt &lt;= :param0  AND status=:param1  ORDER BY priority ASC, attempts ASC, scheduled_date_gmt ASC, action_id ASC LIMIT 25 FOR UPDATE ) t2 ON t1.action_i CONTEXT: {"error":{"type":1,"file":"/var/www/html/wp-content/plugins/woocommerce/packages/action-scheduler/classes/data-stores/ActionScheduler_DBStore.php","line":1019},"remote-logging":true,"backtrace":[{"file":"/var/www/html/wp-content/plugins/woocommerce/includes/class-woocommerce.php","line":482,"function":"critical","class":"WC_Logger","type":"->"},{"function":"log_errors","class":"WooCommerce","type":"->"}]}
2026-03-31T19:42:16+00:00 CRITICAL Uncaught RuntimeException: Unable to claim actions. Database error: <div style="clear:both">&nbsp;</div>
<div class="queries" style="clear:both;margin-bottom:2px;border:red dotted thin;">
<p>MySQL query:</p>
<p>UPDATE wp_actionscheduler_actions t1 JOIN ( SELECT action_id from wp_actionscheduler_actions WHERE claim_id = 0 AND scheduled_date_gmt <= '2026-03-31 19:42:16' AND status='pending' ORDER BY priority ASC, attempts ASC, scheduled_date_gmt ASC, action_id ASC LIMIT 25 FOR UPDATE ) t2 ON t1.action_id = t2.action_id SET claim_id=840, last_attempt_gmt='2026-03-31 19:42:16', last_attempt_local='2026-03-31 19:42:16'</p>
<p>Queries made or created this session were:</p>
<ol>
<li>Executing: BEGIN | (no parameters)</li>
<li>Executing: UPDATE wp_actionscheduler_actions t1 JOIN ( SELECT action_id from wp_actionscheduler_actions WHERE claim_id = 0 AND scheduled_date_gmt &lt;= :param0  AND status=:param1  ORDER BY priority ASC, attempts ASC, scheduled_date_gmt ASC, action_id ASC LIMIT 25 FOR UPDATE ) t2 ON t1.action_i CONTEXT: {"error":{"type":1,"file":"/var/www/html/wp-content/plugins/woocommerce/packages/action-scheduler/classes/data-stores/ActionScheduler_DBStore.php","line":1019},"remote-logging":true,"backtrace":[{"file":"/var/www/html/wp-content/plugins/woocommerce/includes/class-woocommerce.php","line":482,"function":"critical","class":"WC_Logger","type":"->"},{"function":"log_errors","class":"WooCommerce","type":"->"}]}
2026-03-31T19:43:15+00:00 CRITICAL Uncaught RuntimeException: Unable to claim actions. Database error: <div style="clear:both">&nbsp;</div>
<div class="queries" style="clear:both;margin-bottom:2px;border:red dotted thin;">
<p>MySQL query:</p>
<p>UPDATE wp_actionscheduler_actions t1 JOIN ( SELECT action_id from wp_actionscheduler_actions WHERE claim_id = 0 AND scheduled_date_gmt <= '2026-03-31 19:43:15' AND status='pending' ORDER BY priority ASC, attempts ASC, scheduled_date_gmt ASC, action_id ASC LIMIT 25 FOR UPDATE ) t2 ON t1.action_id = t2.action_id SET claim_id=841, last_attempt_gmt='2026-03-31 19:43:15', last_attempt_local='2026-03-31 19:43:15'</p>
<p>Queries made or created this session were:</p>
<ol>
<li>Executing: BEGIN | (no parameters)</li>
<li>Executing: UPDATE wp_actionscheduler_actions t1 JOIN ( SELECT action_id from wp_actionscheduler_actions WHERE claim_id = 0 AND scheduled_date_gmt &lt;= :param0  AND status=:param1  ORDER BY priority ASC, attempts ASC, scheduled_date_gmt ASC, action_id ASC LIMIT 25 FOR UPDATE ) t2 ON t1.action_i CONTEXT: {"error":{"type":1,"file":"/var/www/html/wp-content/plugins/woocommerce/packages/action-scheduler/classes/data-stores/ActionScheduler_DBStore.php","line":1019},"remote-logging":true,"backtrace":[{"file":"/var/www/html/wp-content/plugins/woocommerce/includes/class-woocommerce.php","line":482,"function":"critical","class":"WC_Logger","type":"->"},{"function":"log_errors","class":"WooCommerce","type":"->"}]}
2026-03-31T19:44:16+00:00 CRITICAL Uncaught RuntimeException: Unable to claim actions. Database error: <div style="clear:both">&nbsp;</div>
<div class="queries" style="clear:both;margin-bottom:2px;border:red dotted thin;">
<p>MySQL query:</p>
<p>UPDATE wp_actionscheduler_actions t1 JOIN ( SELECT action_id from wp_actionscheduler_actions WHERE claim_id = 0 AND scheduled_date_gmt <= '2026-03-31 19:44:16' AND status='pending' ORDER BY priority ASC, attempts ASC, scheduled_date_gmt ASC, action_id ASC LIMIT 25 FOR UPDATE ) t2 ON t1.action_id = t2.action_id SET claim_id=842, last_attempt_gmt='2026-03-31 19:44:16', last_attempt_local='2026-03-31 19:44:16'</p>
<p>Queries made or created this session were:</p>
<ol>
<li>Executing: BEGIN | (no parameters)</li>
<li>Executing: UPDATE wp_actionscheduler_actions t1 JOIN ( SELECT action_id from wp_actionscheduler_actions WHERE claim_id = 0 AND scheduled_date_gmt &lt;= :param0  AND status=:param1  ORDER BY priority ASC, attempts ASC, scheduled_date_gmt ASC, action_id ASC LIMIT 25 FOR UPDATE ) t2 ON t1.action_i CONTEXT: {"error":{"type":1,"file":"/var/www/html/wp-content/plugins/woocommerce/packages/action-scheduler/classes/data-stores/ActionScheduler_DBStore.php","line":1019},"remote-logging":true,"backtrace":[{"file":"/var/www/html/wp-content/plugins/woocommerce/includes/class-woocommerce.php","line":482,"function":"critical","class":"WC_Logger","type":"->"},{"function":"log_errors","class":"WooCommerce","type":"->"}]}
2026-03-31T19:44:16+00:00 CRITICAL Uncaught RuntimeException: Unable to claim actions. Database error: <div style="clear:both">&nbsp;</div>
<div class="queries" style="clear:both;margin-bottom:2px;border:red dotted thin;">
<p>MySQL query:</p>
<p>UPDATE wp_actionscheduler_actions t1 JOIN ( SELECT action_id from wp_actionscheduler_actions WHERE claim_id = 0 AND scheduled_date_gmt <= '2026-03-31 19:44:16' AND status='pending' ORDER BY priority ASC, attempts ASC, scheduled_date_gmt ASC, action_id ASC LIMIT 25 FOR UPDATE ) t2 ON t1.action_id = t2.action_id SET claim_id=843, last_attempt_gmt='2026-03-31 19:44:16', last_attempt_local='2026-03-31 19:44:16'</p>
<p>Queries made or created this session were:</p>
<ol>
<li>Executing: BEGIN | (no parameters)</li>
<li>Executing: UPDATE wp_actionscheduler_actions t1 JOIN ( SELECT action_id from wp_actionscheduler_actions WHERE claim_id = 0 AND scheduled_date_gmt &lt;= :param0  AND status=:param1  ORDER BY priority ASC, attempts ASC, scheduled_date_gmt ASC, action_id ASC LIMIT 25 FOR UPDATE ) t2 ON t1.action_i CONTEXT: {"error":{"type":1,"file":"/var/www/html/wp-content/plugins/woocommerce/packages/action-scheduler/classes/data-stores/ActionScheduler_DBStore.php","line":1019},"remote-logging":true,"backtrace":[{"file":"/var/www/html/wp-content/plugins/woocommerce/includes/class-woocommerce.php","line":482,"function":"critical","class":"WC_Logger","type":"->"},{"function":"log_errors","class":"WooCommerce","type":"->"}]}
2026-03-31T19:45:17+00:00 CRITICAL Uncaught RuntimeException: Unable to claim actions. Database error: <div style="clear:both">&nbsp;</div>
<div class="queries" style="clear:both;margin-bottom:2px;border:red dotted thin;">
<p>MySQL query:</p>
<p>UPDATE wp_actionscheduler_actions t1 JOIN ( SELECT action_id from wp_actionscheduler_actions WHERE claim_id = 0 AND scheduled_date_gmt <= '2026-03-31 19:45:17' AND status='pending' ORDER BY priority ASC, attempts ASC, scheduled_date_gmt ASC, action_id ASC LIMIT 25 FOR UPDATE ) t2 ON t1.action_id = t2.action_id SET claim_id=844, last_attempt_gmt='2026-03-31 19:45:17', last_attempt_local='2026-03-31 19:45:17'</p>
<p>Queries made or created this session were:</p>
<ol>
<li>Executing: BEGIN | (no parameters)</li>
<li>Executing: UPDATE wp_actionscheduler_actions t1 JOIN ( SELECT action_id from wp_actionscheduler_actions WHERE claim_id = 0 AND scheduled_date_gmt &lt;= :param0  AND status=:param1  ORDER BY priority ASC, attempts ASC, scheduled_date_gmt ASC, action_id ASC LIMIT 25 FOR UPDATE ) t2 ON t1.action_i CONTEXT: {"error":{"type":1,"file":"/var/www/html/wp-content/plugins/woocommerce/packages/action-scheduler/classes/data-stores/ActionScheduler_DBStore.php","line":1019},"remote-logging":true,"backtrace":[{"file":"/var/www/html/wp-content/plugins/woocommerce/includes/class-woocommerce.php","line":482,"function":"critical","class":"WC_Logger","type":"->"},{"function":"log_errors","class":"WooCommerce","type":"->"}]}
2026-03-31T19:45:17+00:00 CRITICAL Uncaught RuntimeException: Unable to claim actions. Database error: <div style="clear:both">&nbsp;</div>
<div class="queries" style="clear:both;margin-bottom:2px;border:red dotted thin;">
<p>MySQL query:</p>
<p>UPDATE wp_actionscheduler_actions t1 JOIN ( SELECT action_id from wp_actionscheduler_actions WHERE claim_id = 0 AND scheduled_date_gmt <= '2026-03-31 19:45:17' AND status='pending' ORDER BY priority ASC, attempts ASC, scheduled_date_gmt ASC, action_id ASC LIMIT 25 FOR UPDATE ) t2 ON t1.action_id = t2.action_id SET claim_id=845, last_attempt_gmt='2026-03-31 19:45:17', last_attempt_local='2026-03-31 19:45:17'</p>
<p>Queries made or created this session were:</p>
<ol>
<li>Executing: BEGIN | (no parameters)</li>
<li>Executing: UPDATE wp_actionscheduler_actions t1 JOIN ( SELECT action_id from wp_actionscheduler_actions WHERE claim_id = 0 AND scheduled_date_gmt &lt;= :param0  AND status=:param1  ORDER BY priority ASC, attempts ASC, scheduled_date_gmt ASC, action_id ASC LIMIT 25 FOR UPDATE ) t2 ON t1.action_i CONTEXT: {"error":{"type":1,"file":"/var/www/html/wp-content/plugins/woocommerce/packages/action-scheduler/classes/data-stores/ActionScheduler_DBStore.php","line":1019},"remote-logging":true,"backtrace":[{"file":"/var/www/html/wp-content/plugins/woocommerce/includes/class-woocommerce.php","line":482,"function":"critical","class":"WC_Logger","type":"->"},{"function":"log_errors","class":"WooCommerce","type":"->"}]}
2026-03-31T19:46:27+00:00 CRITICAL Uncaught RuntimeException: Unable to claim actions. Database error: <div style="clear:both">&nbsp;</div>
<div class="queries" style="clear:both;margin-bottom:2px;border:red dotted thin;">
<p>MySQL query:</p>
<p>UPDATE wp_actionscheduler_actions t1 JOIN ( SELECT action_id from wp_actionscheduler_actions WHERE claim_id = 0 AND scheduled_date_gmt <= '2026-03-31 19:46:27' AND status='pending' ORDER BY priority ASC, attempts ASC, scheduled_date_gmt ASC, action_id ASC LIMIT 25 FOR UPDATE ) t2 ON t1.action_id = t2.action_id SET claim_id=846, last_attempt_gmt='2026-03-31 19:46:27', last_attempt_local='2026-03-31 19:46:27'</p>
<p>Queries made or created this session were:</p>
<ol>
<li>Executing: BEGIN | (no parameters)</li>
<li>Executing: UPDATE wp_actionscheduler_actions t1 JOIN ( SELECT action_id from wp_actionscheduler_actions WHERE claim_id = 0 AND scheduled_date_gmt &lt;= :param0  AND status=:param1  ORDER BY priority ASC, attempts ASC, scheduled_date_gmt ASC, action_id ASC LIMIT 25 FOR UPDATE ) t2 ON t1.action_i CONTEXT: {"error":{"type":1,"file":"/var/www/html/wp-content/plugins/woocommerce/packages/action-scheduler/classes/data-stores/ActionScheduler_DBStore.php","line":1019},"remote-logging":true,"backtrace":[{"file":"/var/www/html/wp-content/plugins/woocommerce/includes/class-woocommerce.php","line":482,"function":"critical","class":"WC_Logger","type":"->"},{"function":"log_errors","class":"WooCommerce","type":"->"}]}
2026-03-31T19:46:27+00:00 CRITICAL Uncaught RuntimeException: Unable to claim actions. Database error: <div style="clear:both">&nbsp;</div>
<div class="queries" style="clear:both;margin-bottom:2px;border:red dotted thin;">
<p>MySQL query:</p>
<p>UPDATE wp_actionscheduler_actions t1 JOIN ( SELECT action_id from wp_actionscheduler_actions WHERE claim_id = 0 AND scheduled_date_gmt <= '2026-03-31 19:46:27' AND status='pending' ORDER BY priority ASC, attempts ASC, scheduled_date_gmt ASC, action_id ASC LIMIT 25 FOR UPDATE ) t2 ON t1.action_id = t2.action_id SET claim_id=847, last_attempt_gmt='2026-03-31 19:46:27', last_attempt_local='2026-03-31 19:46:27'</p>
<p>Queries made or created this session were:</p>
<ol>
<li>Executing: BEGIN | (no parameters)</li>
<li>Executing: UPDATE wp_actionscheduler_actions t1 JOIN ( SELECT action_id from wp_actionscheduler_actions WHERE claim_id = 0 AND scheduled_date_gmt &lt;= :param0  AND status=:param1  ORDER BY priority ASC, attempts ASC, scheduled_date_gmt ASC, action_id ASC LIMIT 25 FOR UPDATE ) t2 ON t1.action_i CONTEXT: {"error":{"type":1,"file":"/var/www/html/wp-content/plugins/woocommerce/packages/action-scheduler/classes/data-stores/ActionScheduler_DBStore.php","line":1019},"remote-logging":true,"backtrace":[{"file":"/var/www/html/wp-content/plugins/woocommerce/includes/class-woocommerce.php","line":482,"function":"critical","class":"WC_Logger","type":"->"},{"function":"log_errors","class":"WooCommerce","type":"->"}]}
2026-03-31T19:47:32+00:00 CRITICAL Uncaught RuntimeException: Unable to claim actions. Database error: <div style="clear:both">&nbsp;</div>
<div class="queries" style="clear:both;margin-bottom:2px;border:red dotted thin;">
<p>MySQL query:</p>
<p>UPDATE wp_actionscheduler_actions t1 JOIN ( SELECT action_id from wp_actionscheduler_actions WHERE claim_id = 0 AND scheduled_date_gmt <= '2026-03-31 19:47:32' AND status='pending' ORDER BY priority ASC, attempts ASC, scheduled_date_gmt ASC, action_id ASC LIMIT 25 FOR UPDATE ) t2 ON t1.action_id = t2.action_id SET claim_id=848, last_attempt_gmt='2026-03-31 19:47:32', last_attempt_local='2026-03-31 19:47:32'</p>
<p>Queries made or created this session were:</p>
<ol>
<li>Executing: BEGIN | (no parameters)</li>
<li>Executing: UPDATE wp_actionscheduler_actions t1 JOIN ( SELECT action_id from wp_actionscheduler_actions WHERE claim_id = 0 AND scheduled_date_gmt &lt;= :param0  AND status=:param1  ORDER BY priority ASC, attempts ASC, scheduled_date_gmt ASC, action_id ASC LIMIT 25 FOR UPDATE ) t2 ON t1.action_i CONTEXT: {"error":{"type":1,"file":"/var/www/html/wp-content/plugins/woocommerce/packages/action-scheduler/classes/data-stores/ActionScheduler_DBStore.php","line":1019},"remote-logging":true,"backtrace":[{"file":"/var/www/html/wp-content/plugins/woocommerce/includes/class-woocommerce.php","line":482,"function":"critical","class":"WC_Logger","type":"->"},{"function":"log_errors","class":"WooCommerce","type":"->"}]}
2026-03-31T19:48:24+00:00 CRITICAL Uncaught RuntimeException: Unable to claim actions. Database error: <div style="clear:both">&nbsp;</div>
<div class="queries" style="clear:both;margin-bottom:2px;border:red dotted thin;">
<p>MySQL query:</p>
<p>UPDATE wp_actionscheduler_actions t1 JOIN ( SELECT action_id from wp_actionscheduler_actions WHERE claim_id = 0 AND scheduled_date_gmt <= '2026-03-31 19:48:24' AND status='pending' ORDER BY priority ASC, attempts ASC, scheduled_date_gmt ASC, action_id ASC LIMIT 25 FOR UPDATE ) t2 ON t1.action_id = t2.action_id SET claim_id=849, last_attempt_gmt='2026-03-31 19:48:24', last_attempt_local='2026-03-31 19:48:24'</p>
<p>Queries made or created this session were:</p>
<ol>
<li>Executing: BEGIN | (no parameters)</li>
<li>Executing: UPDATE wp_actionscheduler_actions t1 JOIN ( SELECT action_id from wp_actionscheduler_actions WHERE claim_id = 0 AND scheduled_date_gmt &lt;= :param0  AND status=:param1  ORDER BY priority ASC, attempts ASC, scheduled_date_gmt ASC, action_id ASC LIMIT 25 FOR UPDATE ) t2 ON t1.action_i CONTEXT: {"error":{"type":1,"file":"/var/www/html/wp-content/plugins/woocommerce/packages/action-scheduler/classes/data-stores/ActionScheduler_DBStore.php","line":1019},"remote-logging":true,"backtrace":[{"file":"/var/www/html/wp-content/plugins/woocommerce/includes/class-woocommerce.php","line":482,"function":"critical","class":"WC_Logger","type":"->"},{"function":"log_errors","class":"WooCommerce","type":"->"}]}
2026-03-31T19:49:52+00:00 CRITICAL Uncaught RuntimeException: Unable to claim actions. Database error: <div style="clear:both">&nbsp;</div>
<div class="queries" style="clear:both;margin-bottom:2px;border:red dotted thin;">
<p>MySQL query:</p>
<p>UPDATE wp_actionscheduler_actions t1 JOIN ( SELECT action_id from wp_actionscheduler_actions WHERE claim_id = 0 AND scheduled_date_gmt <= '2026-03-31 19:49:52' AND status='pending' ORDER BY priority ASC, attempts ASC, scheduled_date_gmt ASC, action_id ASC LIMIT 25 FOR UPDATE ) t2 ON t1.action_id = t2.action_id SET claim_id=850, last_attempt_gmt='2026-03-31 19:49:52', last_attempt_local='2026-03-31 19:49:52'</p>
<p>Queries made or created this session were:</p>
<ol>
<li>Executing: BEGIN | (no parameters)</li>
<li>Executing: UPDATE wp_actionscheduler_actions t1 JOIN ( SELECT action_id from wp_actionscheduler_actions WHERE claim_id = 0 AND scheduled_date_gmt &lt;= :param0  AND status=:param1  ORDER BY priority ASC, attempts ASC, scheduled_date_gmt ASC, action_id ASC LIMIT 25 FOR UPDATE ) t2 ON t1.action_i CONTEXT: {"error":{"type":1,"file":"/var/www/html/wp-content/plugins/woocommerce/packages/action-scheduler/classes/data-stores/ActionScheduler_DBStore.php","line":1019},"remote-logging":true,"backtrace":[{"file":"/var/www/html/wp-content/plugins/woocommerce/includes/class-woocommerce.php","line":482,"function":"critical","class":"WC_Logger","type":"->"},{"function":"log_errors","class":"WooCommerce","type":"->"}]}
2026-03-31T19:49:52+00:00 CRITICAL Uncaught RuntimeException: Unable to claim actions. Database error: <div style="clear:both">&nbsp;</div>
<div class="queries" style="clear:both;margin-bottom:2px;border:red dotted thin;">
<p>MySQL query:</p>
<p>UPDATE wp_actionscheduler_actions t1 JOIN ( SELECT action_id from wp_actionscheduler_actions WHERE claim_id = 0 AND scheduled_date_gmt <= '2026-03-31 19:49:52' AND status='pending' ORDER BY priority ASC, attempts ASC, scheduled_date_gmt ASC, action_id ASC LIMIT 25 FOR UPDATE ) t2 ON t1.action_id = t2.action_id SET claim_id=851, last_attempt_gmt='2026-03-31 19:49:52', last_attempt_local='2026-03-31 19:49:52'</p>
<p>Queries made or created this session were:</p>
<ol>
<li>Executing: BEGIN | (no parameters)</li>
<li>Executing: UPDATE wp_actionscheduler_actions t1 JOIN ( SELECT action_id from wp_actionscheduler_actions WHERE claim_id = 0 AND scheduled_date_gmt &lt;= :param0  AND status=:param1  ORDER BY priority ASC, attempts ASC, scheduled_date_gmt ASC, action_id ASC LIMIT 25 FOR UPDATE ) t2 ON t1.action_i CONTEXT: {"error":{"type":1,"file":"/var/www/html/wp-content/plugins/woocommerce/packages/action-scheduler/classes/data-stores/ActionScheduler_DBStore.php","line":1019},"remote-logging":true,"backtrace":[{"file":"/var/www/html/wp-content/plugins/woocommerce/includes/class-woocommerce.php","line":482,"function":"critical","class":"WC_Logger","type":"->"},{"function":"log_errors","class":"WooCommerce","type":"->"}]}
2026-03-31T19:51:20+00:00 CRITICAL Uncaught RuntimeException: Unable to claim actions. Database error: <div style="clear:both">&nbsp;</div>
<div class="queries" style="clear:both;margin-bottom:2px;border:red dotted thin;">
<p>MySQL query:</p>
<p>UPDATE wp_actionscheduler_actions t1 JOIN ( SELECT action_id from wp_actionscheduler_actions WHERE claim_id = 0 AND scheduled_date_gmt <= '2026-03-31 19:51:20' AND status='pending' ORDER BY priority ASC, attempts ASC, scheduled_date_gmt ASC, action_id ASC LIMIT 25 FOR UPDATE ) t2 ON t1.action_id = t2.action_id SET claim_id=852, last_attempt_gmt='2026-03-31 19:51:20', last_attempt_local='2026-03-31 19:51:20'</p>
<p>Queries made or created this session were:</p>
<ol>
<li>Executing: BEGIN | (no parameters)</li>
<li>Executing: UPDATE wp_actionscheduler_actions t1 JOIN ( SELECT action_id from wp_actionscheduler_actions WHERE claim_id = 0 AND scheduled_date_gmt &lt;= :param0  AND status=:param1  ORDER BY priority ASC, attempts ASC, scheduled_date_gmt ASC, action_id ASC LIMIT 25 FOR UPDATE ) t2 ON t1.action_i CONTEXT: {"error":{"type":1,"file":"/var/www/html/wp-content/plugins/woocommerce/packages/action-scheduler/classes/data-stores/ActionScheduler_DBStore.php","line":1019},"remote-logging":true,"backtrace":[{"file":"/var/www/html/wp-content/plugins/woocommerce/includes/class-woocommerce.php","line":482,"function":"critical","class":"WC_Logger","type":"->"},{"function":"log_errors","class":"WooCommerce","type":"->"}]}
2026-03-31T19:51:20+00:00 CRITICAL Uncaught RuntimeException: Unable to claim actions. Database error: <div style="clear:both">&nbsp;</div>
<div class="queries" style="clear:both;margin-bottom:2px;border:red dotted thin;">
<p>MySQL query:</p>
<p>UPDATE wp_actionscheduler_actions t1 JOIN ( SELECT action_id from wp_actionscheduler_actions WHERE claim_id = 0 AND scheduled_date_gmt <= '2026-03-31 19:51:20' AND status='pending' ORDER BY priority ASC, attempts ASC, scheduled_date_gmt ASC, action_id ASC LIMIT 25 FOR UPDATE ) t2 ON t1.action_id = t2.action_id SET claim_id=853, last_attempt_gmt='2026-03-31 19:51:20', last_attempt_local='2026-03-31 19:51:20'</p>
<p>Queries made or created this session were:</p>
<ol>
<li>Executing: BEGIN | (no parameters)</li>
<li>Executing: UPDATE wp_actionscheduler_actions t1 JOIN ( SELECT action_id from wp_actionscheduler_actions WHERE claim_id = 0 AND scheduled_date_gmt &lt;= :param0  AND status=:param1  ORDER BY priority ASC, attempts ASC, scheduled_date_gmt ASC, action_id ASC LIMIT 25 FOR UPDATE ) t2 ON t1.action_i CONTEXT: {"error":{"type":1,"file":"/var/www/html/wp-content/plugins/woocommerce/packages/action-scheduler/classes/data-stores/ActionScheduler_DBStore.php","line":1019},"remote-logging":true,"backtrace":[{"file":"/var/www/html/wp-content/plugins/woocommerce/includes/class-woocommerce.php","line":482,"function":"critical","class":"WC_Logger","type":"->"},{"function":"log_errors","class":"WooCommerce","type":"->"}]}
2026-03-31T19:53:21+00:00 CRITICAL Uncaught RuntimeException: Unable to claim actions. Database error: <div style="clear:both">&nbsp;</div>
<div class="queries" style="clear:both;margin-bottom:2px;border:red dotted thin;">
<p>MySQL query:</p>
<p>UPDATE wp_actionscheduler_actions t1 JOIN ( SELECT action_id from wp_actionscheduler_actions WHERE claim_id = 0 AND scheduled_date_gmt <= '2026-03-31 19:53:21' AND status='pending' ORDER BY priority ASC, attempts ASC, scheduled_date_gmt ASC, action_id ASC LIMIT 25 FOR UPDATE ) t2 ON t1.action_id = t2.action_id SET claim_id=854, last_attempt_gmt='2026-03-31 19:53:21', last_attempt_local='2026-03-31 19:53:21'</p>
<p>Queries made or created this session were:</p>
<ol>
<li>Executing: BEGIN | (no parameters)</li>
<li>Executing: UPDATE wp_actionscheduler_actions t1 JOIN ( SELECT action_id from wp_actionscheduler_actions WHERE claim_id = 0 AND scheduled_date_gmt &lt;= :param0  AND status=:param1  ORDER BY priority ASC, attempts ASC, scheduled_date_gmt ASC, action_id ASC LIMIT 25 FOR UPDATE ) t2 ON t1.action_i CONTEXT: {"error":{"type":1,"file":"/var/www/html/wp-content/plugins/woocommerce/packages/action-scheduler/classes/data-stores/ActionScheduler_DBStore.php","line":1019},"remote-logging":true,"backtrace":[{"file":"/var/www/html/wp-content/plugins/woocommerce/includes/class-woocommerce.php","line":482,"function":"critical","class":"WC_Logger","type":"->"},{"function":"log_errors","class":"WooCommerce","type":"->"}]}
2026-03-31T19:53:22+00:00 CRITICAL Uncaught RuntimeException: Unable to claim actions. Database error: <div style="clear:both">&nbsp;</div>
<div class="queries" style="clear:both;margin-bottom:2px;border:red dotted thin;">
<p>MySQL query:</p>
<p>UPDATE wp_actionscheduler_actions t1 JOIN ( SELECT action_id from wp_actionscheduler_actions WHERE claim_id = 0 AND scheduled_date_gmt <= '2026-03-31 19:53:22' AND status='pending' ORDER BY priority ASC, attempts ASC, scheduled_date_gmt ASC, action_id ASC LIMIT 25 FOR UPDATE ) t2 ON t1.action_id = t2.action_id SET claim_id=855, last_attempt_gmt='2026-03-31 19:53:22', last_attempt_local='2026-03-31 19:53:22'</p>
<p>Queries made or created this session were:</p>
<ol>
<li>Executing: BEGIN | (no parameters)</li>
<li>Executing: UPDATE wp_actionscheduler_actions t1 JOIN ( SELECT action_id from wp_actionscheduler_actions WHERE claim_id = 0 AND scheduled_date_gmt &lt;= :param0  AND status=:param1  ORDER BY priority ASC, attempts ASC, scheduled_date_gmt ASC, action_id ASC LIMIT 25 FOR UPDATE ) t2 ON t1.action_i CONTEXT: {"error":{"type":1,"file":"/var/www/html/wp-content/plugins/woocommerce/packages/action-scheduler/classes/data-stores/ActionScheduler_DBStore.php","line":1019},"remote-logging":true,"backtrace":[{"file":"/var/www/html/wp-content/plugins/woocommerce/includes/class-woocommerce.php","line":482,"function":"critical","class":"WC_Logger","type":"->"},{"function":"log_errors","class":"WooCommerce","type":"->"}]}
2026-03-31T19:56:10+00:00 CRITICAL Uncaught RuntimeException: Unable to claim actions. Database error: <div style="clear:both">&nbsp;</div>
<div class="queries" style="clear:both;margin-bottom:2px;border:red dotted thin;">
<p>MySQL query:</p>
<p>UPDATE wp_actionscheduler_actions t1 JOIN ( SELECT action_id from wp_actionscheduler_actions WHERE claim_id = 0 AND scheduled_date_gmt <= '2026-03-31 19:56:10' AND status='pending' ORDER BY priority ASC, attempts ASC, scheduled_date_gmt ASC, action_id ASC LIMIT 25 FOR UPDATE ) t2 ON t1.action_id = t2.action_id SET claim_id=856, last_attempt_gmt='2026-03-31 19:56:10', last_attempt_local='2026-03-31 19:56:10'</p>
<p>Queries made or created this session were:</p>
<ol>
<li>Executing: BEGIN | (no parameters)</li>
<li>Executing: UPDATE wp_actionscheduler_actions t1 JOIN ( SELECT action_id from wp_actionscheduler_actions WHERE claim_id = 0 AND scheduled_date_gmt &lt;= :param0  AND status=:param1  ORDER BY priority ASC, attempts ASC, scheduled_date_gmt ASC, action_id ASC LIMIT 25 FOR UPDATE ) t2 ON t1.action_i CONTEXT: {"error":{"type":1,"file":"/var/www/html/wp-content/plugins/woocommerce/packages/action-scheduler/classes/data-stores/ActionScheduler_DBStore.php","line":1019},"remote-logging":true,"backtrace":[{"file":"/var/www/html/wp-content/plugins/woocommerce/includes/class-woocommerce.php","line":482,"function":"critical","class":"WC_Logger","type":"->"},{"function":"log_errors","class":"WooCommerce","type":"->"}]}
2026-03-31T19:56:11+00:00 CRITICAL Uncaught RuntimeException: Unable to claim actions. Database error: <div style="clear:both">&nbsp;</div>
<div class="queries" style="clear:both;margin-bottom:2px;border:red dotted thin;">
<p>MySQL query:</p>
<p>UPDATE wp_actionscheduler_actions t1 JOIN ( SELECT action_id from wp_actionscheduler_actions WHERE claim_id = 0 AND scheduled_date_gmt <= '2026-03-31 19:56:11' AND status='pending' ORDER BY priority ASC, attempts ASC, scheduled_date_gmt ASC, action_id ASC LIMIT 25 FOR UPDATE ) t2 ON t1.action_id = t2.action_id SET claim_id=857, last_attempt_gmt='2026-03-31 19:56:11', last_attempt_local='2026-03-31 19:56:11'</p>
<p>Queries made or created this session were:</p>
<ol>
<li>Executing: BEGIN | (no parameters)</li>
<li>Executing: UPDATE wp_actionscheduler_actions t1 JOIN ( SELECT action_id from wp_actionscheduler_actions WHERE claim_id = 0 AND scheduled_date_gmt &lt;= :param0  AND status=:param1  ORDER BY priority ASC, attempts ASC, scheduled_date_gmt ASC, action_id ASC LIMIT 25 FOR UPDATE ) t2 ON t1.action_i CONTEXT: {"error":{"type":1,"file":"/var/www/html/wp-content/plugins/woocommerce/packages/action-scheduler/classes/data-stores/ActionScheduler_DBStore.php","line":1019},"remote-logging":true,"backtrace":[{"file":"/var/www/html/wp-content/plugins/woocommerce/includes/class-woocommerce.php","line":482,"function":"critical","class":"WC_Logger","type":"->"},{"function":"log_errors","class":"WooCommerce","type":"->"}]}
2026-03-31T19:58:11+00:00 CRITICAL Uncaught RuntimeException: Unable to claim actions. Database error: <div style="clear:both">&nbsp;</div>
<div class="queries" style="clear:both;margin-bottom:2px;border:red dotted thin;">
<p>MySQL query:</p>
<p>UPDATE wp_actionscheduler_actions t1 JOIN ( SELECT action_id from wp_actionscheduler_actions WHERE claim_id = 0 AND scheduled_date_gmt <= '2026-03-31 19:58:11' AND status='pending' ORDER BY priority ASC, attempts ASC, scheduled_date_gmt ASC, action_id ASC LIMIT 25 FOR UPDATE ) t2 ON t1.action_id = t2.action_id SET claim_id=858, last_attempt_gmt='2026-03-31 19:58:11', last_attempt_local='2026-03-31 19:58:11'</p>
<p>Queries made or created this session were:</p>
<ol>
<li>Executing: BEGIN | (no parameters)</li>
<li>Executing: UPDATE wp_actionscheduler_actions t1 JOIN ( SELECT action_id from wp_actionscheduler_actions WHERE claim_id = 0 AND scheduled_date_gmt &lt;= :param0  AND status=:param1  ORDER BY priority ASC, attempts ASC, scheduled_date_gmt ASC, action_id ASC LIMIT 25 FOR UPDATE ) t2 ON t1.action_i CONTEXT: {"error":{"type":1,"file":"/var/www/html/wp-content/plugins/woocommerce/packages/action-scheduler/classes/data-stores/ActionScheduler_DBStore.php","line":1019},"remote-logging":true,"backtrace":[{"file":"/var/www/html/wp-content/plugins/woocommerce/includes/class-woocommerce.php","line":482,"function":"critical","class":"WC_Logger","type":"->"},{"function":"log_errors","class":"WooCommerce","type":"->"}]}
2026-03-31T19:58:12+00:00 CRITICAL Uncaught RuntimeException: Unable to claim actions. Database error: <div style="clear:both">&nbsp;</div>
<div class="queries" style="clear:both;margin-bottom:2px;border:red dotted thin;">
<p>MySQL query:</p>
<p>UPDATE wp_actionscheduler_actions t1 JOIN ( SELECT action_id from wp_actionscheduler_actions WHERE claim_id = 0 AND scheduled_date_gmt <= '2026-03-31 19:58:11' AND status='pending' ORDER BY priority ASC, attempts ASC, scheduled_date_gmt ASC, action_id ASC LIMIT 25 FOR UPDATE ) t2 ON t1.action_id = t2.action_id SET claim_id=859, last_attempt_gmt='2026-03-31 19:58:11', last_attempt_local='2026-03-31 19:58:11'</p>
<p>Queries made or created this session were:</p>
<ol>
<li>Executing: BEGIN | (no parameters)</li>
<li>Executing: UPDATE wp_actionscheduler_actions t1 JOIN ( SELECT action_id from wp_actionscheduler_actions WHERE claim_id = 0 AND scheduled_date_gmt &lt;= :param0  AND status=:param1  ORDER BY priority ASC, attempts ASC, scheduled_date_gmt ASC, action_id ASC LIMIT 25 FOR UPDATE ) t2 ON t1.action_i CONTEXT: {"error":{"type":1,"file":"/var/www/html/wp-content/plugins/woocommerce/packages/action-scheduler/classes/data-stores/ActionScheduler_DBStore.php","line":1019},"remote-logging":true,"backtrace":[{"file":"/var/www/html/wp-content/plugins/woocommerce/includes/class-woocommerce.php","line":482,"function":"critical","class":"WC_Logger","type":"->"},{"function":"log_errors","class":"WooCommerce","type":"->"}]}
2026-03-31T20:00:12+00:00 CRITICAL Uncaught RuntimeException: Unable to claim actions. Database error: <div style="clear:both">&nbsp;</div>
<div class="queries" style="clear:both;margin-bottom:2px;border:red dotted thin;">
<p>MySQL query:</p>
<p>UPDATE wp_actionscheduler_actions t1 JOIN ( SELECT action_id from wp_actionscheduler_actions WHERE claim_id = 0 AND scheduled_date_gmt <= '2026-03-31 20:00:12' AND status='pending' ORDER BY priority ASC, attempts ASC, scheduled_date_gmt ASC, action_id ASC LIMIT 25 FOR UPDATE ) t2 ON t1.action_id = t2.action_id SET claim_id=860, last_attempt_gmt='2026-03-31 20:00:12', last_attempt_local='2026-03-31 20:00:12'</p>
<p>Queries made or created this session were:</p>
<ol>
<li>Executing: BEGIN | (no parameters)</li>
<li>Executing: UPDATE wp_actionscheduler_actions t1 JOIN ( SELECT action_id from wp_actionscheduler_actions WHERE claim_id = 0 AND scheduled_date_gmt &lt;= :param0  AND status=:param1  ORDER BY priority ASC, attempts ASC, scheduled_date_gmt ASC, action_id ASC LIMIT 25 FOR UPDATE ) t2 ON t1.action_i CONTEXT: {"error":{"type":1,"file":"/var/www/html/wp-content/plugins/woocommerce/packages/action-scheduler/classes/data-stores/ActionScheduler_DBStore.php","line":1019},"remote-logging":true,"backtrace":[{"file":"/var/www/html/wp-content/plugins/woocommerce/includes/class-woocommerce.php","line":482,"function":"critical","class":"WC_Logger","type":"->"},{"function":"log_errors","class":"WooCommerce","type":"->"}]}
2026-03-31T20:00:13+00:00 CRITICAL Uncaught RuntimeException: Unable to claim actions. Database error: <div style="clear:both">&nbsp;</div>
<div class="queries" style="clear:both;margin-bottom:2px;border:red dotted thin;">
<p>MySQL query:</p>
<p>UPDATE wp_actionscheduler_actions t1 JOIN ( SELECT action_id from wp_actionscheduler_actions WHERE claim_id = 0 AND scheduled_date_gmt <= '2026-03-31 20:00:13' AND status='pending' ORDER BY priority ASC, attempts ASC, scheduled_date_gmt ASC, action_id ASC LIMIT 25 FOR UPDATE ) t2 ON t1.action_id = t2.action_id SET claim_id=861, last_attempt_gmt='2026-03-31 20:00:13', last_attempt_local='2026-03-31 20:00:13'</p>
<p>Queries made or created this session were:</p>
<ol>
<li>Executing: BEGIN | (no parameters)</li>
<li>Executing: UPDATE wp_actionscheduler_actions t1 JOIN ( SELECT action_id from wp_actionscheduler_actions WHERE claim_id = 0 AND scheduled_date_gmt &lt;= :param0  AND status=:param1  ORDER BY priority ASC, attempts ASC, scheduled_date_gmt ASC, action_id ASC LIMIT 25 FOR UPDATE ) t2 ON t1.action_i CONTEXT: {"error":{"type":1,"file":"/var/www/html/wp-content/plugins/woocommerce/packages/action-scheduler/classes/data-stores/ActionScheduler_DBStore.php","line":1019},"remote-logging":true,"backtrace":[{"file":"/var/www/html/wp-content/plugins/woocommerce/includes/class-woocommerce.php","line":482,"function":"critical","class":"WC_Logger","type":"->"},{"function":"log_errors","class":"WooCommerce","type":"->"}]}
2026-03-31T20:02:32+00:00 CRITICAL Uncaught RuntimeException: Unable to claim actions. Database error: <div style="clear:both">&nbsp;</div>
<div class="queries" style="clear:both;margin-bottom:2px;border:red dotted thin;">
<p>MySQL query:</p>
<p>UPDATE wp_actionscheduler_actions t1 JOIN ( SELECT action_id from wp_actionscheduler_actions WHERE claim_id = 0 AND scheduled_date_gmt <= '2026-03-31 20:02:32' AND status='pending' ORDER BY priority ASC, attempts ASC, scheduled_date_gmt ASC, action_id ASC LIMIT 25 FOR UPDATE ) t2 ON t1.action_id = t2.action_id SET claim_id=862, last_attempt_gmt='2026-03-31 20:02:32', last_attempt_local='2026-03-31 20:02:32'</p>
<p>Queries made or created this session were:</p>
<ol>
<li>Executing: BEGIN | (no parameters)</li>
<li>Executing: UPDATE wp_actionscheduler_actions t1 JOIN ( SELECT action_id from wp_actionscheduler_actions WHERE claim_id = 0 AND scheduled_date_gmt &lt;= :param0  AND status=:param1  ORDER BY priority ASC, attempts ASC, scheduled_date_gmt ASC, action_id ASC LIMIT 25 FOR UPDATE ) t2 ON t1.action_i CONTEXT: {"error":{"type":1,"file":"/var/www/html/wp-content/plugins/woocommerce/packages/action-scheduler/classes/data-stores/ActionScheduler_DBStore.php","line":1019},"remote-logging":true,"backtrace":[{"file":"/var/www/html/wp-content/plugins/woocommerce/includes/class-woocommerce.php","line":482,"function":"critical","class":"WC_Logger","type":"->"},{"function":"log_errors","class":"WooCommerce","type":"->"}]}
2026-03-31T20:02:33+00:00 CRITICAL Uncaught RuntimeException: Unable to claim actions. Database error: <div style="clear:both">&nbsp;</div>
<div class="queries" style="clear:both;margin-bottom:2px;border:red dotted thin;">
<p>MySQL query:</p>
<p>UPDATE wp_actionscheduler_actions t1 JOIN ( SELECT action_id from wp_actionscheduler_actions WHERE claim_id = 0 AND scheduled_date_gmt <= '2026-03-31 20:02:33' AND status='pending' ORDER BY priority ASC, attempts ASC, scheduled_date_gmt ASC, action_id ASC LIMIT 25 FOR UPDATE ) t2 ON t1.action_id = t2.action_id SET claim_id=863, last_attempt_gmt='2026-03-31 20:02:33', last_attempt_local='2026-03-31 20:02:33'</p>
<p>Queries made or created this session were:</p>
<ol>
<li>Executing: BEGIN | (no parameters)</li>
<li>Executing: UPDATE wp_actionscheduler_actions t1 JOIN ( SELECT action_id from wp_actionscheduler_actions WHERE claim_id = 0 AND scheduled_date_gmt &lt;= :param0  AND status=:param1  ORDER BY priority ASC, attempts ASC, scheduled_date_gmt ASC, action_id ASC LIMIT 25 FOR UPDATE ) t2 ON t1.action_i CONTEXT: {"error":{"type":1,"file":"/var/www/html/wp-content/plugins/woocommerce/packages/action-scheduler/classes/data-stores/ActionScheduler_DBStore.php","line":1019},"remote-logging":true,"backtrace":[{"file":"/var/www/html/wp-content/plugins/woocommerce/includes/class-woocommerce.php","line":482,"function":"critical","class":"WC_Logger","type":"->"},{"function":"log_errors","class":"WooCommerce","type":"->"}]}
2026-03-31T20:04:41+00:00 CRITICAL Uncaught RuntimeException: Unable to claim actions. Database error: <div style="clear:both">&nbsp;</div>
<div class="queries" style="clear:both;margin-bottom:2px;border:red dotted thin;">
<p>MySQL query:</p>
<p>UPDATE wp_actionscheduler_actions t1 JOIN ( SELECT action_id from wp_actionscheduler_actions WHERE claim_id = 0 AND scheduled_date_gmt <= '2026-03-31 20:04:41' AND status='pending' ORDER BY priority ASC, attempts ASC, scheduled_date_gmt ASC, action_id ASC LIMIT 25 FOR UPDATE ) t2 ON t1.action_id = t2.action_id SET claim_id=864, last_attempt_gmt='2026-03-31 20:04:41', last_attempt_local='2026-03-31 20:04:41'</p>
<p>Queries made or created this session were:</p>
<ol>
<li>Executing: BEGIN | (no parameters)</li>
<li>Executing: UPDATE wp_actionscheduler_actions t1 JOIN ( SELECT action_id from wp_actionscheduler_actions WHERE claim_id = 0 AND scheduled_date_gmt &lt;= :param0  AND status=:param1  ORDER BY priority ASC, attempts ASC, scheduled_date_gmt ASC, action_id ASC LIMIT 25 FOR UPDATE ) t2 ON t1.action_i CONTEXT: {"error":{"type":1,"file":"/var/www/html/wp-content/plugins/woocommerce/packages/action-scheduler/classes/data-stores/ActionScheduler_DBStore.php","line":1019},"remote-logging":true,"backtrace":[{"file":"/var/www/html/wp-content/plugins/woocommerce/includes/class-woocommerce.php","line":482,"function":"critical","class":"WC_Logger","type":"->"},{"function":"log_errors","class":"WooCommerce","type":"->"}]}
2026-03-31T20:04:42+00:00 CRITICAL Uncaught RuntimeException: Unable to claim actions. Database error: <div style="clear:both">&nbsp;</div>
<div class="queries" style="clear:both;margin-bottom:2px;border:red dotted thin;">
<p>MySQL query:</p>
<p>UPDATE wp_actionscheduler_actions t1 JOIN ( SELECT action_id from wp_actionscheduler_actions WHERE claim_id = 0 AND scheduled_date_gmt <= '2026-03-31 20:04:42' AND status='pending' ORDER BY priority ASC, attempts ASC, scheduled_date_gmt ASC, action_id ASC LIMIT 25 FOR UPDATE ) t2 ON t1.action_id = t2.action_id SET claim_id=865, last_attempt_gmt='2026-03-31 20:04:42', last_attempt_local='2026-03-31 20:04:42'</p>
<p>Queries made or created this session were:</p>
<ol>
<li>Executing: BEGIN | (no parameters)</li>
<li>Executing: UPDATE wp_actionscheduler_actions t1 JOIN ( SELECT action_id from wp_actionscheduler_actions WHERE claim_id = 0 AND scheduled_date_gmt &lt;= :param0  AND status=:param1  ORDER BY priority ASC, attempts ASC, scheduled_date_gmt ASC, action_id ASC LIMIT 25 FOR UPDATE ) t2 ON t1.action_i CONTEXT: {"error":{"type":1,"file":"/var/www/html/wp-content/plugins/woocommerce/packages/action-scheduler/classes/data-stores/ActionScheduler_DBStore.php","line":1019},"remote-logging":true,"backtrace":[{"file":"/var/www/html/wp-content/plugins/woocommerce/includes/class-woocommerce.php","line":482,"function":"critical","class":"WC_Logger","type":"->"},{"function":"log_errors","class":"WooCommerce","type":"->"}]}
2026-03-31T20:06:42+00:00 CRITICAL Uncaught RuntimeException: Unable to claim actions. Database error: <div style="clear:both">&nbsp;</div>
<div class="queries" style="clear:both;margin-bottom:2px;border:red dotted thin;">
<p>MySQL query:</p>
<p>UPDATE wp_actionscheduler_actions t1 JOIN ( SELECT action_id from wp_actionscheduler_actions WHERE claim_id = 0 AND scheduled_date_gmt <= '2026-03-31 20:06:42' AND status='pending' ORDER BY priority ASC, attempts ASC, scheduled_date_gmt ASC, action_id ASC LIMIT 25 FOR UPDATE ) t2 ON t1.action_id = t2.action_id SET claim_id=866, last_attempt_gmt='2026-03-31 20:06:42', last_attempt_local='2026-03-31 20:06:42'</p>
<p>Queries made or created this session were:</p>
<ol>
<li>Executing: BEGIN | (no parameters)</li>
<li>Executing: UPDATE wp_actionscheduler_actions t1 JOIN ( SELECT action_id from wp_actionscheduler_actions WHERE claim_id = 0 AND scheduled_date_gmt &lt;= :param0  AND status=:param1  ORDER BY priority ASC, attempts ASC, scheduled_date_gmt ASC, action_id ASC LIMIT 25 FOR UPDATE ) t2 ON t1.action_i CONTEXT: {"error":{"type":1,"file":"/var/www/html/wp-content/plugins/woocommerce/packages/action-scheduler/classes/data-stores/ActionScheduler_DBStore.php","line":1019},"remote-logging":true,"backtrace":[{"file":"/var/www/html/wp-content/plugins/woocommerce/includes/class-woocommerce.php","line":482,"function":"critical","class":"WC_Logger","type":"->"},{"function":"log_errors","class":"WooCommerce","type":"->"}]}
2026-03-31T20:06:43+00:00 CRITICAL Uncaught RuntimeException: Unable to claim actions. Database error: <div style="clear:both">&nbsp;</div>
<div class="queries" style="clear:both;margin-bottom:2px;border:red dotted thin;">
<p>MySQL query:</p>
<p>UPDATE wp_actionscheduler_actions t1 JOIN ( SELECT action_id from wp_actionscheduler_actions WHERE claim_id = 0 AND scheduled_date_gmt <= '2026-03-31 20:06:43' AND status='pending' ORDER BY priority ASC, attempts ASC, scheduled_date_gmt ASC, action_id ASC LIMIT 25 FOR UPDATE ) t2 ON t1.action_id = t2.action_id SET claim_id=867, last_attempt_gmt='2026-03-31 20:06:43', last_attempt_local='2026-03-31 20:06:43'</p>
<p>Queries made or created this session were:</p>
<ol>
<li>Executing: BEGIN | (no parameters)</li>
<li>Executing: UPDATE wp_actionscheduler_actions t1 JOIN ( SELECT action_id from wp_actionscheduler_actions WHERE claim_id = 0 AND scheduled_date_gmt &lt;= :param0  AND status=:param1  ORDER BY priority ASC, attempts ASC, scheduled_date_gmt ASC, action_id ASC LIMIT 25 FOR UPDATE ) t2 ON t1.action_i CONTEXT: {"error":{"type":1,"file":"/var/www/html/wp-content/plugins/woocommerce/packages/action-scheduler/classes/data-stores/ActionScheduler_DBStore.php","line":1019},"remote-logging":true,"backtrace":[{"file":"/var/www/html/wp-content/plugins/woocommerce/includes/class-woocommerce.php","line":482,"function":"critical","class":"WC_Logger","type":"->"},{"function":"log_errors","class":"WooCommerce","type":"->"}]}
2026-03-31T20:07:44+00:00 CRITICAL Uncaught RuntimeException: Unable to claim actions. Database error: <div style="clear:both">&nbsp;</div>
<div class="queries" style="clear:both;margin-bottom:2px;border:red dotted thin;">
<p>MySQL query:</p>
<p>UPDATE wp_actionscheduler_actions t1 JOIN ( SELECT action_id from wp_actionscheduler_actions WHERE claim_id = 0 AND scheduled_date_gmt <= '2026-03-31 20:07:44' AND status='pending' ORDER BY priority ASC, attempts ASC, scheduled_date_gmt ASC, action_id ASC LIMIT 25 FOR UPDATE ) t2 ON t1.action_id = t2.action_id SET claim_id=868, last_attempt_gmt='2026-03-31 20:07:44', last_attempt_local='2026-03-31 20:07:44'</p>
<p>Queries made or created this session were:</p>
<ol>
<li>Executing: BEGIN | (no parameters)</li>
<li>Executing: UPDATE wp_actionscheduler_actions t1 JOIN ( SELECT action_id from wp_actionscheduler_actions WHERE claim_id = 0 AND scheduled_date_gmt &lt;= :param0  AND status=:param1  ORDER BY priority ASC, attempts ASC, scheduled_date_gmt ASC, action_id ASC LIMIT 25 FOR UPDATE ) t2 ON t1.action_i CONTEXT: {"error":{"type":1,"file":"/var/www/html/wp-content/plugins/woocommerce/packages/action-scheduler/classes/data-stores/ActionScheduler_DBStore.php","line":1019},"remote-logging":true,"backtrace":[{"file":"/var/www/html/wp-content/plugins/woocommerce/includes/class-woocommerce.php","line":482,"function":"critical","class":"WC_Logger","type":"->"},{"function":"log_errors","class":"WooCommerce","type":"->"}]}
2026-03-31T20:07:47+00:00 CRITICAL Uncaught RuntimeException: Unable to claim actions. Database error: <div style="clear:both">&nbsp;</div>
<div class="queries" style="clear:both;margin-bottom:2px;border:red dotted thin;">
<p>MySQL query:</p>
<p>UPDATE wp_actionscheduler_actions t1 JOIN ( SELECT action_id from wp_actionscheduler_actions WHERE claim_id = 0 AND scheduled_date_gmt <= '2026-03-31 20:07:47' AND status='pending' ORDER BY priority ASC, attempts ASC, scheduled_date_gmt ASC, action_id ASC LIMIT 25 FOR UPDATE ) t2 ON t1.action_id = t2.action_id SET claim_id=869, last_attempt_gmt='2026-03-31 20:07:47', last_attempt_local='2026-03-31 20:07:47'</p>
<p>Queries made or created this session were:</p>
<ol>
<li>Executing: BEGIN | (no parameters)</li>
<li>Executing: UPDATE wp_actionscheduler_actions t1 JOIN ( SELECT action_id from wp_actionscheduler_actions WHERE claim_id = 0 AND scheduled_date_gmt &lt;= :param0  AND status=:param1  ORDER BY priority ASC, attempts ASC, scheduled_date_gmt ASC, action_id ASC LIMIT 25 FOR UPDATE ) t2 ON t1.action_i CONTEXT: {"error":{"type":1,"file":"/var/www/html/wp-content/plugins/woocommerce/packages/action-scheduler/classes/data-stores/ActionScheduler_DBStore.php","line":1019},"remote-logging":true,"backtrace":[{"file":"/var/www/html/wp-content/plugins/woocommerce/includes/class-woocommerce.php","line":482,"function":"critical","class":"WC_Logger","type":"->"},{"function":"log_errors","class":"WooCommerce","type":"->"}]}
2026-03-31T20:10:45+00:00 CRITICAL Uncaught RuntimeException: Unable to claim actions. Database error: <div style="clear:both">&nbsp;</div>
<div class="queries" style="clear:both;margin-bottom:2px;border:red dotted thin;">
<p>MySQL query:</p>
<p>UPDATE wp_actionscheduler_actions t1 JOIN ( SELECT action_id from wp_actionscheduler_actions WHERE claim_id = 0 AND scheduled_date_gmt <= '2026-03-31 20:10:45' AND status='pending' ORDER BY priority ASC, attempts ASC, scheduled_date_gmt ASC, action_id ASC LIMIT 25 FOR UPDATE ) t2 ON t1.action_id = t2.action_id SET claim_id=870, last_attempt_gmt='2026-03-31 20:10:45', last_attempt_local='2026-03-31 20:10:45'</p>
<p>Queries made or created this session were:</p>
<ol>
<li>Executing: BEGIN | (no parameters)</li>
<li>Executing: UPDATE wp_actionscheduler_actions t1 JOIN ( SELECT action_id from wp_actionscheduler_actions WHERE claim_id = 0 AND scheduled_date_gmt &lt;= :param0  AND status=:param1  ORDER BY priority ASC, attempts ASC, scheduled_date_gmt ASC, action_id ASC LIMIT 25 FOR UPDATE ) t2 ON t1.action_i CONTEXT: {"error":{"type":1,"file":"/var/www/html/wp-content/plugins/woocommerce/packages/action-scheduler/classes/data-stores/ActionScheduler_DBStore.php","line":1019},"remote-logging":true,"backtrace":[{"file":"/var/www/html/wp-content/plugins/woocommerce/includes/class-woocommerce.php","line":482,"function":"critical","class":"WC_Logger","type":"->"},{"function":"log_errors","class":"WooCommerce","type":"->"}]}
2026-03-31T20:10:46+00:00 CRITICAL Uncaught RuntimeException: Unable to claim actions. Database error: <div style="clear:both">&nbsp;</div>
<div class="queries" style="clear:both;margin-bottom:2px;border:red dotted thin;">
<p>MySQL query:</p>
<p>UPDATE wp_actionscheduler_actions t1 JOIN ( SELECT action_id from wp_actionscheduler_actions WHERE claim_id = 0 AND scheduled_date_gmt <= '2026-03-31 20:10:46' AND status='pending' ORDER BY priority ASC, attempts ASC, scheduled_date_gmt ASC, action_id ASC LIMIT 25 FOR UPDATE ) t2 ON t1.action_id = t2.action_id SET claim_id=871, last_attempt_gmt='2026-03-31 20:10:46', last_attempt_local='2026-03-31 20:10:46'</p>
<p>Queries made or created this session were:</p>
<ol>
<li>Executing: BEGIN | (no parameters)</li>
<li>Executing: UPDATE wp_actionscheduler_actions t1 JOIN ( SELECT action_id from wp_actionscheduler_actions WHERE claim_id = 0 AND scheduled_date_gmt &lt;= :param0  AND status=:param1  ORDER BY priority ASC, attempts ASC, scheduled_date_gmt ASC, action_id ASC LIMIT 25 FOR UPDATE ) t2 ON t1.action_i CONTEXT: {"error":{"type":1,"file":"/var/www/html/wp-content/plugins/woocommerce/packages/action-scheduler/classes/data-stores/ActionScheduler_DBStore.php","line":1019},"remote-logging":true,"backtrace":[{"file":"/var/www/html/wp-content/plugins/woocommerce/includes/class-woocommerce.php","line":482,"function":"critical","class":"WC_Logger","type":"->"},{"function":"log_errors","class":"WooCommerce","type":"->"}]}
2026-03-31T20:12:47+00:00 CRITICAL Uncaught RuntimeException: Unable to claim actions. Database error: <div style="clear:both">&nbsp;</div>
<div class="queries" style="clear:both;margin-bottom:2px;border:red dotted thin;">
<p>MySQL query:</p>
<p>UPDATE wp_actionscheduler_actions t1 JOIN ( SELECT action_id from wp_actionscheduler_actions WHERE claim_id = 0 AND scheduled_date_gmt <= '2026-03-31 20:12:46' AND status='pending' ORDER BY priority ASC, attempts ASC, scheduled_date_gmt ASC, action_id ASC LIMIT 25 FOR UPDATE ) t2 ON t1.action_id = t2.action_id SET claim_id=872, last_attempt_gmt='2026-03-31 20:12:46', last_attempt_local='2026-03-31 20:12:46'</p>
<p>Queries made or created this session were:</p>
<ol>
<li>Executing: BEGIN | (no parameters)</li>
<li>Executing: UPDATE wp_actionscheduler_actions t1 JOIN ( SELECT action_id from wp_actionscheduler_actions WHERE claim_id = 0 AND scheduled_date_gmt &lt;= :param0  AND status=:param1  ORDER BY priority ASC, attempts ASC, scheduled_date_gmt ASC, action_id ASC LIMIT 25 FOR UPDATE ) t2 ON t1.action_i CONTEXT: {"error":{"type":1,"file":"/var/www/html/wp-content/plugins/woocommerce/packages/action-scheduler/classes/data-stores/ActionScheduler_DBStore.php","line":1019},"remote-logging":true,"backtrace":[{"file":"/var/www/html/wp-content/plugins/woocommerce/includes/class-woocommerce.php","line":482,"function":"critical","class":"WC_Logger","type":"->"},{"function":"log_errors","class":"WooCommerce","type":"->"}]}
2026-03-31T20:12:48+00:00 CRITICAL Uncaught RuntimeException: Unable to claim actions. Database error: <div style="clear:both">&nbsp;</div>
<div class="queries" style="clear:both;margin-bottom:2px;border:red dotted thin;">
<p>MySQL query:</p>
<p>UPDATE wp_actionscheduler_actions t1 JOIN ( SELECT action_id from wp_actionscheduler_actions WHERE claim_id = 0 AND scheduled_date_gmt <= '2026-03-31 20:12:48' AND status='pending' ORDER BY priority ASC, attempts ASC, scheduled_date_gmt ASC, action_id ASC LIMIT 25 FOR UPDATE ) t2 ON t1.action_id = t2.action_id SET claim_id=873, last_attempt_gmt='2026-03-31 20:12:48', last_attempt_local='2026-03-31 20:12:48'</p>
<p>Queries made or created this session were:</p>
<ol>
<li>Executing: BEGIN | (no parameters)</li>
<li>Executing: UPDATE wp_actionscheduler_actions t1 JOIN ( SELECT action_id from wp_actionscheduler_actions WHERE claim_id = 0 AND scheduled_date_gmt &lt;= :param0  AND status=:param1  ORDER BY priority ASC, attempts ASC, scheduled_date_gmt ASC, action_id ASC LIMIT 25 FOR UPDATE ) t2 ON t1.action_i CONTEXT: {"error":{"type":1,"file":"/var/www/html/wp-content/plugins/woocommerce/packages/action-scheduler/classes/data-stores/ActionScheduler_DBStore.php","line":1019},"remote-logging":true,"backtrace":[{"file":"/var/www/html/wp-content/plugins/woocommerce/includes/class-woocommerce.php","line":482,"function":"critical","class":"WC_Logger","type":"->"},{"function":"log_errors","class":"WooCommerce","type":"->"}]}
2026-03-31T20:14:46+00:00 CRITICAL Uncaught RuntimeException: Unable to claim actions. Database error: <div style="clear:both">&nbsp;</div>
<div class="queries" style="clear:both;margin-bottom:2px;border:red dotted thin;">
<p>MySQL query:</p>
<p>UPDATE wp_actionscheduler_actions t1 JOIN ( SELECT action_id from wp_actionscheduler_actions WHERE claim_id = 0 AND scheduled_date_gmt <= '2026-03-31 20:14:46' AND status='pending' ORDER BY priority ASC, attempts ASC, scheduled_date_gmt ASC, action_id ASC LIMIT 25 FOR UPDATE ) t2 ON t1.action_id = t2.action_id SET claim_id=874, last_attempt_gmt='2026-03-31 20:14:46', last_attempt_local='2026-03-31 20:14:46'</p>
<p>Queries made or created this session were:</p>
<ol>
<li>Executing: BEGIN | (no parameters)</li>
<li>Executing: UPDATE wp_actionscheduler_actions t1 JOIN ( SELECT action_id from wp_actionscheduler_actions WHERE claim_id = 0 AND scheduled_date_gmt &lt;= :param0  AND status=:param1  ORDER BY priority ASC, attempts ASC, scheduled_date_gmt ASC, action_id ASC LIMIT 25 FOR UPDATE ) t2 ON t1.action_i CONTEXT: {"error":{"type":1,"file":"/var/www/html/wp-content/plugins/woocommerce/packages/action-scheduler/classes/data-stores/ActionScheduler_DBStore.php","line":1019},"remote-logging":true,"backtrace":[{"file":"/var/www/html/wp-content/plugins/woocommerce/includes/class-woocommerce.php","line":482,"function":"critical","class":"WC_Logger","type":"->"},{"function":"log_errors","class":"WooCommerce","type":"->"}]}
2026-03-31T20:14:47+00:00 CRITICAL Uncaught RuntimeException: Unable to claim actions. Database error: <div style="clear:both">&nbsp;</div>
<div class="queries" style="clear:both;margin-bottom:2px;border:red dotted thin;">
<p>MySQL query:</p>
<p>UPDATE wp_actionscheduler_actions t1 JOIN ( SELECT action_id from wp_actionscheduler_actions WHERE claim_id = 0 AND scheduled_date_gmt <= '2026-03-31 20:14:47' AND status='pending' ORDER BY priority ASC, attempts ASC, scheduled_date_gmt ASC, action_id ASC LIMIT 25 FOR UPDATE ) t2 ON t1.action_id = t2.action_id SET claim_id=875, last_attempt_gmt='2026-03-31 20:14:47', last_attempt_local='2026-03-31 20:14:47'</p>
<p>Queries made or created this session were:</p>
<ol>
<li>Executing: BEGIN | (no parameters)</li>
<li>Executing: UPDATE wp_actionscheduler_actions t1 JOIN ( SELECT action_id from wp_actionscheduler_actions WHERE claim_id = 0 AND scheduled_date_gmt &lt;= :param0  AND status=:param1  ORDER BY priority ASC, attempts ASC, scheduled_date_gmt ASC, action_id ASC LIMIT 25 FOR UPDATE ) t2 ON t1.action_i CONTEXT: {"error":{"type":1,"file":"/var/www/html/wp-content/plugins/woocommerce/packages/action-scheduler/classes/data-stores/ActionScheduler_DBStore.php","line":1019},"remote-logging":true,"backtrace":[{"file":"/var/www/html/wp-content/plugins/woocommerce/includes/class-woocommerce.php","line":482,"function":"critical","class":"WC_Logger","type":"->"},{"function":"log_errors","class":"WooCommerce","type":"->"}]}
2026-03-31T20:16:47+00:00 CRITICAL Uncaught RuntimeException: Unable to claim actions. Database error: <div style="clear:both">&nbsp;</div>
<div class="queries" style="clear:both;margin-bottom:2px;border:red dotted thin;">
<p>MySQL query:</p>
<p>UPDATE wp_actionscheduler_actions t1 JOIN ( SELECT action_id from wp_actionscheduler_actions WHERE claim_id = 0 AND scheduled_date_gmt <= '2026-03-31 20:16:47' AND status='pending' ORDER BY priority ASC, attempts ASC, scheduled_date_gmt ASC, action_id ASC LIMIT 25 FOR UPDATE ) t2 ON t1.action_id = t2.action_id SET claim_id=876, last_attempt_gmt='2026-03-31 20:16:47', last_attempt_local='2026-03-31 20:16:47'</p>
<p>Queries made or created this session were:</p>
<ol>
<li>Executing: BEGIN | (no parameters)</li>
<li>Executing: UPDATE wp_actionscheduler_actions t1 JOIN ( SELECT action_id from wp_actionscheduler_actions WHERE claim_id = 0 AND scheduled_date_gmt &lt;= :param0  AND status=:param1  ORDER BY priority ASC, attempts ASC, scheduled_date_gmt ASC, action_id ASC LIMIT 25 FOR UPDATE ) t2 ON t1.action_i CONTEXT: {"error":{"type":1,"file":"/var/www/html/wp-content/plugins/woocommerce/packages/action-scheduler/classes/data-stores/ActionScheduler_DBStore.php","line":1019},"remote-logging":true,"backtrace":[{"file":"/var/www/html/wp-content/plugins/woocommerce/includes/class-woocommerce.php","line":482,"function":"critical","class":"WC_Logger","type":"->"},{"function":"log_errors","class":"WooCommerce","type":"->"}]}
2026-03-31T20:16:48+00:00 CRITICAL Uncaught RuntimeException: Unable to claim actions. Database error: <div style="clear:both">&nbsp;</div>
<div class="queries" style="clear:both;margin-bottom:2px;border:red dotted thin;">
<p>MySQL query:</p>
<p>UPDATE wp_actionscheduler_actions t1 JOIN ( SELECT action_id from wp_actionscheduler_actions WHERE claim_id = 0 AND scheduled_date_gmt <= '2026-03-31 20:16:48' AND status='pending' ORDER BY priority ASC, attempts ASC, scheduled_date_gmt ASC, action_id ASC LIMIT 25 FOR UPDATE ) t2 ON t1.action_id = t2.action_id SET claim_id=877, last_attempt_gmt='2026-03-31 20:16:48', last_attempt_local='2026-03-31 20:16:48'</p>
<p>Queries made or created this session were:</p>
<ol>
<li>Executing: BEGIN | (no parameters)</li>
<li>Executing: UPDATE wp_actionscheduler_actions t1 JOIN ( SELECT action_id from wp_actionscheduler_actions WHERE claim_id = 0 AND scheduled_date_gmt &lt;= :param0  AND status=:param1  ORDER BY priority ASC, attempts ASC, scheduled_date_gmt ASC, action_id ASC LIMIT 25 FOR UPDATE ) t2 ON t1.action_i CONTEXT: {"error":{"type":1,"file":"/var/www/html/wp-content/plugins/woocommerce/packages/action-scheduler/classes/data-stores/ActionScheduler_DBStore.php","line":1019},"remote-logging":true,"backtrace":[{"file":"/var/www/html/wp-content/plugins/woocommerce/includes/class-woocommerce.php","line":482,"function":"critical","class":"WC_Logger","type":"->"},{"function":"log_errors","class":"WooCommerce","type":"->"}]}
2026-03-31T20:18:49+00:00 CRITICAL Uncaught RuntimeException: Unable to claim actions. Database error: <div style="clear:both">&nbsp;</div>
<div class="queries" style="clear:both;margin-bottom:2px;border:red dotted thin;">
<p>MySQL query:</p>
<p>UPDATE wp_actionscheduler_actions t1 JOIN ( SELECT action_id from wp_actionscheduler_actions WHERE claim_id = 0 AND scheduled_date_gmt <= '2026-03-31 20:18:49' AND status='pending' ORDER BY priority ASC, attempts ASC, scheduled_date_gmt ASC, action_id ASC LIMIT 25 FOR UPDATE ) t2 ON t1.action_id = t2.action_id SET claim_id=878, last_attempt_gmt='2026-03-31 20:18:49', last_attempt_local='2026-03-31 20:18:49'</p>
<p>Queries made or created this session were:</p>
<ol>
<li>Executing: BEGIN | (no parameters)</li>
<li>Executing: UPDATE wp_actionscheduler_actions t1 JOIN ( SELECT action_id from wp_actionscheduler_actions WHERE claim_id = 0 AND scheduled_date_gmt &lt;= :param0  AND status=:param1  ORDER BY priority ASC, attempts ASC, scheduled_date_gmt ASC, action_id ASC LIMIT 25 FOR UPDATE ) t2 ON t1.action_i CONTEXT: {"error":{"type":1,"file":"/var/www/html/wp-content/plugins/woocommerce/packages/action-scheduler/classes/data-stores/ActionScheduler_DBStore.php","line":1019},"remote-logging":true,"backtrace":[{"file":"/var/www/html/wp-content/plugins/woocommerce/includes/class-woocommerce.php","line":482,"function":"critical","class":"WC_Logger","type":"->"},{"function":"log_errors","class":"WooCommerce","type":"->"}]}
2026-03-31T20:18:50+00:00 CRITICAL Uncaught RuntimeException: Unable to claim actions. Database error: <div style="clear:both">&nbsp;</div>
<div class="queries" style="clear:both;margin-bottom:2px;border:red dotted thin;">
<p>MySQL query:</p>
<p>UPDATE wp_actionscheduler_actions t1 JOIN ( SELECT action_id from wp_actionscheduler_actions WHERE claim_id = 0 AND scheduled_date_gmt <= '2026-03-31 20:18:50' AND status='pending' ORDER BY priority ASC, attempts ASC, scheduled_date_gmt ASC, action_id ASC LIMIT 25 FOR UPDATE ) t2 ON t1.action_id = t2.action_id SET claim_id=879, last_attempt_gmt='2026-03-31 20:18:50', last_attempt_local='2026-03-31 20:18:50'</p>
<p>Queries made or created this session were:</p>
<ol>
<li>Executing: BEGIN | (no parameters)</li>
<li>Executing: UPDATE wp_actionscheduler_actions t1 JOIN ( SELECT action_id from wp_actionscheduler_actions WHERE claim_id = 0 AND scheduled_date_gmt &lt;= :param0  AND status=:param1  ORDER BY priority ASC, attempts ASC, scheduled_date_gmt ASC, action_id ASC LIMIT 25 FOR UPDATE ) t2 ON t1.action_i CONTEXT: {"error":{"type":1,"file":"/var/www/html/wp-content/plugins/woocommerce/packages/action-scheduler/classes/data-stores/ActionScheduler_DBStore.php","line":1019},"remote-logging":true,"backtrace":[{"file":"/var/www/html/wp-content/plugins/woocommerce/includes/class-woocommerce.php","line":482,"function":"critical","class":"WC_Logger","type":"->"},{"function":"log_errors","class":"WooCommerce","type":"->"}]}
2026-03-31T20:20:49+00:00 CRITICAL Uncaught RuntimeException: Unable to claim actions. Database error: <div style="clear:both">&nbsp;</div>
<div class="queries" style="clear:both;margin-bottom:2px;border:red dotted thin;">
<p>MySQL query:</p>
<p>UPDATE wp_actionscheduler_actions t1 JOIN ( SELECT action_id from wp_actionscheduler_actions WHERE claim_id = 0 AND scheduled_date_gmt <= '2026-03-31 20:20:49' AND status='pending' ORDER BY priority ASC, attempts ASC, scheduled_date_gmt ASC, action_id ASC LIMIT 25 FOR UPDATE ) t2 ON t1.action_id = t2.action_id SET claim_id=880, last_attempt_gmt='2026-03-31 20:20:49', last_attempt_local='2026-03-31 20:20:49'</p>
<p>Queries made or created this session were:</p>
<ol>
<li>Executing: BEGIN | (no parameters)</li>
<li>Executing: UPDATE wp_actionscheduler_actions t1 JOIN ( SELECT action_id from wp_actionscheduler_actions WHERE claim_id = 0 AND scheduled_date_gmt &lt;= :param0  AND status=:param1  ORDER BY priority ASC, attempts ASC, scheduled_date_gmt ASC, action_id ASC LIMIT 25 FOR UPDATE ) t2 ON t1.action_i CONTEXT: {"error":{"type":1,"file":"/var/www/html/wp-content/plugins/woocommerce/packages/action-scheduler/classes/data-stores/ActionScheduler_DBStore.php","line":1019},"remote-logging":true,"backtrace":[{"file":"/var/www/html/wp-content/plugins/woocommerce/includes/class-woocommerce.php","line":482,"function":"critical","class":"WC_Logger","type":"->"},{"function":"log_errors","class":"WooCommerce","type":"->"}]}
2026-03-31T20:20:50+00:00 CRITICAL Uncaught RuntimeException: Unable to claim actions. Database error: <div style="clear:both">&nbsp;</div>
<div class="queries" style="clear:both;margin-bottom:2px;border:red dotted thin;">
<p>MySQL query:</p>
<p>UPDATE wp_actionscheduler_actions t1 JOIN ( SELECT action_id from wp_actionscheduler_actions WHERE claim_id = 0 AND scheduled_date_gmt <= '2026-03-31 20:20:50' AND status='pending' ORDER BY priority ASC, attempts ASC, scheduled_date_gmt ASC, action_id ASC LIMIT 25 FOR UPDATE ) t2 ON t1.action_id = t2.action_id SET claim_id=881, last_attempt_gmt='2026-03-31 20:20:50', last_attempt_local='2026-03-31 20:20:50'</p>
<p>Queries made or created this session were:</p>
<ol>
<li>Executing: BEGIN | (no parameters)</li>
<li>Executing: UPDATE wp_actionscheduler_actions t1 JOIN ( SELECT action_id from wp_actionscheduler_actions WHERE claim_id = 0 AND scheduled_date_gmt &lt;= :param0  AND status=:param1  ORDER BY priority ASC, attempts ASC, scheduled_date_gmt ASC, action_id ASC LIMIT 25 FOR UPDATE ) t2 ON t1.action_i CONTEXT: {"error":{"type":1,"file":"/var/www/html/wp-content/plugins/woocommerce/packages/action-scheduler/classes/data-stores/ActionScheduler_DBStore.php","line":1019},"remote-logging":true,"backtrace":[{"file":"/var/www/html/wp-content/plugins/woocommerce/includes/class-woocommerce.php","line":482,"function":"critical","class":"WC_Logger","type":"->"},{"function":"log_errors","class":"WooCommerce","type":"->"}]}
2026-03-31T20:22:50+00:00 CRITICAL Uncaught RuntimeException: Unable to claim actions. Database error: <div style="clear:both">&nbsp;</div>
<div class="queries" style="clear:both;margin-bottom:2px;border:red dotted thin;">
<p>MySQL query:</p>
<p>UPDATE wp_actionscheduler_actions t1 JOIN ( SELECT action_id from wp_actionscheduler_actions WHERE claim_id = 0 AND scheduled_date_gmt <= '2026-03-31 20:22:50' AND status='pending' ORDER BY priority ASC, attempts ASC, scheduled_date_gmt ASC, action_id ASC LIMIT 25 FOR UPDATE ) t2 ON t1.action_id = t2.action_id SET claim_id=882, last_attempt_gmt='2026-03-31 20:22:50', last_attempt_local='2026-03-31 20:22:50'</p>
<p>Queries made or created this session were:</p>
<ol>
<li>Executing: BEGIN | (no parameters)</li>
<li>Executing: UPDATE wp_actionscheduler_actions t1 JOIN ( SELECT action_id from wp_actionscheduler_actions WHERE claim_id = 0 AND scheduled_date_gmt &lt;= :param0  AND status=:param1  ORDER BY priority ASC, attempts ASC, scheduled_date_gmt ASC, action_id ASC LIMIT 25 FOR UPDATE ) t2 ON t1.action_i CONTEXT: {"error":{"type":1,"file":"/var/www/html/wp-content/plugins/woocommerce/packages/action-scheduler/classes/data-stores/ActionScheduler_DBStore.php","line":1019},"remote-logging":true,"backtrace":[{"file":"/var/www/html/wp-content/plugins/woocommerce/includes/class-woocommerce.php","line":482,"function":"critical","class":"WC_Logger","type":"->"},{"function":"log_errors","class":"WooCommerce","type":"->"}]}
2026-03-31T20:22:51+00:00 CRITICAL Uncaught RuntimeException: Unable to claim actions. Database error: <div style="clear:both">&nbsp;</div>
<div class="queries" style="clear:both;margin-bottom:2px;border:red dotted thin;">
<p>MySQL query:</p>
<p>UPDATE wp_actionscheduler_actions t1 JOIN ( SELECT action_id from wp_actionscheduler_actions WHERE claim_id = 0 AND scheduled_date_gmt <= '2026-03-31 20:22:51' AND status='pending' ORDER BY priority ASC, attempts ASC, scheduled_date_gmt ASC, action_id ASC LIMIT 25 FOR UPDATE ) t2 ON t1.action_id = t2.action_id SET claim_id=883, last_attempt_gmt='2026-03-31 20:22:51', last_attempt_local='2026-03-31 20:22:51'</p>
<p>Queries made or created this session were:</p>
<ol>
<li>Executing: BEGIN | (no parameters)</li>
<li>Executing: UPDATE wp_actionscheduler_actions t1 JOIN ( SELECT action_id from wp_actionscheduler_actions WHERE claim_id = 0 AND scheduled_date_gmt &lt;= :param0  AND status=:param1  ORDER BY priority ASC, attempts ASC, scheduled_date_gmt ASC, action_id ASC LIMIT 25 FOR UPDATE ) t2 ON t1.action_i CONTEXT: {"error":{"type":1,"file":"/var/www/html/wp-content/plugins/woocommerce/packages/action-scheduler/classes/data-stores/ActionScheduler_DBStore.php","line":1019},"remote-logging":true,"backtrace":[{"file":"/var/www/html/wp-content/plugins/woocommerce/includes/class-woocommerce.php","line":482,"function":"critical","class":"WC_Logger","type":"->"},{"function":"log_errors","class":"WooCommerce","type":"->"}]}
2026-03-31T20:24:52+00:00 CRITICAL Uncaught RuntimeException: Unable to claim actions. Database error: <div style="clear:both">&nbsp;</div>
<div class="queries" style="clear:both;margin-bottom:2px;border:red dotted thin;">
<p>MySQL query:</p>
<p>UPDATE wp_actionscheduler_actions t1 JOIN ( SELECT action_id from wp_actionscheduler_actions WHERE claim_id = 0 AND scheduled_date_gmt <= '2026-03-31 20:24:52' AND status='pending' ORDER BY priority ASC, attempts ASC, scheduled_date_gmt ASC, action_id ASC LIMIT 25 FOR UPDATE ) t2 ON t1.action_id = t2.action_id SET claim_id=884, last_attempt_gmt='2026-03-31 20:24:52', last_attempt_local='2026-03-31 20:24:52'</p>
<p>Queries made or created this session were:</p>
<ol>
<li>Executing: BEGIN | (no parameters)</li>
<li>Executing: UPDATE wp_actionscheduler_actions t1 JOIN ( SELECT action_id from wp_actionscheduler_actions WHERE claim_id = 0 AND scheduled_date_gmt &lt;= :param0  AND status=:param1  ORDER BY priority ASC, attempts ASC, scheduled_date_gmt ASC, action_id ASC LIMIT 25 FOR UPDATE ) t2 ON t1.action_i CONTEXT: {"error":{"type":1,"file":"/var/www/html/wp-content/plugins/woocommerce/packages/action-scheduler/classes/data-stores/ActionScheduler_DBStore.php","line":1019},"remote-logging":true,"backtrace":[{"file":"/var/www/html/wp-content/plugins/woocommerce/includes/class-woocommerce.php","line":482,"function":"critical","class":"WC_Logger","type":"->"},{"function":"log_errors","class":"WooCommerce","type":"->"}]}
2026-03-31T20:24:52+00:00 CRITICAL Uncaught RuntimeException: Unable to claim actions. Database error: <div style="clear:both">&nbsp;</div>
<div class="queries" style="clear:both;margin-bottom:2px;border:red dotted thin;">
<p>MySQL query:</p>
<p>UPDATE wp_actionscheduler_actions t1 JOIN ( SELECT action_id from wp_actionscheduler_actions WHERE claim_id = 0 AND scheduled_date_gmt <= '2026-03-31 20:24:52' AND status='pending' ORDER BY priority ASC, attempts ASC, scheduled_date_gmt ASC, action_id ASC LIMIT 25 FOR UPDATE ) t2 ON t1.action_id = t2.action_id SET claim_id=885, last_attempt_gmt='2026-03-31 20:24:52', last_attempt_local='2026-03-31 20:24:52'</p>
<p>Queries made or created this session were:</p>
<ol>
<li>Executing: BEGIN | (no parameters)</li>
<li>Executing: UPDATE wp_actionscheduler_actions t1 JOIN ( SELECT action_id from wp_actionscheduler_actions WHERE claim_id = 0 AND scheduled_date_gmt &lt;= :param0  AND status=:param1  ORDER BY priority ASC, attempts ASC, scheduled_date_gmt ASC, action_id ASC LIMIT 25 FOR UPDATE ) t2 ON t1.action_i CONTEXT: {"error":{"type":1,"file":"/var/www/html/wp-content/plugins/woocommerce/packages/action-scheduler/classes/data-stores/ActionScheduler_DBStore.php","line":1019},"remote-logging":true,"backtrace":[{"file":"/var/www/html/wp-content/plugins/woocommerce/includes/class-woocommerce.php","line":482,"function":"critical","class":"WC_Logger","type":"->"},{"function":"log_errors","class":"WooCommerce","type":"->"}]}
2026-03-31T20:26:52+00:00 CRITICAL Uncaught RuntimeException: Unable to claim actions. Database error: <div style="clear:both">&nbsp;</div>
<div class="queries" style="clear:both;margin-bottom:2px;border:red dotted thin;">
<p>MySQL query:</p>
<p>UPDATE wp_actionscheduler_actions t1 JOIN ( SELECT action_id from wp_actionscheduler_actions WHERE claim_id = 0 AND scheduled_date_gmt <= '2026-03-31 20:26:52' AND status='pending' ORDER BY priority ASC, attempts ASC, scheduled_date_gmt ASC, action_id ASC LIMIT 25 FOR UPDATE ) t2 ON t1.action_id = t2.action_id SET claim_id=886, last_attempt_gmt='2026-03-31 20:26:52', last_attempt_local='2026-03-31 20:26:52'</p>
<p>Queries made or created this session were:</p>
<ol>
<li>Executing: BEGIN | (no parameters)</li>
<li>Executing: UPDATE wp_actionscheduler_actions t1 JOIN ( SELECT action_id from wp_actionscheduler_actions WHERE claim_id = 0 AND scheduled_date_gmt &lt;= :param0  AND status=:param1  ORDER BY priority ASC, attempts ASC, scheduled_date_gmt ASC, action_id ASC LIMIT 25 FOR UPDATE ) t2 ON t1.action_i CONTEXT: {"error":{"type":1,"file":"/var/www/html/wp-content/plugins/woocommerce/packages/action-scheduler/classes/data-stores/ActionScheduler_DBStore.php","line":1019},"remote-logging":true,"backtrace":[{"file":"/var/www/html/wp-content/plugins/woocommerce/includes/class-woocommerce.php","line":482,"function":"critical","class":"WC_Logger","type":"->"},{"function":"log_errors","class":"WooCommerce","type":"->"}]}
2026-03-31T20:26:53+00:00 CRITICAL Uncaught RuntimeException: Unable to claim actions. Database error: <div style="clear:both">&nbsp;</div>
<div class="queries" style="clear:both;margin-bottom:2px;border:red dotted thin;">
<p>MySQL query:</p>
<p>UPDATE wp_actionscheduler_actions t1 JOIN ( SELECT action_id from wp_actionscheduler_actions WHERE claim_id = 0 AND scheduled_date_gmt <= '2026-03-31 20:26:53' AND status='pending' ORDER BY priority ASC, attempts ASC, scheduled_date_gmt ASC, action_id ASC LIMIT 25 FOR UPDATE ) t2 ON t1.action_id = t2.action_id SET claim_id=887, last_attempt_gmt='2026-03-31 20:26:53', last_attempt_local='2026-03-31 20:26:53'</p>
<p>Queries made or created this session were:</p>
<ol>
<li>Executing: BEGIN | (no parameters)</li>
<li>Executing: UPDATE wp_actionscheduler_actions t1 JOIN ( SELECT action_id from wp_actionscheduler_actions WHERE claim_id = 0 AND scheduled_date_gmt &lt;= :param0  AND status=:param1  ORDER BY priority ASC, attempts ASC, scheduled_date_gmt ASC, action_id ASC LIMIT 25 FOR UPDATE ) t2 ON t1.action_i CONTEXT: {"error":{"type":1,"file":"/var/www/html/wp-content/plugins/woocommerce/packages/action-scheduler/classes/data-stores/ActionScheduler_DBStore.php","line":1019},"remote-logging":true,"backtrace":[{"file":"/var/www/html/wp-content/plugins/woocommerce/includes/class-woocommerce.php","line":482,"function":"critical","class":"WC_Logger","type":"->"},{"function":"log_errors","class":"WooCommerce","type":"->"}]}
2026-03-31T20:28:53+00:00 CRITICAL Uncaught RuntimeException: Unable to claim actions. Database error: <div style="clear:both">&nbsp;</div>
<div class="queries" style="clear:both;margin-bottom:2px;border:red dotted thin;">
<p>MySQL query:</p>
<p>UPDATE wp_actionscheduler_actions t1 JOIN ( SELECT action_id from wp_actionscheduler_actions WHERE claim_id = 0 AND scheduled_date_gmt <= '2026-03-31 20:28:53' AND status='pending' ORDER BY priority ASC, attempts ASC, scheduled_date_gmt ASC, action_id ASC LIMIT 25 FOR UPDATE ) t2 ON t1.action_id = t2.action_id SET claim_id=888, last_attempt_gmt='2026-03-31 20:28:53', last_attempt_local='2026-03-31 20:28:53'</p>
<p>Queries made or created this session were:</p>
<ol>
<li>Executing: BEGIN | (no parameters)</li>
<li>Executing: UPDATE wp_actionscheduler_actions t1 JOIN ( SELECT action_id from wp_actionscheduler_actions WHERE claim_id = 0 AND scheduled_date_gmt &lt;= :param0  AND status=:param1  ORDER BY priority ASC, attempts ASC, scheduled_date_gmt ASC, action_id ASC LIMIT 25 FOR UPDATE ) t2 ON t1.action_i CONTEXT: {"error":{"type":1,"file":"/var/www/html/wp-content/plugins/woocommerce/packages/action-scheduler/classes/data-stores/ActionScheduler_DBStore.php","line":1019},"remote-logging":true,"backtrace":[{"file":"/var/www/html/wp-content/plugins/woocommerce/includes/class-woocommerce.php","line":482,"function":"critical","class":"WC_Logger","type":"->"},{"function":"log_errors","class":"WooCommerce","type":"->"}]}
2026-03-31T20:28:54+00:00 CRITICAL Uncaught RuntimeException: Unable to claim actions. Database error: <div style="clear:both">&nbsp;</div>
<div class="queries" style="clear:both;margin-bottom:2px;border:red dotted thin;">
<p>MySQL query:</p>
<p>UPDATE wp_actionscheduler_actions t1 JOIN ( SELECT action_id from wp_actionscheduler_actions WHERE claim_id = 0 AND scheduled_date_gmt <= '2026-03-31 20:28:54' AND status='pending' ORDER BY priority ASC, attempts ASC, scheduled_date_gmt ASC, action_id ASC LIMIT 25 FOR UPDATE ) t2 ON t1.action_id = t2.action_id SET claim_id=889, last_attempt_gmt='2026-03-31 20:28:54', last_attempt_local='2026-03-31 20:28:54'</p>
<p>Queries made or created this session were:</p>
<ol>
<li>Executing: BEGIN | (no parameters)</li>
<li>Executing: UPDATE wp_actionscheduler_actions t1 JOIN ( SELECT action_id from wp_actionscheduler_actions WHERE claim_id = 0 AND scheduled_date_gmt &lt;= :param0  AND status=:param1  ORDER BY priority ASC, attempts ASC, scheduled_date_gmt ASC, action_id ASC LIMIT 25 FOR UPDATE ) t2 ON t1.action_i CONTEXT: {"error":{"type":1,"file":"/var/www/html/wp-content/plugins/woocommerce/packages/action-scheduler/classes/data-stores/ActionScheduler_DBStore.php","line":1019},"remote-logging":true,"backtrace":[{"file":"/var/www/html/wp-content/plugins/woocommerce/includes/class-woocommerce.php","line":482,"function":"critical","class":"WC_Logger","type":"->"},{"function":"log_errors","class":"WooCommerce","type":"->"}]}
2026-03-31T20:30:54+00:00 CRITICAL Uncaught RuntimeException: Unable to claim actions. Database error: <div style="clear:both">&nbsp;</div>
<div class="queries" style="clear:both;margin-bottom:2px;border:red dotted thin;">
<p>MySQL query:</p>
<p>UPDATE wp_actionscheduler_actions t1 JOIN ( SELECT action_id from wp_actionscheduler_actions WHERE claim_id = 0 AND scheduled_date_gmt <= '2026-03-31 20:30:54' AND status='pending' ORDER BY priority ASC, attempts ASC, scheduled_date_gmt ASC, action_id ASC LIMIT 25 FOR UPDATE ) t2 ON t1.action_id = t2.action_id SET claim_id=890, last_attempt_gmt='2026-03-31 20:30:54', last_attempt_local='2026-03-31 20:30:54'</p>
<p>Queries made or created this session were:</p>
<ol>
<li>Executing: BEGIN | (no parameters)</li>
<li>Executing: UPDATE wp_actionscheduler_actions t1 JOIN ( SELECT action_id from wp_actionscheduler_actions WHERE claim_id = 0 AND scheduled_date_gmt &lt;= :param0  AND status=:param1  ORDER BY priority ASC, attempts ASC, scheduled_date_gmt ASC, action_id ASC LIMIT 25 FOR UPDATE ) t2 ON t1.action_i CONTEXT: {"error":{"type":1,"file":"/var/www/html/wp-content/plugins/woocommerce/packages/action-scheduler/classes/data-stores/ActionScheduler_DBStore.php","line":1019},"remote-logging":true,"backtrace":[{"file":"/var/www/html/wp-content/plugins/woocommerce/includes/class-woocommerce.php","line":482,"function":"critical","class":"WC_Logger","type":"->"},{"function":"log_errors","class":"WooCommerce","type":"->"}]}
2026-03-31T20:30:56+00:00 CRITICAL Uncaught RuntimeException: Unable to claim actions. Database error: <div style="clear:both">&nbsp;</div>
<div class="queries" style="clear:both;margin-bottom:2px;border:red dotted thin;">
<p>MySQL query:</p>
<p>UPDATE wp_actionscheduler_actions t1 JOIN ( SELECT action_id from wp_actionscheduler_actions WHERE claim_id = 0 AND scheduled_date_gmt <= '2026-03-31 20:30:56' AND status='pending' ORDER BY priority ASC, attempts ASC, scheduled_date_gmt ASC, action_id ASC LIMIT 25 FOR UPDATE ) t2 ON t1.action_id = t2.action_id SET claim_id=891, last_attempt_gmt='2026-03-31 20:30:56', last_attempt_local='2026-03-31 20:30:56'</p>
<p>Queries made or created this session were:</p>
<ol>
<li>Executing: BEGIN | (no parameters)</li>
<li>Executing: UPDATE wp_actionscheduler_actions t1 JOIN ( SELECT action_id from wp_actionscheduler_actions WHERE claim_id = 0 AND scheduled_date_gmt &lt;= :param0  AND status=:param1  ORDER BY priority ASC, attempts ASC, scheduled_date_gmt ASC, action_id ASC LIMIT 25 FOR UPDATE ) t2 ON t1.action_i CONTEXT: {"error":{"type":1,"file":"/var/www/html/wp-content/plugins/woocommerce/packages/action-scheduler/classes/data-stores/ActionScheduler_DBStore.php","line":1019},"remote-logging":true,"backtrace":[{"file":"/var/www/html/wp-content/plugins/woocommerce/includes/class-woocommerce.php","line":482,"function":"critical","class":"WC_Logger","type":"->"},{"function":"log_errors","class":"WooCommerce","type":"->"}]}
2026-03-31T20:32:55+00:00 CRITICAL Uncaught RuntimeException: Unable to claim actions. Database error: <div style="clear:both">&nbsp;</div>
<div class="queries" style="clear:both;margin-bottom:2px;border:red dotted thin;">
<p>MySQL query:</p>
<p>UPDATE wp_actionscheduler_actions t1 JOIN ( SELECT action_id from wp_actionscheduler_actions WHERE claim_id = 0 AND scheduled_date_gmt <= '2026-03-31 20:32:55' AND status='pending' ORDER BY priority ASC, attempts ASC, scheduled_date_gmt ASC, action_id ASC LIMIT 25 FOR UPDATE ) t2 ON t1.action_id = t2.action_id SET claim_id=892, last_attempt_gmt='2026-03-31 20:32:55', last_attempt_local='2026-03-31 20:32:55'</p>
<p>Queries made or created this session were:</p>
<ol>
<li>Executing: BEGIN | (no parameters)</li>
<li>Executing: UPDATE wp_actionscheduler_actions t1 JOIN ( SELECT action_id from wp_actionscheduler_actions WHERE claim_id = 0 AND scheduled_date_gmt &lt;= :param0  AND status=:param1  ORDER BY priority ASC, attempts ASC, scheduled_date_gmt ASC, action_id ASC LIMIT 25 FOR UPDATE ) t2 ON t1.action_i CONTEXT: {"error":{"type":1,"file":"/var/www/html/wp-content/plugins/woocommerce/packages/action-scheduler/classes/data-stores/ActionScheduler_DBStore.php","line":1019},"remote-logging":true,"backtrace":[{"file":"/var/www/html/wp-content/plugins/woocommerce/includes/class-woocommerce.php","line":482,"function":"critical","class":"WC_Logger","type":"->"},{"function":"log_errors","class":"WooCommerce","type":"->"}]}
2026-03-31T20:32:56+00:00 CRITICAL Uncaught RuntimeException: Unable to claim actions. Database error: <div style="clear:both">&nbsp;</div>
<div class="queries" style="clear:both;margin-bottom:2px;border:red dotted thin;">
<p>MySQL query:</p>
<p>UPDATE wp_actionscheduler_actions t1 JOIN ( SELECT action_id from wp_actionscheduler_actions WHERE claim_id = 0 AND scheduled_date_gmt <= '2026-03-31 20:32:56' AND status='pending' ORDER BY priority ASC, attempts ASC, scheduled_date_gmt ASC, action_id ASC LIMIT 25 FOR UPDATE ) t2 ON t1.action_id = t2.action_id SET claim_id=893, last_attempt_gmt='2026-03-31 20:32:56', last_attempt_local='2026-03-31 20:32:56'</p>
<p>Queries made or created this session were:</p>
<ol>
<li>Executing: BEGIN | (no parameters)</li>
<li>Executing: UPDATE wp_actionscheduler_actions t1 JOIN ( SELECT action_id from wp_actionscheduler_actions WHERE claim_id = 0 AND scheduled_date_gmt &lt;= :param0  AND status=:param1  ORDER BY priority ASC, attempts ASC, scheduled_date_gmt ASC, action_id ASC LIMIT 25 FOR UPDATE ) t2 ON t1.action_i CONTEXT: {"error":{"type":1,"file":"/var/www/html/wp-content/plugins/woocommerce/packages/action-scheduler/classes/data-stores/ActionScheduler_DBStore.php","line":1019},"remote-logging":true,"backtrace":[{"file":"/var/www/html/wp-content/plugins/woocommerce/includes/class-woocommerce.php","line":482,"function":"critical","class":"WC_Logger","type":"->"},{"function":"log_errors","class":"WooCommerce","type":"->"}]}
2026-03-31T20:34:57+00:00 CRITICAL Uncaught RuntimeException: Unable to claim actions. Database error: <div style="clear:both">&nbsp;</div>
<div class="queries" style="clear:both;margin-bottom:2px;border:red dotted thin;">
<p>MySQL query:</p>
<p>UPDATE wp_actionscheduler_actions t1 JOIN ( SELECT action_id from wp_actionscheduler_actions WHERE claim_id = 0 AND scheduled_date_gmt <= '2026-03-31 20:34:57' AND status='pending' ORDER BY priority ASC, attempts ASC, scheduled_date_gmt ASC, action_id ASC LIMIT 25 FOR UPDATE ) t2 ON t1.action_id = t2.action_id SET claim_id=894, last_attempt_gmt='2026-03-31 20:34:57', last_attempt_local='2026-03-31 20:34:57'</p>
<p>Queries made or created this session were:</p>
<ol>
<li>Executing: BEGIN | (no parameters)</li>
<li>Executing: UPDATE wp_actionscheduler_actions t1 JOIN ( SELECT action_id from wp_actionscheduler_actions WHERE claim_id = 0 AND scheduled_date_gmt &lt;= :param0  AND status=:param1  ORDER BY priority ASC, attempts ASC, scheduled_date_gmt ASC, action_id ASC LIMIT 25 FOR UPDATE ) t2 ON t1.action_i CONTEXT: {"error":{"type":1,"file":"/var/www/html/wp-content/plugins/woocommerce/packages/action-scheduler/classes/data-stores/ActionScheduler_DBStore.php","line":1019},"remote-logging":true,"backtrace":[{"file":"/var/www/html/wp-content/plugins/woocommerce/includes/class-woocommerce.php","line":482,"function":"critical","class":"WC_Logger","type":"->"},{"function":"log_errors","class":"WooCommerce","type":"->"}]}
2026-03-31T20:34:58+00:00 CRITICAL Uncaught RuntimeException: Unable to claim actions. Database error: <div style="clear:both">&nbsp;</div>
<div class="queries" style="clear:both;margin-bottom:2px;border:red dotted thin;">
<p>MySQL query:</p>
<p>UPDATE wp_actionscheduler_actions t1 JOIN ( SELECT action_id from wp_actionscheduler_actions WHERE claim_id = 0 AND scheduled_date_gmt <= '2026-03-31 20:34:58' AND status='pending' ORDER BY priority ASC, attempts ASC, scheduled_date_gmt ASC, action_id ASC LIMIT 25 FOR UPDATE ) t2 ON t1.action_id = t2.action_id SET claim_id=895, last_attempt_gmt='2026-03-31 20:34:58', last_attempt_local='2026-03-31 20:34:58'</p>
<p>Queries made or created this session were:</p>
<ol>
<li>Executing: BEGIN | (no parameters)</li>
<li>Executing: UPDATE wp_actionscheduler_actions t1 JOIN ( SELECT action_id from wp_actionscheduler_actions WHERE claim_id = 0 AND scheduled_date_gmt &lt;= :param0  AND status=:param1  ORDER BY priority ASC, attempts ASC, scheduled_date_gmt ASC, action_id ASC LIMIT 25 FOR UPDATE ) t2 ON t1.action_i CONTEXT: {"error":{"type":1,"file":"/var/www/html/wp-content/plugins/woocommerce/packages/action-scheduler/classes/data-stores/ActionScheduler_DBStore.php","line":1019},"remote-logging":true,"backtrace":[{"file":"/var/www/html/wp-content/plugins/woocommerce/includes/class-woocommerce.php","line":482,"function":"critical","class":"WC_Logger","type":"->"},{"function":"log_errors","class":"WooCommerce","type":"->"}]}
2026-03-31T20:36:57+00:00 CRITICAL Uncaught RuntimeException: Unable to claim actions. Database error: <div style="clear:both">&nbsp;</div>
<div class="queries" style="clear:both;margin-bottom:2px;border:red dotted thin;">
<p>MySQL query:</p>
<p>UPDATE wp_actionscheduler_actions t1 JOIN ( SELECT action_id from wp_actionscheduler_actions WHERE claim_id = 0 AND scheduled_date_gmt <= '2026-03-31 20:36:57' AND status='pending' ORDER BY priority ASC, attempts ASC, scheduled_date_gmt ASC, action_id ASC LIMIT 25 FOR UPDATE ) t2 ON t1.action_id = t2.action_id SET claim_id=896, last_attempt_gmt='2026-03-31 20:36:57', last_attempt_local='2026-03-31 20:36:57'</p>
<p>Queries made or created this session were:</p>
<ol>
<li>Executing: BEGIN | (no parameters)</li>
<li>Executing: UPDATE wp_actionscheduler_actions t1 JOIN ( SELECT action_id from wp_actionscheduler_actions WHERE claim_id = 0 AND scheduled_date_gmt &lt;= :param0  AND status=:param1  ORDER BY priority ASC, attempts ASC, scheduled_date_gmt ASC, action_id ASC LIMIT 25 FOR UPDATE ) t2 ON t1.action_i CONTEXT: {"error":{"type":1,"file":"/var/www/html/wp-content/plugins/woocommerce/packages/action-scheduler/classes/data-stores/ActionScheduler_DBStore.php","line":1019},"remote-logging":true,"backtrace":[{"file":"/var/www/html/wp-content/plugins/woocommerce/includes/class-woocommerce.php","line":482,"function":"critical","class":"WC_Logger","type":"->"},{"function":"log_errors","class":"WooCommerce","type":"->"}]}
2026-03-31T20:36:58+00:00 CRITICAL Uncaught RuntimeException: Unable to claim actions. Database error: <div style="clear:both">&nbsp;</div>
<div class="queries" style="clear:both;margin-bottom:2px;border:red dotted thin;">
<p>MySQL query:</p>
<p>UPDATE wp_actionscheduler_actions t1 JOIN ( SELECT action_id from wp_actionscheduler_actions WHERE claim_id = 0 AND scheduled_date_gmt <= '2026-03-31 20:36:58' AND status='pending' ORDER BY priority ASC, attempts ASC, scheduled_date_gmt ASC, action_id ASC LIMIT 25 FOR UPDATE ) t2 ON t1.action_id = t2.action_id SET claim_id=897, last_attempt_gmt='2026-03-31 20:36:58', last_attempt_local='2026-03-31 20:36:58'</p>
<p>Queries made or created this session were:</p>
<ol>
<li>Executing: BEGIN | (no parameters)</li>
<li>Executing: UPDATE wp_actionscheduler_actions t1 JOIN ( SELECT action_id from wp_actionscheduler_actions WHERE claim_id = 0 AND scheduled_date_gmt &lt;= :param0  AND status=:param1  ORDER BY priority ASC, attempts ASC, scheduled_date_gmt ASC, action_id ASC LIMIT 25 FOR UPDATE ) t2 ON t1.action_i CONTEXT: {"error":{"type":1,"file":"/var/www/html/wp-content/plugins/woocommerce/packages/action-scheduler/classes/data-stores/ActionScheduler_DBStore.php","line":1019},"remote-logging":true,"backtrace":[{"file":"/var/www/html/wp-content/plugins/woocommerce/includes/class-woocommerce.php","line":482,"function":"critical","class":"WC_Logger","type":"->"},{"function":"log_errors","class":"WooCommerce","type":"->"}]}
2026-03-31T20:38:59+00:00 CRITICAL Uncaught RuntimeException: Unable to claim actions. Database error: <div style="clear:both">&nbsp;</div>
<div class="queries" style="clear:both;margin-bottom:2px;border:red dotted thin;">
<p>MySQL query:</p>
<p>UPDATE wp_actionscheduler_actions t1 JOIN ( SELECT action_id from wp_actionscheduler_actions WHERE claim_id = 0 AND scheduled_date_gmt <= '2026-03-31 20:38:59' AND status='pending' ORDER BY priority ASC, attempts ASC, scheduled_date_gmt ASC, action_id ASC LIMIT 25 FOR UPDATE ) t2 ON t1.action_id = t2.action_id SET claim_id=898, last_attempt_gmt='2026-03-31 20:38:59', last_attempt_local='2026-03-31 20:38:59'</p>
<p>Queries made or created this session were:</p>
<ol>
<li>Executing: BEGIN | (no parameters)</li>
<li>Executing: UPDATE wp_actionscheduler_actions t1 JOIN ( SELECT action_id from wp_actionscheduler_actions WHERE claim_id = 0 AND scheduled_date_gmt &lt;= :param0  AND status=:param1  ORDER BY priority ASC, attempts ASC, scheduled_date_gmt ASC, action_id ASC LIMIT 25 FOR UPDATE ) t2 ON t1.action_i CONTEXT: {"error":{"type":1,"file":"/var/www/html/wp-content/plugins/woocommerce/packages/action-scheduler/classes/data-stores/ActionScheduler_DBStore.php","line":1019},"remote-logging":true,"backtrace":[{"file":"/var/www/html/wp-content/plugins/woocommerce/includes/class-woocommerce.php","line":482,"function":"critical","class":"WC_Logger","type":"->"},{"function":"log_errors","class":"WooCommerce","type":"->"}]}
2026-03-31T20:38:59+00:00 CRITICAL Uncaught RuntimeException: Unable to claim actions. Database error: <div style="clear:both">&nbsp;</div>
<div class="queries" style="clear:both;margin-bottom:2px;border:red dotted thin;">
<p>MySQL query:</p>
<p>UPDATE wp_actionscheduler_actions t1 JOIN ( SELECT action_id from wp_actionscheduler_actions WHERE claim_id = 0 AND scheduled_date_gmt <= '2026-03-31 20:38:59' AND status='pending' ORDER BY priority ASC, attempts ASC, scheduled_date_gmt ASC, action_id ASC LIMIT 25 FOR UPDATE ) t2 ON t1.action_id = t2.action_id SET claim_id=899, last_attempt_gmt='2026-03-31 20:38:59', last_attempt_local='2026-03-31 20:38:59'</p>
<p>Queries made or created this session were:</p>
<ol>
<li>Executing: BEGIN | (no parameters)</li>
<li>Executing: UPDATE wp_actionscheduler_actions t1 JOIN ( SELECT action_id from wp_actionscheduler_actions WHERE claim_id = 0 AND scheduled_date_gmt &lt;= :param0  AND status=:param1  ORDER BY priority ASC, attempts ASC, scheduled_date_gmt ASC, action_id ASC LIMIT 25 FOR UPDATE ) t2 ON t1.action_i CONTEXT: {"error":{"type":1,"file":"/var/www/html/wp-content/plugins/woocommerce/packages/action-scheduler/classes/data-stores/ActionScheduler_DBStore.php","line":1019},"remote-logging":true,"backtrace":[{"file":"/var/www/html/wp-content/plugins/woocommerce/includes/class-woocommerce.php","line":482,"function":"critical","class":"WC_Logger","type":"->"},{"function":"log_errors","class":"WooCommerce","type":"->"}]}
2026-03-31T20:40:59+00:00 CRITICAL Uncaught RuntimeException: Unable to claim actions. Database error: <div style="clear:both">&nbsp;</div>
<div class="queries" style="clear:both;margin-bottom:2px;border:red dotted thin;">
<p>MySQL query:</p>
<p>UPDATE wp_actionscheduler_actions t1 JOIN ( SELECT action_id from wp_actionscheduler_actions WHERE claim_id = 0 AND scheduled_date_gmt <= '2026-03-31 20:40:59' AND status='pending' ORDER BY priority ASC, attempts ASC, scheduled_date_gmt ASC, action_id ASC LIMIT 25 FOR UPDATE ) t2 ON t1.action_id = t2.action_id SET claim_id=900, last_attempt_gmt='2026-03-31 20:40:59', last_attempt_local='2026-03-31 20:40:59'</p>
<p>Queries made or created this session were:</p>
<ol>
<li>Executing: BEGIN | (no parameters)</li>
<li>Executing: UPDATE wp_actionscheduler_actions t1 JOIN ( SELECT action_id from wp_actionscheduler_actions WHERE claim_id = 0 AND scheduled_date_gmt &lt;= :param0  AND status=:param1  ORDER BY priority ASC, attempts ASC, scheduled_date_gmt ASC, action_id ASC LIMIT 25 FOR UPDATE ) t2 ON t1.action_i CONTEXT: {"error":{"type":1,"file":"/var/www/html/wp-content/plugins/woocommerce/packages/action-scheduler/classes/data-stores/ActionScheduler_DBStore.php","line":1019},"remote-logging":true,"backtrace":[{"file":"/var/www/html/wp-content/plugins/woocommerce/includes/class-woocommerce.php","line":482,"function":"critical","class":"WC_Logger","type":"->"},{"function":"log_errors","class":"WooCommerce","type":"->"}]}
2026-03-31T20:41:00+00:00 CRITICAL Uncaught RuntimeException: Unable to claim actions. Database error: <div style="clear:both">&nbsp;</div>
<div class="queries" style="clear:both;margin-bottom:2px;border:red dotted thin;">
<p>MySQL query:</p>
<p>UPDATE wp_actionscheduler_actions t1 JOIN ( SELECT action_id from wp_actionscheduler_actions WHERE claim_id = 0 AND scheduled_date_gmt <= '2026-03-31 20:41:00' AND status='pending' ORDER BY priority ASC, attempts ASC, scheduled_date_gmt ASC, action_id ASC LIMIT 25 FOR UPDATE ) t2 ON t1.action_id = t2.action_id SET claim_id=901, last_attempt_gmt='2026-03-31 20:41:00', last_attempt_local='2026-03-31 20:41:00'</p>
<p>Queries made or created this session were:</p>
<ol>
<li>Executing: BEGIN | (no parameters)</li>
<li>Executing: UPDATE wp_actionscheduler_actions t1 JOIN ( SELECT action_id from wp_actionscheduler_actions WHERE claim_id = 0 AND scheduled_date_gmt &lt;= :param0  AND status=:param1  ORDER BY priority ASC, attempts ASC, scheduled_date_gmt ASC, action_id ASC LIMIT 25 FOR UPDATE ) t2 ON t1.action_i CONTEXT: {"error":{"type":1,"file":"/var/www/html/wp-content/plugins/woocommerce/packages/action-scheduler/classes/data-stores/ActionScheduler_DBStore.php","line":1019},"remote-logging":true,"backtrace":[{"file":"/var/www/html/wp-content/plugins/woocommerce/includes/class-woocommerce.php","line":482,"function":"critical","class":"WC_Logger","type":"->"},{"function":"log_errors","class":"WooCommerce","type":"->"}]}
2026-03-31T20:43:01+00:00 CRITICAL Uncaught RuntimeException: Unable to claim actions. Database error: <div style="clear:both">&nbsp;</div>
<div class="queries" style="clear:both;margin-bottom:2px;border:red dotted thin;">
<p>MySQL query:</p>
<p>UPDATE wp_actionscheduler_actions t1 JOIN ( SELECT action_id from wp_actionscheduler_actions WHERE claim_id = 0 AND scheduled_date_gmt <= '2026-03-31 20:43:01' AND status='pending' ORDER BY priority ASC, attempts ASC, scheduled_date_gmt ASC, action_id ASC LIMIT 25 FOR UPDATE ) t2 ON t1.action_id = t2.action_id SET claim_id=902, last_attempt_gmt='2026-03-31 20:43:01', last_attempt_local='2026-03-31 20:43:01'</p>
<p>Queries made or created this session were:</p>
<ol>
<li>Executing: BEGIN | (no parameters)</li>
<li>Executing: UPDATE wp_actionscheduler_actions t1 JOIN ( SELECT action_id from wp_actionscheduler_actions WHERE claim_id = 0 AND scheduled_date_gmt &lt;= :param0  AND status=:param1  ORDER BY priority ASC, attempts ASC, scheduled_date_gmt ASC, action_id ASC LIMIT 25 FOR UPDATE ) t2 ON t1.action_i CONTEXT: {"error":{"type":1,"file":"/var/www/html/wp-content/plugins/woocommerce/packages/action-scheduler/classes/data-stores/ActionScheduler_DBStore.php","line":1019},"remote-logging":true,"backtrace":[{"file":"/var/www/html/wp-content/plugins/woocommerce/includes/class-woocommerce.php","line":482,"function":"critical","class":"WC_Logger","type":"->"},{"function":"log_errors","class":"WooCommerce","type":"->"}]}
2026-03-31T20:43:01+00:00 CRITICAL Uncaught RuntimeException: Unable to claim actions. Database error: <div style="clear:both">&nbsp;</div>
<div class="queries" style="clear:both;margin-bottom:2px;border:red dotted thin;">
<p>MySQL query:</p>
<p>UPDATE wp_actionscheduler_actions t1 JOIN ( SELECT action_id from wp_actionscheduler_actions WHERE claim_id = 0 AND scheduled_date_gmt <= '2026-03-31 20:43:01' AND status='pending' ORDER BY priority ASC, attempts ASC, scheduled_date_gmt ASC, action_id ASC LIMIT 25 FOR UPDATE ) t2 ON t1.action_id = t2.action_id SET claim_id=903, last_attempt_gmt='2026-03-31 20:43:01', last_attempt_local='2026-03-31 20:43:01'</p>
<p>Queries made or created this session were:</p>
<ol>
<li>Executing: BEGIN | (no parameters)</li>
<li>Executing: UPDATE wp_actionscheduler_actions t1 JOIN ( SELECT action_id from wp_actionscheduler_actions WHERE claim_id = 0 AND scheduled_date_gmt &lt;= :param0  AND status=:param1  ORDER BY priority ASC, attempts ASC, scheduled_date_gmt ASC, action_id ASC LIMIT 25 FOR UPDATE ) t2 ON t1.action_i CONTEXT: {"error":{"type":1,"file":"/var/www/html/wp-content/plugins/woocommerce/packages/action-scheduler/classes/data-stores/ActionScheduler_DBStore.php","line":1019},"remote-logging":true,"backtrace":[{"file":"/var/www/html/wp-content/plugins/woocommerce/includes/class-woocommerce.php","line":482,"function":"critical","class":"WC_Logger","type":"->"},{"function":"log_errors","class":"WooCommerce","type":"->"}]}
2026-03-31T20:45:02+00:00 CRITICAL Uncaught RuntimeException: Unable to claim actions. Database error: <div style="clear:both">&nbsp;</div>
<div class="queries" style="clear:both;margin-bottom:2px;border:red dotted thin;">
<p>MySQL query:</p>
<p>UPDATE wp_actionscheduler_actions t1 JOIN ( SELECT action_id from wp_actionscheduler_actions WHERE claim_id = 0 AND scheduled_date_gmt <= '2026-03-31 20:45:02' AND status='pending' ORDER BY priority ASC, attempts ASC, scheduled_date_gmt ASC, action_id ASC LIMIT 25 FOR UPDATE ) t2 ON t1.action_id = t2.action_id SET claim_id=904, last_attempt_gmt='2026-03-31 20:45:02', last_attempt_local='2026-03-31 20:45:02'</p>
<p>Queries made or created this session were:</p>
<ol>
<li>Executing: BEGIN | (no parameters)</li>
<li>Executing: UPDATE wp_actionscheduler_actions t1 JOIN ( SELECT action_id from wp_actionscheduler_actions WHERE claim_id = 0 AND scheduled_date_gmt &lt;= :param0  AND status=:param1  ORDER BY priority ASC, attempts ASC, scheduled_date_gmt ASC, action_id ASC LIMIT 25 FOR UPDATE ) t2 ON t1.action_i CONTEXT: {"error":{"type":1,"file":"/var/www/html/wp-content/plugins/woocommerce/packages/action-scheduler/classes/data-stores/ActionScheduler_DBStore.php","line":1019},"remote-logging":true,"backtrace":[{"file":"/var/www/html/wp-content/plugins/woocommerce/includes/class-woocommerce.php","line":482,"function":"critical","class":"WC_Logger","type":"->"},{"function":"log_errors","class":"WooCommerce","type":"->"}]}
2026-03-31T20:45:03+00:00 CRITICAL Uncaught RuntimeException: Unable to claim actions. Database error: <div style="clear:both">&nbsp;</div>
<div class="queries" style="clear:both;margin-bottom:2px;border:red dotted thin;">
<p>MySQL query:</p>
<p>UPDATE wp_actionscheduler_actions t1 JOIN ( SELECT action_id from wp_actionscheduler_actions WHERE claim_id = 0 AND scheduled_date_gmt <= '2026-03-31 20:45:03' AND status='pending' ORDER BY priority ASC, attempts ASC, scheduled_date_gmt ASC, action_id ASC LIMIT 25 FOR UPDATE ) t2 ON t1.action_id = t2.action_id SET claim_id=905, last_attempt_gmt='2026-03-31 20:45:03', last_attempt_local='2026-03-31 20:45:03'</p>
<p>Queries made or created this session were:</p>
<ol>
<li>Executing: BEGIN | (no parameters)</li>
<li>Executing: UPDATE wp_actionscheduler_actions t1 JOIN ( SELECT action_id from wp_actionscheduler_actions WHERE claim_id = 0 AND scheduled_date_gmt &lt;= :param0  AND status=:param1  ORDER BY priority ASC, attempts ASC, scheduled_date_gmt ASC, action_id ASC LIMIT 25 FOR UPDATE ) t2 ON t1.action_i CONTEXT: {"error":{"type":1,"file":"/var/www/html/wp-content/plugins/woocommerce/packages/action-scheduler/classes/data-stores/ActionScheduler_DBStore.php","line":1019},"remote-logging":true,"backtrace":[{"file":"/var/www/html/wp-content/plugins/woocommerce/includes/class-woocommerce.php","line":482,"function":"critical","class":"WC_Logger","type":"->"},{"function":"log_errors","class":"WooCommerce","type":"->"}]}
2026-03-31T20:46:15+00:00 CRITICAL Uncaught RuntimeException: Unable to claim actions. Database error: <div style="clear:both">&nbsp;</div>
<div class="queries" style="clear:both;margin-bottom:2px;border:red dotted thin;">
<p>MySQL query:</p>
<p>UPDATE wp_actionscheduler_actions t1 JOIN ( SELECT action_id from wp_actionscheduler_actions WHERE claim_id = 0 AND scheduled_date_gmt <= '2026-03-31 20:46:15' AND status='pending' ORDER BY priority ASC, attempts ASC, scheduled_date_gmt ASC, action_id ASC LIMIT 25 FOR UPDATE ) t2 ON t1.action_id = t2.action_id SET claim_id=906, last_attempt_gmt='2026-03-31 20:46:15', last_attempt_local='2026-03-31 20:46:15'</p>
<p>Queries made or created this session were:</p>
<ol>
<li>Executing: BEGIN | (no parameters)</li>
<li>Executing: UPDATE wp_actionscheduler_actions t1 JOIN ( SELECT action_id from wp_actionscheduler_actions WHERE claim_id = 0 AND scheduled_date_gmt &lt;= :param0  AND status=:param1  ORDER BY priority ASC, attempts ASC, scheduled_date_gmt ASC, action_id ASC LIMIT 25 FOR UPDATE ) t2 ON t1.action_i CONTEXT: {"error":{"type":1,"file":"/var/www/html/wp-content/plugins/woocommerce/packages/action-scheduler/classes/data-stores/ActionScheduler_DBStore.php","line":1019},"remote-logging":true,"backtrace":[{"file":"/var/www/html/wp-content/plugins/woocommerce/includes/class-woocommerce.php","line":482,"function":"critical","class":"WC_Logger","type":"->"},{"function":"log_errors","class":"WooCommerce","type":"->"}]}
2026-03-31T20:46:17+00:00 CRITICAL Uncaught RuntimeException: Unable to claim actions. Database error: <div style="clear:both">&nbsp;</div>
<div class="queries" style="clear:both;margin-bottom:2px;border:red dotted thin;">
<p>MySQL query:</p>
<p>UPDATE wp_actionscheduler_actions t1 JOIN ( SELECT action_id from wp_actionscheduler_actions WHERE claim_id = 0 AND scheduled_date_gmt <= '2026-03-31 20:46:17' AND status='pending' ORDER BY priority ASC, attempts ASC, scheduled_date_gmt ASC, action_id ASC LIMIT 25 FOR UPDATE ) t2 ON t1.action_id = t2.action_id SET claim_id=907, last_attempt_gmt='2026-03-31 20:46:17', last_attempt_local='2026-03-31 20:46:17'</p>
<p>Queries made or created this session were:</p>
<ol>
<li>Executing: BEGIN | (no parameters)</li>
<li>Executing: UPDATE wp_actionscheduler_actions t1 JOIN ( SELECT action_id from wp_actionscheduler_actions WHERE claim_id = 0 AND scheduled_date_gmt &lt;= :param0  AND status=:param1  ORDER BY priority ASC, attempts ASC, scheduled_date_gmt ASC, action_id ASC LIMIT 25 FOR UPDATE ) t2 ON t1.action_i CONTEXT: {"error":{"type":1,"file":"/var/www/html/wp-content/plugins/woocommerce/packages/action-scheduler/classes/data-stores/ActionScheduler_DBStore.php","line":1019},"remote-logging":true,"backtrace":[{"file":"/var/www/html/wp-content/plugins/woocommerce/includes/class-woocommerce.php","line":482,"function":"critical","class":"WC_Logger","type":"->"},{"function":"log_errors","class":"WooCommerce","type":"->"}]}
2026-03-31T20:47:44+00:00 CRITICAL Uncaught RuntimeException: Unable to claim actions. Database error: <div style="clear:both">&nbsp;</div>
<div class="queries" style="clear:both;margin-bottom:2px;border:red dotted thin;">
<p>MySQL query:</p>
<p>UPDATE wp_actionscheduler_actions t1 JOIN ( SELECT action_id from wp_actionscheduler_actions WHERE claim_id = 0 AND scheduled_date_gmt <= '2026-03-31 20:47:44' AND status='pending' ORDER BY priority ASC, attempts ASC, scheduled_date_gmt ASC, action_id ASC LIMIT 25 FOR UPDATE ) t2 ON t1.action_id = t2.action_id SET claim_id=908, last_attempt_gmt='2026-03-31 20:47:44', last_attempt_local='2026-03-31 20:47:44'</p>
<p>Queries made or created this session were:</p>
<ol>
<li>Executing: BEGIN | (no parameters)</li>
<li>Executing: UPDATE wp_actionscheduler_actions t1 JOIN ( SELECT action_id from wp_actionscheduler_actions WHERE claim_id = 0 AND scheduled_date_gmt &lt;= :param0  AND status=:param1  ORDER BY priority ASC, attempts ASC, scheduled_date_gmt ASC, action_id ASC LIMIT 25 FOR UPDATE ) t2 ON t1.action_i CONTEXT: {"error":{"type":1,"file":"/var/www/html/wp-content/plugins/woocommerce/packages/action-scheduler/classes/data-stores/ActionScheduler_DBStore.php","line":1019},"remote-logging":true,"backtrace":[{"file":"/var/www/html/wp-content/plugins/woocommerce/includes/class-woocommerce.php","line":482,"function":"critical","class":"WC_Logger","type":"->"},{"function":"log_errors","class":"WooCommerce","type":"->"}]}
2026-03-31T20:48:13+00:00 CRITICAL Uncaught RuntimeException: Unable to claim actions. Database error: <div style="clear:both">&nbsp;</div>
<div class="queries" style="clear:both;margin-bottom:2px;border:red dotted thin;">
<p>MySQL query:</p>
<p>UPDATE wp_actionscheduler_actions t1 JOIN ( SELECT action_id from wp_actionscheduler_actions WHERE claim_id = 0 AND scheduled_date_gmt <= '2026-03-31 20:48:13' AND status='pending' ORDER BY priority ASC, attempts ASC, scheduled_date_gmt ASC, action_id ASC LIMIT 25 FOR UPDATE ) t2 ON t1.action_id = t2.action_id SET claim_id=909, last_attempt_gmt='2026-03-31 20:48:13', last_attempt_local='2026-03-31 20:48:13'</p>
<p>Queries made or created this session were:</p>
<ol>
<li>Executing: BEGIN | (no parameters)</li>
<li>Executing: UPDATE wp_actionscheduler_actions t1 JOIN ( SELECT action_id from wp_actionscheduler_actions WHERE claim_id = 0 AND scheduled_date_gmt &lt;= :param0  AND status=:param1  ORDER BY priority ASC, attempts ASC, scheduled_date_gmt ASC, action_id ASC LIMIT 25 FOR UPDATE ) t2 ON t1.action_i CONTEXT: {"error":{"type":1,"file":"/var/www/html/wp-content/plugins/woocommerce/packages/action-scheduler/classes/data-stores/ActionScheduler_DBStore.php","line":1019},"remote-logging":true,"backtrace":[{"file":"/var/www/html/wp-content/plugins/woocommerce/includes/class-woocommerce.php","line":482,"function":"critical","class":"WC_Logger","type":"->"},{"function":"log_errors","class":"WooCommerce","type":"->"}]}
2026-03-31T20:50:15+00:00 CRITICAL Uncaught RuntimeException: Unable to claim actions. Database error: <div style="clear:both">&nbsp;</div>
<div class="queries" style="clear:both;margin-bottom:2px;border:red dotted thin;">
<p>MySQL query:</p>
<p>UPDATE wp_actionscheduler_actions t1 JOIN ( SELECT action_id from wp_actionscheduler_actions WHERE claim_id = 0 AND scheduled_date_gmt <= '2026-03-31 20:50:15' AND status='pending' ORDER BY priority ASC, attempts ASC, scheduled_date_gmt ASC, action_id ASC LIMIT 25 FOR UPDATE ) t2 ON t1.action_id = t2.action_id SET claim_id=910, last_attempt_gmt='2026-03-31 20:50:15', last_attempt_local='2026-03-31 20:50:15'</p>
<p>Queries made or created this session were:</p>
<ol>
<li>Executing: BEGIN | (no parameters)</li>
<li>Executing: UPDATE wp_actionscheduler_actions t1 JOIN ( SELECT action_id from wp_actionscheduler_actions WHERE claim_id = 0 AND scheduled_date_gmt &lt;= :param0  AND status=:param1  ORDER BY priority ASC, attempts ASC, scheduled_date_gmt ASC, action_id ASC LIMIT 25 FOR UPDATE ) t2 ON t1.action_i CONTEXT: {"error":{"type":1,"file":"/var/www/html/wp-content/plugins/woocommerce/packages/action-scheduler/classes/data-stores/ActionScheduler_DBStore.php","line":1019},"remote-logging":true,"backtrace":[{"file":"/var/www/html/wp-content/plugins/woocommerce/includes/class-woocommerce.php","line":482,"function":"critical","class":"WC_Logger","type":"->"},{"function":"log_errors","class":"WooCommerce","type":"->"}]}
2026-03-31T20:50:17+00:00 CRITICAL Uncaught RuntimeException: Unable to claim actions. Database error: <div style="clear:both">&nbsp;</div>
<div class="queries" style="clear:both;margin-bottom:2px;border:red dotted thin;">
<p>MySQL query:</p>
<p>UPDATE wp_actionscheduler_actions t1 JOIN ( SELECT action_id from wp_actionscheduler_actions WHERE claim_id = 0 AND scheduled_date_gmt <= '2026-03-31 20:50:17' AND status='pending' ORDER BY priority ASC, attempts ASC, scheduled_date_gmt ASC, action_id ASC LIMIT 25 FOR UPDATE ) t2 ON t1.action_id = t2.action_id SET claim_id=911, last_attempt_gmt='2026-03-31 20:50:17', last_attempt_local='2026-03-31 20:50:17'</p>
<p>Queries made or created this session were:</p>
<ol>
<li>Executing: BEGIN | (no parameters)</li>
<li>Executing: UPDATE wp_actionscheduler_actions t1 JOIN ( SELECT action_id from wp_actionscheduler_actions WHERE claim_id = 0 AND scheduled_date_gmt &lt;= :param0  AND status=:param1  ORDER BY priority ASC, attempts ASC, scheduled_date_gmt ASC, action_id ASC LIMIT 25 FOR UPDATE ) t2 ON t1.action_i CONTEXT: {"error":{"type":1,"file":"/var/www/html/wp-content/plugins/woocommerce/packages/action-scheduler/classes/data-stores/ActionScheduler_DBStore.php","line":1019},"remote-logging":true,"backtrace":[{"file":"/var/www/html/wp-content/plugins/woocommerce/includes/class-woocommerce.php","line":482,"function":"critical","class":"WC_Logger","type":"->"},{"function":"log_errors","class":"WooCommerce","type":"->"}]}
2026-03-31T20:52:15+00:00 CRITICAL Uncaught RuntimeException: Unable to claim actions. Database error: <div style="clear:both">&nbsp;</div>
<div class="queries" style="clear:both;margin-bottom:2px;border:red dotted thin;">
<p>MySQL query:</p>
<p>UPDATE wp_actionscheduler_actions t1 JOIN ( SELECT action_id from wp_actionscheduler_actions WHERE claim_id = 0 AND scheduled_date_gmt <= '2026-03-31 20:52:15' AND status='pending' ORDER BY priority ASC, attempts ASC, scheduled_date_gmt ASC, action_id ASC LIMIT 25 FOR UPDATE ) t2 ON t1.action_id = t2.action_id SET claim_id=912, last_attempt_gmt='2026-03-31 20:52:15', last_attempt_local='2026-03-31 20:52:15'</p>
<p>Queries made or created this session were:</p>
<ol>
<li>Executing: BEGIN | (no parameters)</li>
<li>Executing: UPDATE wp_actionscheduler_actions t1 JOIN ( SELECT action_id from wp_actionscheduler_actions WHERE claim_id = 0 AND scheduled_date_gmt &lt;= :param0  AND status=:param1  ORDER BY priority ASC, attempts ASC, scheduled_date_gmt ASC, action_id ASC LIMIT 25 FOR UPDATE ) t2 ON t1.action_i CONTEXT: {"error":{"type":1,"file":"/var/www/html/wp-content/plugins/woocommerce/packages/action-scheduler/classes/data-stores/ActionScheduler_DBStore.php","line":1019},"remote-logging":true,"backtrace":[{"file":"/var/www/html/wp-content/plugins/woocommerce/includes/class-woocommerce.php","line":482,"function":"critical","class":"WC_Logger","type":"->"},{"function":"log_errors","class":"WooCommerce","type":"->"}]}
2026-03-31T20:52:16+00:00 CRITICAL Uncaught RuntimeException: Unable to claim actions. Database error: <div style="clear:both">&nbsp;</div>
<div class="queries" style="clear:both;margin-bottom:2px;border:red dotted thin;">
<p>MySQL query:</p>
<p>UPDATE wp_actionscheduler_actions t1 JOIN ( SELECT action_id from wp_actionscheduler_actions WHERE claim_id = 0 AND scheduled_date_gmt <= '2026-03-31 20:52:16' AND status='pending' ORDER BY priority ASC, attempts ASC, scheduled_date_gmt ASC, action_id ASC LIMIT 25 FOR UPDATE ) t2 ON t1.action_id = t2.action_id SET claim_id=913, last_attempt_gmt='2026-03-31 20:52:16', last_attempt_local='2026-03-31 20:52:16'</p>
<p>Queries made or created this session were:</p>
<ol>
<li>Executing: BEGIN | (no parameters)</li>
<li>Executing: UPDATE wp_actionscheduler_actions t1 JOIN ( SELECT action_id from wp_actionscheduler_actions WHERE claim_id = 0 AND scheduled_date_gmt &lt;= :param0  AND status=:param1  ORDER BY priority ASC, attempts ASC, scheduled_date_gmt ASC, action_id ASC LIMIT 25 FOR UPDATE ) t2 ON t1.action_i CONTEXT: {"error":{"type":1,"file":"/var/www/html/wp-content/plugins/woocommerce/packages/action-scheduler/classes/data-stores/ActionScheduler_DBStore.php","line":1019},"remote-logging":true,"backtrace":[{"file":"/var/www/html/wp-content/plugins/woocommerce/includes/class-woocommerce.php","line":482,"function":"critical","class":"WC_Logger","type":"->"},{"function":"log_errors","class":"WooCommerce","type":"->"}]}
2026-03-31T20:54:13+00:00 CRITICAL Uncaught RuntimeException: Unable to claim actions. Database error: <div style="clear:both">&nbsp;</div>
<div class="queries" style="clear:both;margin-bottom:2px;border:red dotted thin;">
<p>MySQL query:</p>
<p>UPDATE wp_actionscheduler_actions t1 JOIN ( SELECT action_id from wp_actionscheduler_actions WHERE claim_id = 0 AND scheduled_date_gmt <= '2026-03-31 20:54:13' AND status='pending' ORDER BY priority ASC, attempts ASC, scheduled_date_gmt ASC, action_id ASC LIMIT 25 FOR UPDATE ) t2 ON t1.action_id = t2.action_id SET claim_id=914, last_attempt_gmt='2026-03-31 20:54:13', last_attempt_local='2026-03-31 20:54:13'</p>
<p>Queries made or created this session were:</p>
<ol>
<li>Executing: BEGIN | (no parameters)</li>
<li>Executing: UPDATE wp_actionscheduler_actions t1 JOIN ( SELECT action_id from wp_actionscheduler_actions WHERE claim_id = 0 AND scheduled_date_gmt &lt;= :param0  AND status=:param1  ORDER BY priority ASC, attempts ASC, scheduled_date_gmt ASC, action_id ASC LIMIT 25 FOR UPDATE ) t2 ON t1.action_i CONTEXT: {"error":{"type":1,"file":"/var/www/html/wp-content/plugins/woocommerce/packages/action-scheduler/classes/data-stores/ActionScheduler_DBStore.php","line":1019},"remote-logging":true,"backtrace":[{"file":"/var/www/html/wp-content/plugins/woocommerce/includes/class-woocommerce.php","line":482,"function":"critical","class":"WC_Logger","type":"->"},{"function":"log_errors","class":"WooCommerce","type":"->"}]}
2026-03-31T20:54:14+00:00 CRITICAL Uncaught RuntimeException: Unable to claim actions. Database error: <div style="clear:both">&nbsp;</div>
<div class="queries" style="clear:both;margin-bottom:2px;border:red dotted thin;">
<p>MySQL query:</p>
<p>UPDATE wp_actionscheduler_actions t1 JOIN ( SELECT action_id from wp_actionscheduler_actions WHERE claim_id = 0 AND scheduled_date_gmt <= '2026-03-31 20:54:14' AND status='pending' ORDER BY priority ASC, attempts ASC, scheduled_date_gmt ASC, action_id ASC LIMIT 25 FOR UPDATE ) t2 ON t1.action_id = t2.action_id SET claim_id=915, last_attempt_gmt='2026-03-31 20:54:14', last_attempt_local='2026-03-31 20:54:14'</p>
<p>Queries made or created this session were:</p>
<ol>
<li>Executing: BEGIN | (no parameters)</li>
<li>Executing: UPDATE wp_actionscheduler_actions t1 JOIN ( SELECT action_id from wp_actionscheduler_actions WHERE claim_id = 0 AND scheduled_date_gmt &lt;= :param0  AND status=:param1  ORDER BY priority ASC, attempts ASC, scheduled_date_gmt ASC, action_id ASC LIMIT 25 FOR UPDATE ) t2 ON t1.action_i CONTEXT: {"error":{"type":1,"file":"/var/www/html/wp-content/plugins/woocommerce/packages/action-scheduler/classes/data-stores/ActionScheduler_DBStore.php","line":1019},"remote-logging":true,"backtrace":[{"file":"/var/www/html/wp-content/plugins/woocommerce/includes/class-woocommerce.php","line":482,"function":"critical","class":"WC_Logger","type":"->"},{"function":"log_errors","class":"WooCommerce","type":"->"}]}
