2026-02-19T16:49:31+00:00 CRITICAL Uncaught RuntimeException: Unable to claim actions. Database error: <div style="clear:both">&nbsp;</div>
<div class="queries" style="clear:both;margin-bottom:2px;border:red dotted thin;">
<p>MySQL query:</p>
<p>UPDATE wp_actionscheduler_actions t1 JOIN ( SELECT action_id from wp_actionscheduler_actions WHERE claim_id = 0 AND scheduled_date_gmt <= '2026-02-19 16:49:31' AND status='pending' ORDER BY priority ASC, attempts ASC, scheduled_date_gmt ASC, action_id ASC LIMIT 25 FOR UPDATE ) t2 ON t1.action_id = t2.action_id SET claim_id=289, last_attempt_gmt='2026-02-19 16:49:31', last_attempt_local='2026-02-19 16:49:31'</p>
<p>Queries made or created this session were:</p>
<ol>
<li>Executing: BEGIN | (no parameters)</li>
<li>Executing: UPDATE wp_actionscheduler_actions t1 JOIN ( SELECT action_id from wp_actionscheduler_actions WHERE claim_id = 0 AND scheduled_date_gmt &lt;= :param0  AND status=:param1  ORDER BY priority ASC, attempts ASC, scheduled_date_gmt ASC, action_id ASC LIMIT 25 FOR UPDATE ) t2 ON t1.action_i CONTEXT: {"error":{"type":1,"file":"/var/www/html/wp-content/plugins/woocommerce/packages/action-scheduler/classes/data-stores/ActionScheduler_DBStore.php","line":1019},"remote-logging":true,"backtrace":[{"file":"/var/www/html/wp-content/plugins/woocommerce/includes/class-woocommerce.php","line":460,"function":"critical","class":"WC_Logger","type":"->"},{"function":"log_errors","class":"WooCommerce","type":"->"}]}
2026-02-19T16:49:35+00:00 CRITICAL Uncaught RuntimeException: Unable to claim actions. Database error: <div style="clear:both">&nbsp;</div>
<div class="queries" style="clear:both;margin-bottom:2px;border:red dotted thin;">
<p>MySQL query:</p>
<p>UPDATE wp_actionscheduler_actions t1 JOIN ( SELECT action_id from wp_actionscheduler_actions WHERE claim_id = 0 AND scheduled_date_gmt <= '2026-02-19 16:49:35' AND status='pending' ORDER BY priority ASC, attempts ASC, scheduled_date_gmt ASC, action_id ASC LIMIT 25 FOR UPDATE ) t2 ON t1.action_id = t2.action_id SET claim_id=290, last_attempt_gmt='2026-02-19 16:49:35', last_attempt_local='2026-02-19 16:49:35'</p>
<p>Queries made or created this session were:</p>
<ol>
<li>Executing: BEGIN | (no parameters)</li>
<li>Executing: UPDATE wp_actionscheduler_actions t1 JOIN ( SELECT action_id from wp_actionscheduler_actions WHERE claim_id = 0 AND scheduled_date_gmt &lt;= :param0  AND status=:param1  ORDER BY priority ASC, attempts ASC, scheduled_date_gmt ASC, action_id ASC LIMIT 25 FOR UPDATE ) t2 ON t1.action_i CONTEXT: {"error":{"type":1,"file":"/var/www/html/wp-content/plugins/woocommerce/packages/action-scheduler/classes/data-stores/ActionScheduler_DBStore.php","line":1019},"remote-logging":true,"backtrace":[{"file":"/var/www/html/wp-content/plugins/woocommerce/includes/class-woocommerce.php","line":460,"function":"critical","class":"WC_Logger","type":"->"},{"function":"log_errors","class":"WooCommerce","type":"->"}]}
2026-02-19T16:50:30+00:00 CRITICAL Uncaught RuntimeException: Unable to claim actions. Database error: <div style="clear:both">&nbsp;</div>
<div class="queries" style="clear:both;margin-bottom:2px;border:red dotted thin;">
<p>MySQL query:</p>
<p>UPDATE wp_actionscheduler_actions t1 JOIN ( SELECT action_id from wp_actionscheduler_actions WHERE claim_id = 0 AND scheduled_date_gmt <= '2026-02-19 16:50:30' AND status='pending' ORDER BY priority ASC, attempts ASC, scheduled_date_gmt ASC, action_id ASC LIMIT 25 FOR UPDATE ) t2 ON t1.action_id = t2.action_id SET claim_id=291, last_attempt_gmt='2026-02-19 16:50:30', last_attempt_local='2026-02-19 16:50:30'</p>
<p>Queries made or created this session were:</p>
<ol>
<li>Executing: BEGIN | (no parameters)</li>
<li>Executing: UPDATE wp_actionscheduler_actions t1 JOIN ( SELECT action_id from wp_actionscheduler_actions WHERE claim_id = 0 AND scheduled_date_gmt &lt;= :param0  AND status=:param1  ORDER BY priority ASC, attempts ASC, scheduled_date_gmt ASC, action_id ASC LIMIT 25 FOR UPDATE ) t2 ON t1.action_i CONTEXT: {"error":{"type":1,"file":"/var/www/html/wp-content/plugins/woocommerce/packages/action-scheduler/classes/data-stores/ActionScheduler_DBStore.php","line":1019},"remote-logging":true,"backtrace":[{"file":"/var/www/html/wp-content/plugins/woocommerce/includes/class-woocommerce.php","line":460,"function":"critical","class":"WC_Logger","type":"->"},{"function":"log_errors","class":"WooCommerce","type":"->"}]}
2026-02-19T16:50:31+00:00 CRITICAL Uncaught RuntimeException: Unable to claim actions. Database error: <div style="clear:both">&nbsp;</div>
<div class="queries" style="clear:both;margin-bottom:2px;border:red dotted thin;">
<p>MySQL query:</p>
<p>UPDATE wp_actionscheduler_actions t1 JOIN ( SELECT action_id from wp_actionscheduler_actions WHERE claim_id = 0 AND scheduled_date_gmt <= '2026-02-19 16:50:31' AND status='pending' ORDER BY priority ASC, attempts ASC, scheduled_date_gmt ASC, action_id ASC LIMIT 25 FOR UPDATE ) t2 ON t1.action_id = t2.action_id SET claim_id=292, last_attempt_gmt='2026-02-19 16:50:31', last_attempt_local='2026-02-19 16:50:31'</p>
<p>Queries made or created this session were:</p>
<ol>
<li>Executing: BEGIN | (no parameters)</li>
<li>Executing: UPDATE wp_actionscheduler_actions t1 JOIN ( SELECT action_id from wp_actionscheduler_actions WHERE claim_id = 0 AND scheduled_date_gmt &lt;= :param0  AND status=:param1  ORDER BY priority ASC, attempts ASC, scheduled_date_gmt ASC, action_id ASC LIMIT 25 FOR UPDATE ) t2 ON t1.action_i CONTEXT: {"error":{"type":1,"file":"/var/www/html/wp-content/plugins/woocommerce/packages/action-scheduler/classes/data-stores/ActionScheduler_DBStore.php","line":1019},"remote-logging":true,"backtrace":[{"file":"/var/www/html/wp-content/plugins/woocommerce/includes/class-woocommerce.php","line":460,"function":"critical","class":"WC_Logger","type":"->"},{"function":"log_errors","class":"WooCommerce","type":"->"}]}
2026-02-19T16:51:29+00:00 CRITICAL Out of memory (allocated 4194304) (tried to allocate 4194304 bytes) CONTEXT: {"error":{"type":1,"file":"/var/www/html/wp-content/plugins/woocommerce/vendor/jetpack-autoloader/class-php-autoloader.php","line":102},"remote-logging":true,"backtrace":[{"file":"/var/www/html/wp-content/plugins/woocommerce/includes/class-woocommerce.php","line":460,"function":"critical","class":"WC_Logger","type":"->"},{"function":"log_errors","class":"WooCommerce","type":"->"}]}
2026-02-19T16:53:37+00:00 CRITICAL Uncaught RuntimeException: Unable to claim actions. Database error: <div style="clear:both">&nbsp;</div>
<div class="queries" style="clear:both;margin-bottom:2px;border:red dotted thin;">
<p>MySQL query:</p>
<p>UPDATE wp_actionscheduler_actions t1 JOIN ( SELECT action_id from wp_actionscheduler_actions WHERE claim_id = 0 AND scheduled_date_gmt <= '2026-02-19 16:53:37' AND status='pending' ORDER BY priority ASC, attempts ASC, scheduled_date_gmt ASC, action_id ASC LIMIT 25 FOR UPDATE ) t2 ON t1.action_id = t2.action_id SET claim_id=293, last_attempt_gmt='2026-02-19 16:53:37', last_attempt_local='2026-02-19 16:53:37'</p>
<p>Queries made or created this session were:</p>
<ol>
<li>Executing: BEGIN | (no parameters)</li>
<li>Executing: UPDATE wp_actionscheduler_actions t1 JOIN ( SELECT action_id from wp_actionscheduler_actions WHERE claim_id = 0 AND scheduled_date_gmt &lt;= :param0  AND status=:param1  ORDER BY priority ASC, attempts ASC, scheduled_date_gmt ASC, action_id ASC LIMIT 25 FOR UPDATE ) t2 ON t1.action_i CONTEXT: {"error":{"type":1,"file":"/var/www/html/wp-content/plugins/woocommerce/packages/action-scheduler/classes/data-stores/ActionScheduler_DBStore.php","line":1019},"remote-logging":true,"backtrace":[{"file":"/var/www/html/wp-content/plugins/woocommerce/includes/class-woocommerce.php","line":460,"function":"critical","class":"WC_Logger","type":"->"},{"function":"log_errors","class":"WooCommerce","type":"->"}]}
2026-02-19T16:55:12+00:00 CRITICAL Uncaught RuntimeException: Unable to claim actions. Database error: <div style="clear:both">&nbsp;</div>
<div class="queries" style="clear:both;margin-bottom:2px;border:red dotted thin;">
<p>MySQL query:</p>
<p>UPDATE wp_actionscheduler_actions t1 JOIN ( SELECT action_id from wp_actionscheduler_actions WHERE claim_id = 0 AND scheduled_date_gmt <= '2026-02-19 16:55:12' AND status='pending' ORDER BY priority ASC, attempts ASC, scheduled_date_gmt ASC, action_id ASC LIMIT 25 FOR UPDATE ) t2 ON t1.action_id = t2.action_id SET claim_id=294, last_attempt_gmt='2026-02-19 16:55:12', last_attempt_local='2026-02-19 16:55:12'</p>
<p>Queries made or created this session were:</p>
<ol>
<li>Executing: BEGIN | (no parameters)</li>
<li>Executing: UPDATE wp_actionscheduler_actions t1 JOIN ( SELECT action_id from wp_actionscheduler_actions WHERE claim_id = 0 AND scheduled_date_gmt &lt;= :param0  AND status=:param1  ORDER BY priority ASC, attempts ASC, scheduled_date_gmt ASC, action_id ASC LIMIT 25 FOR UPDATE ) t2 ON t1.action_i CONTEXT: {"error":{"type":1,"file":"/var/www/html/wp-content/plugins/woocommerce/packages/action-scheduler/classes/data-stores/ActionScheduler_DBStore.php","line":1019},"remote-logging":true,"backtrace":[{"file":"/var/www/html/wp-content/plugins/woocommerce/includes/class-woocommerce.php","line":460,"function":"critical","class":"WC_Logger","type":"->"},{"function":"log_errors","class":"WooCommerce","type":"->"}]}
2026-02-19T16:55:13+00:00 CRITICAL Uncaught RuntimeException: Unable to claim actions. Database error: <div style="clear:both">&nbsp;</div>
<div class="queries" style="clear:both;margin-bottom:2px;border:red dotted thin;">
<p>MySQL query:</p>
<p>UPDATE wp_actionscheduler_actions t1 JOIN ( SELECT action_id from wp_actionscheduler_actions WHERE claim_id = 0 AND scheduled_date_gmt <= '2026-02-19 16:55:13' AND status='pending' ORDER BY priority ASC, attempts ASC, scheduled_date_gmt ASC, action_id ASC LIMIT 25 FOR UPDATE ) t2 ON t1.action_id = t2.action_id SET claim_id=295, last_attempt_gmt='2026-02-19 16:55:13', last_attempt_local='2026-02-19 16:55:13'</p>
<p>Queries made or created this session were:</p>
<ol>
<li>Executing: BEGIN | (no parameters)</li>
<li>Executing: UPDATE wp_actionscheduler_actions t1 JOIN ( SELECT action_id from wp_actionscheduler_actions WHERE claim_id = 0 AND scheduled_date_gmt &lt;= :param0  AND status=:param1  ORDER BY priority ASC, attempts ASC, scheduled_date_gmt ASC, action_id ASC LIMIT 25 FOR UPDATE ) t2 ON t1.action_i CONTEXT: {"error":{"type":1,"file":"/var/www/html/wp-content/plugins/woocommerce/packages/action-scheduler/classes/data-stores/ActionScheduler_DBStore.php","line":1019},"remote-logging":true,"backtrace":[{"file":"/var/www/html/wp-content/plugins/woocommerce/includes/class-woocommerce.php","line":460,"function":"critical","class":"WC_Logger","type":"->"},{"function":"log_errors","class":"WooCommerce","type":"->"}]}
2026-02-19T16:55:33+00:00 CRITICAL Out of memory (allocated 8388608) (tried to allocate 8388608 bytes) CONTEXT: {"error":{"type":1,"file":"/var/www/html/wp-admin/includes/update.php","line":509},"remote-logging":true,"backtrace":[{"file":"/var/www/html/wp-content/plugins/woocommerce/includes/class-woocommerce.php","line":460,"function":"critical","class":"WC_Logger","type":"->"},{"function":"log_errors","class":"WooCommerce","type":"->"}]}
2026-02-19T16:57:25+00:00 CRITICAL Uncaught RuntimeException: Unable to claim actions. Database error: <div style="clear:both">&nbsp;</div>
<div class="queries" style="clear:both;margin-bottom:2px;border:red dotted thin;">
<p>MySQL query:</p>
<p>UPDATE wp_actionscheduler_actions t1 JOIN ( SELECT action_id from wp_actionscheduler_actions WHERE claim_id = 0 AND scheduled_date_gmt <= '2026-02-19 16:57:25' AND status='pending' ORDER BY priority ASC, attempts ASC, scheduled_date_gmt ASC, action_id ASC LIMIT 25 FOR UPDATE ) t2 ON t1.action_id = t2.action_id SET claim_id=296, last_attempt_gmt='2026-02-19 16:57:25', last_attempt_local='2026-02-19 16:57:25'</p>
<p>Queries made or created this session were:</p>
<ol>
<li>Executing: BEGIN | (no parameters)</li>
<li>Executing: UPDATE wp_actionscheduler_actions t1 JOIN ( SELECT action_id from wp_actionscheduler_actions WHERE claim_id = 0 AND scheduled_date_gmt &lt;= :param0  AND status=:param1  ORDER BY priority ASC, attempts ASC, scheduled_date_gmt ASC, action_id ASC LIMIT 25 FOR UPDATE ) t2 ON t1.action_i CONTEXT: {"error":{"type":1,"file":"/var/www/html/wp-content/plugins/woocommerce/packages/action-scheduler/classes/data-stores/ActionScheduler_DBStore.php","line":1019},"remote-logging":true,"backtrace":[{"file":"/var/www/html/wp-content/plugins/woocommerce/includes/class-woocommerce.php","line":460,"function":"critical","class":"WC_Logger","type":"->"},{"function":"log_errors","class":"WooCommerce","type":"->"}]}
2026-02-19T16:58:33+00:00 CRITICAL Uncaught RuntimeException: Unable to claim actions. Database error: <div style="clear:both">&nbsp;</div>
<div class="queries" style="clear:both;margin-bottom:2px;border:red dotted thin;">
<p>MySQL query:</p>
<p>UPDATE wp_actionscheduler_actions t1 JOIN ( SELECT action_id from wp_actionscheduler_actions WHERE claim_id = 0 AND scheduled_date_gmt <= '2026-02-19 16:58:33' AND status='pending' ORDER BY priority ASC, attempts ASC, scheduled_date_gmt ASC, action_id ASC LIMIT 25 FOR UPDATE ) t2 ON t1.action_id = t2.action_id SET claim_id=297, last_attempt_gmt='2026-02-19 16:58:33', last_attempt_local='2026-02-19 16:58:33'</p>
<p>Queries made or created this session were:</p>
<ol>
<li>Executing: BEGIN | (no parameters)</li>
<li>Executing: UPDATE wp_actionscheduler_actions t1 JOIN ( SELECT action_id from wp_actionscheduler_actions WHERE claim_id = 0 AND scheduled_date_gmt &lt;= :param0  AND status=:param1  ORDER BY priority ASC, attempts ASC, scheduled_date_gmt ASC, action_id ASC LIMIT 25 FOR UPDATE ) t2 ON t1.action_i CONTEXT: {"error":{"type":1,"file":"/var/www/html/wp-content/plugins/woocommerce/packages/action-scheduler/classes/data-stores/ActionScheduler_DBStore.php","line":1019},"remote-logging":true,"backtrace":[{"file":"/var/www/html/wp-content/plugins/woocommerce/includes/class-woocommerce.php","line":460,"function":"critical","class":"WC_Logger","type":"->"},{"function":"log_errors","class":"WooCommerce","type":"->"}]}
2026-02-19T16:58:34+00:00 CRITICAL Uncaught RuntimeException: Unable to claim actions. Database error: <div style="clear:both">&nbsp;</div>
<div class="queries" style="clear:both;margin-bottom:2px;border:red dotted thin;">
<p>MySQL query:</p>
<p>UPDATE wp_actionscheduler_actions t1 JOIN ( SELECT action_id from wp_actionscheduler_actions WHERE claim_id = 0 AND scheduled_date_gmt <= '2026-02-19 16:58:34' AND status='pending' ORDER BY priority ASC, attempts ASC, scheduled_date_gmt ASC, action_id ASC LIMIT 25 FOR UPDATE ) t2 ON t1.action_id = t2.action_id SET claim_id=298, last_attempt_gmt='2026-02-19 16:58:34', last_attempt_local='2026-02-19 16:58:34'</p>
<p>Queries made or created this session were:</p>
<ol>
<li>Executing: BEGIN | (no parameters)</li>
<li>Executing: UPDATE wp_actionscheduler_actions t1 JOIN ( SELECT action_id from wp_actionscheduler_actions WHERE claim_id = 0 AND scheduled_date_gmt &lt;= :param0  AND status=:param1  ORDER BY priority ASC, attempts ASC, scheduled_date_gmt ASC, action_id ASC LIMIT 25 FOR UPDATE ) t2 ON t1.action_i CONTEXT: {"error":{"type":1,"file":"/var/www/html/wp-content/plugins/woocommerce/packages/action-scheduler/classes/data-stores/ActionScheduler_DBStore.php","line":1019},"remote-logging":true,"backtrace":[{"file":"/var/www/html/wp-content/plugins/woocommerce/includes/class-woocommerce.php","line":460,"function":"critical","class":"WC_Logger","type":"->"},{"function":"log_errors","class":"WooCommerce","type":"->"}]}
2026-02-19T16:59:35+00:00 CRITICAL Uncaught RuntimeException: Unable to claim actions. Database error: <div style="clear:both">&nbsp;</div>
<div class="queries" style="clear:both;margin-bottom:2px;border:red dotted thin;">
<p>MySQL query:</p>
<p>UPDATE wp_actionscheduler_actions t1 JOIN ( SELECT action_id from wp_actionscheduler_actions WHERE claim_id = 0 AND scheduled_date_gmt <= '2026-02-19 16:59:35' AND status='pending' ORDER BY priority ASC, attempts ASC, scheduled_date_gmt ASC, action_id ASC LIMIT 25 FOR UPDATE ) t2 ON t1.action_id = t2.action_id SET claim_id=299, last_attempt_gmt='2026-02-19 16:59:35', last_attempt_local='2026-02-19 16:59:35'</p>
<p>Queries made or created this session were:</p>
<ol>
<li>Executing: BEGIN | (no parameters)</li>
<li>Executing: UPDATE wp_actionscheduler_actions t1 JOIN ( SELECT action_id from wp_actionscheduler_actions WHERE claim_id = 0 AND scheduled_date_gmt &lt;= :param0  AND status=:param1  ORDER BY priority ASC, attempts ASC, scheduled_date_gmt ASC, action_id ASC LIMIT 25 FOR UPDATE ) t2 ON t1.action_i CONTEXT: {"error":{"type":1,"file":"/var/www/html/wp-content/plugins/woocommerce/packages/action-scheduler/classes/data-stores/ActionScheduler_DBStore.php","line":1019},"remote-logging":true,"backtrace":[{"file":"/var/www/html/wp-content/plugins/woocommerce/includes/class-woocommerce.php","line":460,"function":"critical","class":"WC_Logger","type":"->"},{"function":"log_errors","class":"WooCommerce","type":"->"}]}
2026-02-19T16:59:59+00:00 CRITICAL Uncaught RuntimeException: Unable to claim actions. Database error: <div style="clear:both">&nbsp;</div>
<div class="queries" style="clear:both;margin-bottom:2px;border:red dotted thin;">
<p>MySQL query:</p>
<p>UPDATE wp_actionscheduler_actions t1 JOIN ( SELECT action_id from wp_actionscheduler_actions WHERE claim_id = 0 AND scheduled_date_gmt <= '2026-02-19 16:59:59' AND status='pending' ORDER BY priority ASC, attempts ASC, scheduled_date_gmt ASC, action_id ASC LIMIT 25 FOR UPDATE ) t2 ON t1.action_id = t2.action_id SET claim_id=300, last_attempt_gmt='2026-02-19 16:59:59', last_attempt_local='2026-02-19 16:59:59'</p>
<p>Queries made or created this session were:</p>
<ol>
<li>Executing: BEGIN | (no parameters)</li>
<li>Executing: UPDATE wp_actionscheduler_actions t1 JOIN ( SELECT action_id from wp_actionscheduler_actions WHERE claim_id = 0 AND scheduled_date_gmt &lt;= :param0  AND status=:param1  ORDER BY priority ASC, attempts ASC, scheduled_date_gmt ASC, action_id ASC LIMIT 25 FOR UPDATE ) t2 ON t1.action_i CONTEXT: {"error":{"type":1,"file":"/var/www/html/wp-content/plugins/woocommerce/packages/action-scheduler/classes/data-stores/ActionScheduler_DBStore.php","line":1019},"remote-logging":true,"backtrace":[{"file":"/var/www/html/wp-content/plugins/woocommerce/includes/class-woocommerce.php","line":460,"function":"critical","class":"WC_Logger","type":"->"},{"function":"log_errors","class":"WooCommerce","type":"->"}]}
2026-02-19T17:00:36+00:00 CRITICAL Uncaught RuntimeException: Unable to claim actions. Database error: <div style="clear:both">&nbsp;</div>
<div class="queries" style="clear:both;margin-bottom:2px;border:red dotted thin;">
<p>MySQL query:</p>
<p>UPDATE wp_actionscheduler_actions t1 JOIN ( SELECT action_id from wp_actionscheduler_actions WHERE claim_id = 0 AND scheduled_date_gmt <= '2026-02-19 17:00:36' AND status='pending' ORDER BY priority ASC, attempts ASC, scheduled_date_gmt ASC, action_id ASC LIMIT 25 FOR UPDATE ) t2 ON t1.action_id = t2.action_id SET claim_id=301, last_attempt_gmt='2026-02-19 17:00:36', last_attempt_local='2026-02-19 17:00:36'</p>
<p>Queries made or created this session were:</p>
<ol>
<li>Executing: BEGIN | (no parameters)</li>
<li>Executing: UPDATE wp_actionscheduler_actions t1 JOIN ( SELECT action_id from wp_actionscheduler_actions WHERE claim_id = 0 AND scheduled_date_gmt &lt;= :param0  AND status=:param1  ORDER BY priority ASC, attempts ASC, scheduled_date_gmt ASC, action_id ASC LIMIT 25 FOR UPDATE ) t2 ON t1.action_i CONTEXT: {"error":{"type":1,"file":"/var/www/html/wp-content/plugins/woocommerce/packages/action-scheduler/classes/data-stores/ActionScheduler_DBStore.php","line":1019},"remote-logging":true,"backtrace":[{"file":"/var/www/html/wp-content/plugins/woocommerce/includes/class-woocommerce.php","line":460,"function":"critical","class":"WC_Logger","type":"->"},{"function":"log_errors","class":"WooCommerce","type":"->"}]}
2026-02-19T17:01:44+00:00 CRITICAL Uncaught RuntimeException: Unable to claim actions. Database error: <div style="clear:both">&nbsp;</div>
<div class="queries" style="clear:both;margin-bottom:2px;border:red dotted thin;">
<p>MySQL query:</p>
<p>UPDATE wp_actionscheduler_actions t1 JOIN ( SELECT action_id from wp_actionscheduler_actions WHERE claim_id = 0 AND scheduled_date_gmt <= '2026-02-19 17:01:44' AND status='pending' ORDER BY priority ASC, attempts ASC, scheduled_date_gmt ASC, action_id ASC LIMIT 25 FOR UPDATE ) t2 ON t1.action_id = t2.action_id SET claim_id=302, last_attempt_gmt='2026-02-19 17:01:44', last_attempt_local='2026-02-19 17:01:44'</p>
<p>Queries made or created this session were:</p>
<ol>
<li>Executing: BEGIN | (no parameters)</li>
<li>Executing: UPDATE wp_actionscheduler_actions t1 JOIN ( SELECT action_id from wp_actionscheduler_actions WHERE claim_id = 0 AND scheduled_date_gmt &lt;= :param0  AND status=:param1  ORDER BY priority ASC, attempts ASC, scheduled_date_gmt ASC, action_id ASC LIMIT 25 FOR UPDATE ) t2 ON t1.action_i CONTEXT: {"error":{"type":1,"file":"/var/www/html/wp-content/plugins/woocommerce/packages/action-scheduler/classes/data-stores/ActionScheduler_DBStore.php","line":1019},"remote-logging":true,"backtrace":[{"file":"/var/www/html/wp-content/plugins/woocommerce/includes/class-woocommerce.php","line":460,"function":"critical","class":"WC_Logger","type":"->"},{"function":"log_errors","class":"WooCommerce","type":"->"}]}
2026-02-19T17:01:55+00:00 CRITICAL Uncaught RuntimeException: Unable to claim actions. Database error: <div style="clear:both">&nbsp;</div>
<div class="queries" style="clear:both;margin-bottom:2px;border:red dotted thin;">
<p>MySQL query:</p>
<p>UPDATE wp_actionscheduler_actions t1 JOIN ( SELECT action_id from wp_actionscheduler_actions WHERE claim_id = 0 AND scheduled_date_gmt <= '2026-02-19 17:01:55' AND status='pending' ORDER BY priority ASC, attempts ASC, scheduled_date_gmt ASC, action_id ASC LIMIT 25 FOR UPDATE ) t2 ON t1.action_id = t2.action_id SET claim_id=303, last_attempt_gmt='2026-02-19 17:01:55', last_attempt_local='2026-02-19 17:01:55'</p>
<p>Queries made or created this session were:</p>
<ol>
<li>Executing: BEGIN | (no parameters)</li>
<li>Executing: UPDATE wp_actionscheduler_actions t1 JOIN ( SELECT action_id from wp_actionscheduler_actions WHERE claim_id = 0 AND scheduled_date_gmt &lt;= :param0  AND status=:param1  ORDER BY priority ASC, attempts ASC, scheduled_date_gmt ASC, action_id ASC LIMIT 25 FOR UPDATE ) t2 ON t1.action_i CONTEXT: {"error":{"type":1,"file":"/var/www/html/wp-content/plugins/woocommerce/packages/action-scheduler/classes/data-stores/ActionScheduler_DBStore.php","line":1019},"remote-logging":true,"backtrace":[{"file":"/var/www/html/wp-content/plugins/woocommerce/includes/class-woocommerce.php","line":460,"function":"critical","class":"WC_Logger","type":"->"},{"function":"log_errors","class":"WooCommerce","type":"->"}]}
2026-02-19T17:02:08+00:00 CRITICAL Out of memory (allocated 6291456) (tried to allocate 8388608 bytes) CONTEXT: {"error":{"type":1,"file":"/var/www/html/wp-content/plugins/elementor-pro/plugin.php","line":172},"remote-logging":true,"backtrace":[{"file":"/var/www/html/wp-content/plugins/woocommerce/includes/class-woocommerce.php","line":460,"function":"critical","class":"WC_Logger","type":"->"},{"function":"log_errors","class":"WooCommerce","type":"->"}]}
2026-02-19T17:02:26+00:00 CRITICAL Out of memory (allocated 4194304) (tried to allocate 4194304 bytes) CONTEXT: {"error":{"type":1,"file":"/var/www/html/wp-content/plugins/woocommerce/src/Internal/Admin/Settings/PaymentsProviders/WooPayments/WooPaymentsService.php","line":602},"remote-logging":true,"backtrace":[{"file":"/var/www/html/wp-content/plugins/woocommerce/includes/class-woocommerce.php","line":460,"function":"critical","class":"WC_Logger","type":"->"},{"function":"log_errors","class":"WooCommerce","type":"->"}]}
2026-02-19T17:03:03+00:00 CRITICAL Uncaught RuntimeException: Unable to claim actions. Database error: <div style="clear:both">&nbsp;</div>
<div class="queries" style="clear:both;margin-bottom:2px;border:red dotted thin;">
<p>MySQL query:</p>
<p>UPDATE wp_actionscheduler_actions t1 JOIN ( SELECT action_id from wp_actionscheduler_actions WHERE claim_id = 0 AND scheduled_date_gmt <= '2026-02-19 17:03:03' AND status='pending' ORDER BY priority ASC, attempts ASC, scheduled_date_gmt ASC, action_id ASC LIMIT 25 FOR UPDATE ) t2 ON t1.action_id = t2.action_id SET claim_id=304, last_attempt_gmt='2026-02-19 17:03:03', last_attempt_local='2026-02-19 17:03:03'</p>
<p>Queries made or created this session were:</p>
<ol>
<li>Executing: BEGIN | (no parameters)</li>
<li>Executing: UPDATE wp_actionscheduler_actions t1 JOIN ( SELECT action_id from wp_actionscheduler_actions WHERE claim_id = 0 AND scheduled_date_gmt &lt;= :param0  AND status=:param1  ORDER BY priority ASC, attempts ASC, scheduled_date_gmt ASC, action_id ASC LIMIT 25 FOR UPDATE ) t2 ON t1.action_i CONTEXT: {"error":{"type":1,"file":"/var/www/html/wp-content/plugins/woocommerce/packages/action-scheduler/classes/data-stores/ActionScheduler_DBStore.php","line":1019},"remote-logging":true,"backtrace":[{"file":"/var/www/html/wp-content/plugins/woocommerce/includes/class-woocommerce.php","line":460,"function":"critical","class":"WC_Logger","type":"->"},{"function":"log_errors","class":"WooCommerce","type":"->"}]}
2026-02-19T17:04:14+00:00 CRITICAL Uncaught RuntimeException: Unable to claim actions. Database error: <div style="clear:both">&nbsp;</div>
<div class="queries" style="clear:both;margin-bottom:2px;border:red dotted thin;">
<p>MySQL query:</p>
<p>UPDATE wp_actionscheduler_actions t1 JOIN ( SELECT action_id from wp_actionscheduler_actions WHERE claim_id = 0 AND scheduled_date_gmt <= '2026-02-19 17:04:14' AND status='pending' ORDER BY priority ASC, attempts ASC, scheduled_date_gmt ASC, action_id ASC LIMIT 25 FOR UPDATE ) t2 ON t1.action_id = t2.action_id SET claim_id=305, last_attempt_gmt='2026-02-19 17:04:14', last_attempt_local='2026-02-19 17:04:14'</p>
<p>Queries made or created this session were:</p>
<ol>
<li>Executing: BEGIN | (no parameters)</li>
<li>Executing: UPDATE wp_actionscheduler_actions t1 JOIN ( SELECT action_id from wp_actionscheduler_actions WHERE claim_id = 0 AND scheduled_date_gmt &lt;= :param0  AND status=:param1  ORDER BY priority ASC, attempts ASC, scheduled_date_gmt ASC, action_id ASC LIMIT 25 FOR UPDATE ) t2 ON t1.action_i CONTEXT: {"error":{"type":1,"file":"/var/www/html/wp-content/plugins/woocommerce/packages/action-scheduler/classes/data-stores/ActionScheduler_DBStore.php","line":1019},"remote-logging":true,"backtrace":[{"file":"/var/www/html/wp-content/plugins/woocommerce/includes/class-woocommerce.php","line":460,"function":"critical","class":"WC_Logger","type":"->"},{"function":"log_errors","class":"WooCommerce","type":"->"}]}
2026-02-19T17:04:14+00:00 CRITICAL Uncaught RuntimeException: Unable to claim actions. Database error: <div style="clear:both">&nbsp;</div>
<div class="queries" style="clear:both;margin-bottom:2px;border:red dotted thin;">
<p>MySQL query:</p>
<p>UPDATE wp_actionscheduler_actions t1 JOIN ( SELECT action_id from wp_actionscheduler_actions WHERE claim_id = 0 AND scheduled_date_gmt <= '2026-02-19 17:04:14' AND status='pending' ORDER BY priority ASC, attempts ASC, scheduled_date_gmt ASC, action_id ASC LIMIT 25 FOR UPDATE ) t2 ON t1.action_id = t2.action_id SET claim_id=306, last_attempt_gmt='2026-02-19 17:04:14', last_attempt_local='2026-02-19 17:04:14'</p>
<p>Queries made or created this session were:</p>
<ol>
<li>Executing: BEGIN | (no parameters)</li>
<li>Executing: UPDATE wp_actionscheduler_actions t1 JOIN ( SELECT action_id from wp_actionscheduler_actions WHERE claim_id = 0 AND scheduled_date_gmt &lt;= :param0  AND status=:param1  ORDER BY priority ASC, attempts ASC, scheduled_date_gmt ASC, action_id ASC LIMIT 25 FOR UPDATE ) t2 ON t1.action_i CONTEXT: {"error":{"type":1,"file":"/var/www/html/wp-content/plugins/woocommerce/packages/action-scheduler/classes/data-stores/ActionScheduler_DBStore.php","line":1019},"remote-logging":true,"backtrace":[{"file":"/var/www/html/wp-content/plugins/woocommerce/includes/class-woocommerce.php","line":460,"function":"critical","class":"WC_Logger","type":"->"},{"function":"log_errors","class":"WooCommerce","type":"->"}]}
2026-02-19T17:05:18+00:00 CRITICAL Uncaught RuntimeException: Unable to claim actions. Database error: <div style="clear:both">&nbsp;</div>
<div class="queries" style="clear:both;margin-bottom:2px;border:red dotted thin;">
<p>MySQL query:</p>
<p>UPDATE wp_actionscheduler_actions t1 JOIN ( SELECT action_id from wp_actionscheduler_actions WHERE claim_id = 0 AND scheduled_date_gmt <= '2026-02-19 17:05:18' AND status='pending' ORDER BY priority ASC, attempts ASC, scheduled_date_gmt ASC, action_id ASC LIMIT 25 FOR UPDATE ) t2 ON t1.action_id = t2.action_id SET claim_id=307, last_attempt_gmt='2026-02-19 17:05:18', last_attempt_local='2026-02-19 17:05:18'</p>
<p>Queries made or created this session were:</p>
<ol>
<li>Executing: BEGIN | (no parameters)</li>
<li>Executing: UPDATE wp_actionscheduler_actions t1 JOIN ( SELECT action_id from wp_actionscheduler_actions WHERE claim_id = 0 AND scheduled_date_gmt &lt;= :param0  AND status=:param1  ORDER BY priority ASC, attempts ASC, scheduled_date_gmt ASC, action_id ASC LIMIT 25 FOR UPDATE ) t2 ON t1.action_i CONTEXT: {"error":{"type":1,"file":"/var/www/html/wp-content/plugins/woocommerce/packages/action-scheduler/classes/data-stores/ActionScheduler_DBStore.php","line":1019},"remote-logging":true,"backtrace":[{"file":"/var/www/html/wp-content/plugins/woocommerce/includes/class-woocommerce.php","line":460,"function":"critical","class":"WC_Logger","type":"->"},{"function":"log_errors","class":"WooCommerce","type":"->"}]}
2026-02-19T17:06:05+00:00 CRITICAL Uncaught RuntimeException: Unable to claim actions. Database error: <div style="clear:both">&nbsp;</div>
<div class="queries" style="clear:both;margin-bottom:2px;border:red dotted thin;">
<p>MySQL query:</p>
<p>UPDATE wp_actionscheduler_actions t1 JOIN ( SELECT action_id from wp_actionscheduler_actions WHERE claim_id = 0 AND scheduled_date_gmt <= '2026-02-19 17:06:05' AND status='pending' ORDER BY priority ASC, attempts ASC, scheduled_date_gmt ASC, action_id ASC LIMIT 25 FOR UPDATE ) t2 ON t1.action_id = t2.action_id SET claim_id=308, last_attempt_gmt='2026-02-19 17:06:05', last_attempt_local='2026-02-19 17:06:05'</p>
<p>Queries made or created this session were:</p>
<ol>
<li>Executing: BEGIN | (no parameters)</li>
<li>Executing: UPDATE wp_actionscheduler_actions t1 JOIN ( SELECT action_id from wp_actionscheduler_actions WHERE claim_id = 0 AND scheduled_date_gmt &lt;= :param0  AND status=:param1  ORDER BY priority ASC, attempts ASC, scheduled_date_gmt ASC, action_id ASC LIMIT 25 FOR UPDATE ) t2 ON t1.action_i CONTEXT: {"error":{"type":1,"file":"/var/www/html/wp-content/plugins/woocommerce/packages/action-scheduler/classes/data-stores/ActionScheduler_DBStore.php","line":1019},"remote-logging":true,"backtrace":[{"file":"/var/www/html/wp-content/plugins/woocommerce/includes/class-woocommerce.php","line":460,"function":"critical","class":"WC_Logger","type":"->"},{"function":"log_errors","class":"WooCommerce","type":"->"}]}
2026-02-19T17:06:22+00:00 CRITICAL Uncaught RuntimeException: Unable to claim actions. Database error: <div style="clear:both">&nbsp;</div>
<div class="queries" style="clear:both;margin-bottom:2px;border:red dotted thin;">
<p>MySQL query:</p>
<p>UPDATE wp_actionscheduler_actions t1 JOIN ( SELECT action_id from wp_actionscheduler_actions WHERE claim_id = 0 AND scheduled_date_gmt <= '2026-02-19 17:06:22' AND status='pending' ORDER BY priority ASC, attempts ASC, scheduled_date_gmt ASC, action_id ASC LIMIT 25 FOR UPDATE ) t2 ON t1.action_id = t2.action_id SET claim_id=309, last_attempt_gmt='2026-02-19 17:06:22', last_attempt_local='2026-02-19 17:06:22'</p>
<p>Queries made or created this session were:</p>
<ol>
<li>Executing: BEGIN | (no parameters)</li>
<li>Executing: UPDATE wp_actionscheduler_actions t1 JOIN ( SELECT action_id from wp_actionscheduler_actions WHERE claim_id = 0 AND scheduled_date_gmt &lt;= :param0  AND status=:param1  ORDER BY priority ASC, attempts ASC, scheduled_date_gmt ASC, action_id ASC LIMIT 25 FOR UPDATE ) t2 ON t1.action_i CONTEXT: {"error":{"type":1,"file":"/var/www/html/wp-content/plugins/woocommerce/packages/action-scheduler/classes/data-stores/ActionScheduler_DBStore.php","line":1019},"remote-logging":true,"backtrace":[{"file":"/var/www/html/wp-content/plugins/woocommerce/includes/class-woocommerce.php","line":460,"function":"critical","class":"WC_Logger","type":"->"},{"function":"log_errors","class":"WooCommerce","type":"->"}]}
2026-02-19T17:06:41+00:00 CRITICAL Uncaught Error: Class 'WpOrg\Requests\Exception' not found in /var/www/html/wp-includes/Requests/src/Transport/Fsockopen.php:487 CONTEXT: {"error":{"type":1,"file":"/var/www/html/wp-includes/Requests/src/Transport/Fsockopen.php","line":487},"remote-logging":true,"backtrace":["","#0 /var/www/html/wp-includes/Requests/src/Transport/Fsockopen.php(177): WpOrg\Requests\Transport\Fsockopen->verify_certificate_from_context('assets.elemento...', Resource id #2911)","#1 /var/www/html/wp-includes/Requests/src/Requests.php(469): WpOrg\Requests\Transport\Fsockopen->request('https://assets....', Array, '', Array)","#2 /var/www/html/wp-includes/class-wp-http.php(415): WpOrg\Requests\Requests::request('https://assets....', Array, NULL, 'GET', Array)","#3 /var/www/html/wp-includes/class-wp-http.php(656): WP_Http->request('https://assets....', Array)","#4 /var/www/html/wp-includes/http.php(189): WP_Http->get('https://assets....', Array)","#5 /var/www/html/wp-content/plugins/elementor/core/common/modules/events-manager/module.php(89): wp_remote_get('https://assets....')","#6 /var/www/html/wp-content/plugins/elementor/core/common/modules/events-manager/module.php(32): Elemen"]}
2026-02-19T17:07:07+00:00 CRITICAL Uncaught RuntimeException: Unable to claim actions. Database error: <div style="clear:both">&nbsp;</div>
<div class="queries" style="clear:both;margin-bottom:2px;border:red dotted thin;">
<p>MySQL query:</p>
<p>UPDATE wp_actionscheduler_actions t1 JOIN ( SELECT action_id from wp_actionscheduler_actions WHERE claim_id = 0 AND scheduled_date_gmt <= '2026-02-19 17:07:07' AND status='pending' ORDER BY priority ASC, attempts ASC, scheduled_date_gmt ASC, action_id ASC LIMIT 25 FOR UPDATE ) t2 ON t1.action_id = t2.action_id SET claim_id=310, last_attempt_gmt='2026-02-19 17:07:07', last_attempt_local='2026-02-19 17:07:07'</p>
<p>Queries made or created this session were:</p>
<ol>
<li>Executing: BEGIN | (no parameters)</li>
<li>Executing: UPDATE wp_actionscheduler_actions t1 JOIN ( SELECT action_id from wp_actionscheduler_actions WHERE claim_id = 0 AND scheduled_date_gmt &lt;= :param0  AND status=:param1  ORDER BY priority ASC, attempts ASC, scheduled_date_gmt ASC, action_id ASC LIMIT 25 FOR UPDATE ) t2 ON t1.action_i CONTEXT: {"error":{"type":1,"file":"/var/www/html/wp-content/plugins/woocommerce/packages/action-scheduler/classes/data-stores/ActionScheduler_DBStore.php","line":1019},"remote-logging":true,"backtrace":[{"file":"/var/www/html/wp-content/plugins/woocommerce/includes/class-woocommerce.php","line":460,"function":"critical","class":"WC_Logger","type":"->"},{"function":"log_errors","class":"WooCommerce","type":"->"}]}
2026-02-19T17:07:25+00:00 CRITICAL Uncaught RuntimeException: Unable to claim actions. Database error: <div style="clear:both">&nbsp;</div>
<div class="queries" style="clear:both;margin-bottom:2px;border:red dotted thin;">
<p>MySQL query:</p>
<p>UPDATE wp_actionscheduler_actions t1 JOIN ( SELECT action_id from wp_actionscheduler_actions WHERE claim_id = 0 AND scheduled_date_gmt <= '2026-02-19 17:07:25' AND status='pending' ORDER BY priority ASC, attempts ASC, scheduled_date_gmt ASC, action_id ASC LIMIT 25 FOR UPDATE ) t2 ON t1.action_id = t2.action_id SET claim_id=311, last_attempt_gmt='2026-02-19 17:07:25', last_attempt_local='2026-02-19 17:07:25'</p>
<p>Queries made or created this session were:</p>
<ol>
<li>Executing: BEGIN | (no parameters)</li>
<li>Executing: UPDATE wp_actionscheduler_actions t1 JOIN ( SELECT action_id from wp_actionscheduler_actions WHERE claim_id = 0 AND scheduled_date_gmt &lt;= :param0  AND status=:param1  ORDER BY priority ASC, attempts ASC, scheduled_date_gmt ASC, action_id ASC LIMIT 25 FOR UPDATE ) t2 ON t1.action_i CONTEXT: {"error":{"type":1,"file":"/var/www/html/wp-content/plugins/woocommerce/packages/action-scheduler/classes/data-stores/ActionScheduler_DBStore.php","line":1019},"remote-logging":true,"backtrace":[{"file":"/var/www/html/wp-content/plugins/woocommerce/includes/class-woocommerce.php","line":460,"function":"critical","class":"WC_Logger","type":"->"},{"function":"log_errors","class":"WooCommerce","type":"->"}]}
2026-02-19T17:08:07+00:00 CRITICAL Uncaught RuntimeException: Unable to claim actions. Database error: <div style="clear:both">&nbsp;</div>
<div class="queries" style="clear:both;margin-bottom:2px;border:red dotted thin;">
<p>MySQL query:</p>
<p>UPDATE wp_actionscheduler_actions t1 JOIN ( SELECT action_id from wp_actionscheduler_actions WHERE claim_id = 0 AND scheduled_date_gmt <= '2026-02-19 17:08:07' AND status='pending' ORDER BY priority ASC, attempts ASC, scheduled_date_gmt ASC, action_id ASC LIMIT 25 FOR UPDATE ) t2 ON t1.action_id = t2.action_id SET claim_id=312, last_attempt_gmt='2026-02-19 17:08:07', last_attempt_local='2026-02-19 17:08:07'</p>
<p>Queries made or created this session were:</p>
<ol>
<li>Executing: BEGIN | (no parameters)</li>
<li>Executing: UPDATE wp_actionscheduler_actions t1 JOIN ( SELECT action_id from wp_actionscheduler_actions WHERE claim_id = 0 AND scheduled_date_gmt &lt;= :param0  AND status=:param1  ORDER BY priority ASC, attempts ASC, scheduled_date_gmt ASC, action_id ASC LIMIT 25 FOR UPDATE ) t2 ON t1.action_i CONTEXT: {"error":{"type":1,"file":"/var/www/html/wp-content/plugins/woocommerce/packages/action-scheduler/classes/data-stores/ActionScheduler_DBStore.php","line":1019},"remote-logging":true,"backtrace":[{"file":"/var/www/html/wp-content/plugins/woocommerce/includes/class-woocommerce.php","line":460,"function":"critical","class":"WC_Logger","type":"->"},{"function":"log_errors","class":"WooCommerce","type":"->"}]}
2026-02-19T17:08:29+00:00 CRITICAL Uncaught RuntimeException: Unable to claim actions. Database error: <div style="clear:both">&nbsp;</div>
<div class="queries" style="clear:both;margin-bottom:2px;border:red dotted thin;">
<p>MySQL query:</p>
<p>UPDATE wp_actionscheduler_actions t1 JOIN ( SELECT action_id from wp_actionscheduler_actions WHERE claim_id = 0 AND scheduled_date_gmt <= '2026-02-19 17:08:29' AND status='pending' ORDER BY priority ASC, attempts ASC, scheduled_date_gmt ASC, action_id ASC LIMIT 25 FOR UPDATE ) t2 ON t1.action_id = t2.action_id SET claim_id=313, last_attempt_gmt='2026-02-19 17:08:29', last_attempt_local='2026-02-19 17:08:29'</p>
<p>Queries made or created this session were:</p>
<ol>
<li>Executing: BEGIN | (no parameters)</li>
<li>Executing: UPDATE wp_actionscheduler_actions t1 JOIN ( SELECT action_id from wp_actionscheduler_actions WHERE claim_id = 0 AND scheduled_date_gmt &lt;= :param0  AND status=:param1  ORDER BY priority ASC, attempts ASC, scheduled_date_gmt ASC, action_id ASC LIMIT 25 FOR UPDATE ) t2 ON t1.action_i CONTEXT: {"error":{"type":1,"file":"/var/www/html/wp-content/plugins/woocommerce/packages/action-scheduler/classes/data-stores/ActionScheduler_DBStore.php","line":1019},"remote-logging":true,"backtrace":[{"file":"/var/www/html/wp-content/plugins/woocommerce/includes/class-woocommerce.php","line":460,"function":"critical","class":"WC_Logger","type":"->"},{"function":"log_errors","class":"WooCommerce","type":"->"}]}
2026-02-19T17:09:54+00:00 CRITICAL Uncaught RuntimeException: Unable to claim actions. Database error: <div style="clear:both">&nbsp;</div>
<div class="queries" style="clear:both;margin-bottom:2px;border:red dotted thin;">
<p>MySQL query:</p>
<p>UPDATE wp_actionscheduler_actions t1 JOIN ( SELECT action_id from wp_actionscheduler_actions WHERE claim_id = 0 AND scheduled_date_gmt <= '2026-02-19 17:09:54' AND status='pending' ORDER BY priority ASC, attempts ASC, scheduled_date_gmt ASC, action_id ASC LIMIT 25 FOR UPDATE ) t2 ON t1.action_id = t2.action_id SET claim_id=314, last_attempt_gmt='2026-02-19 17:09:54', last_attempt_local='2026-02-19 17:09:54'</p>
<p>Queries made or created this session were:</p>
<ol>
<li>Executing: BEGIN | (no parameters)</li>
<li>Executing: UPDATE wp_actionscheduler_actions t1 JOIN ( SELECT action_id from wp_actionscheduler_actions WHERE claim_id = 0 AND scheduled_date_gmt &lt;= :param0  AND status=:param1  ORDER BY priority ASC, attempts ASC, scheduled_date_gmt ASC, action_id ASC LIMIT 25 FOR UPDATE ) t2 ON t1.action_i CONTEXT: {"error":{"type":1,"file":"/var/www/html/wp-content/plugins/woocommerce/packages/action-scheduler/classes/data-stores/ActionScheduler_DBStore.php","line":1019},"remote-logging":true,"backtrace":[{"file":"/var/www/html/wp-content/plugins/woocommerce/includes/class-woocommerce.php","line":460,"function":"critical","class":"WC_Logger","type":"->"},{"function":"log_errors","class":"WooCommerce","type":"->"}]}
2026-02-19T17:10:08+00:00 CRITICAL Uncaught RuntimeException: Unable to claim actions. Database error: <div style="clear:both">&nbsp;</div>
<div class="queries" style="clear:both;margin-bottom:2px;border:red dotted thin;">
<p>MySQL query:</p>
<p>UPDATE wp_actionscheduler_actions t1 JOIN ( SELECT action_id from wp_actionscheduler_actions WHERE claim_id = 0 AND scheduled_date_gmt <= '2026-02-19 17:10:08' AND status='pending' ORDER BY priority ASC, attempts ASC, scheduled_date_gmt ASC, action_id ASC LIMIT 25 FOR UPDATE ) t2 ON t1.action_id = t2.action_id SET claim_id=315, last_attempt_gmt='2026-02-19 17:10:08', last_attempt_local='2026-02-19 17:10:08'</p>
<p>Queries made or created this session were:</p>
<ol>
<li>Executing: BEGIN | (no parameters)</li>
<li>Executing: UPDATE wp_actionscheduler_actions t1 JOIN ( SELECT action_id from wp_actionscheduler_actions WHERE claim_id = 0 AND scheduled_date_gmt &lt;= :param0  AND status=:param1  ORDER BY priority ASC, attempts ASC, scheduled_date_gmt ASC, action_id ASC LIMIT 25 FOR UPDATE ) t2 ON t1.action_i CONTEXT: {"error":{"type":1,"file":"/var/www/html/wp-content/plugins/woocommerce/packages/action-scheduler/classes/data-stores/ActionScheduler_DBStore.php","line":1019},"remote-logging":true,"backtrace":[{"file":"/var/www/html/wp-content/plugins/woocommerce/includes/class-woocommerce.php","line":460,"function":"critical","class":"WC_Logger","type":"->"},{"function":"log_errors","class":"WooCommerce","type":"->"}]}
2026-02-19T17:11:12+00:00 CRITICAL Uncaught RuntimeException: Unable to claim actions. Database error: <div style="clear:both">&nbsp;</div>
<div class="queries" style="clear:both;margin-bottom:2px;border:red dotted thin;">
<p>MySQL query:</p>
<p>UPDATE wp_actionscheduler_actions t1 JOIN ( SELECT action_id from wp_actionscheduler_actions WHERE claim_id = 0 AND scheduled_date_gmt <= '2026-02-19 17:11:12' AND status='pending' ORDER BY priority ASC, attempts ASC, scheduled_date_gmt ASC, action_id ASC LIMIT 25 FOR UPDATE ) t2 ON t1.action_id = t2.action_id SET claim_id=316, last_attempt_gmt='2026-02-19 17:11:12', last_attempt_local='2026-02-19 17:11:12'</p>
<p>Queries made or created this session were:</p>
<ol>
<li>Executing: BEGIN | (no parameters)</li>
<li>Executing: UPDATE wp_actionscheduler_actions t1 JOIN ( SELECT action_id from wp_actionscheduler_actions WHERE claim_id = 0 AND scheduled_date_gmt &lt;= :param0  AND status=:param1  ORDER BY priority ASC, attempts ASC, scheduled_date_gmt ASC, action_id ASC LIMIT 25 FOR UPDATE ) t2 ON t1.action_i CONTEXT: {"error":{"type":1,"file":"/var/www/html/wp-content/plugins/woocommerce/packages/action-scheduler/classes/data-stores/ActionScheduler_DBStore.php","line":1019},"remote-logging":true,"backtrace":[{"file":"/var/www/html/wp-content/plugins/woocommerce/includes/class-woocommerce.php","line":460,"function":"critical","class":"WC_Logger","type":"->"},{"function":"log_errors","class":"WooCommerce","type":"->"}]}
2026-02-19T17:11:13+00:00 CRITICAL Uncaught RuntimeException: Unable to claim actions. Database error: <div style="clear:both">&nbsp;</div>
<div class="queries" style="clear:both;margin-bottom:2px;border:red dotted thin;">
<p>MySQL query:</p>
<p>UPDATE wp_actionscheduler_actions t1 JOIN ( SELECT action_id from wp_actionscheduler_actions WHERE claim_id = 0 AND scheduled_date_gmt <= '2026-02-19 17:11:13' AND status='pending' ORDER BY priority ASC, attempts ASC, scheduled_date_gmt ASC, action_id ASC LIMIT 25 FOR UPDATE ) t2 ON t1.action_id = t2.action_id SET claim_id=317, last_attempt_gmt='2026-02-19 17:11:13', last_attempt_local='2026-02-19 17:11:13'</p>
<p>Queries made or created this session were:</p>
<ol>
<li>Executing: BEGIN | (no parameters)</li>
<li>Executing: UPDATE wp_actionscheduler_actions t1 JOIN ( SELECT action_id from wp_actionscheduler_actions WHERE claim_id = 0 AND scheduled_date_gmt &lt;= :param0  AND status=:param1  ORDER BY priority ASC, attempts ASC, scheduled_date_gmt ASC, action_id ASC LIMIT 25 FOR UPDATE ) t2 ON t1.action_i CONTEXT: {"error":{"type":1,"file":"/var/www/html/wp-content/plugins/woocommerce/packages/action-scheduler/classes/data-stores/ActionScheduler_DBStore.php","line":1019},"remote-logging":true,"backtrace":[{"file":"/var/www/html/wp-content/plugins/woocommerce/includes/class-woocommerce.php","line":460,"function":"critical","class":"WC_Logger","type":"->"},{"function":"log_errors","class":"WooCommerce","type":"->"}]}
2026-02-19T17:12:28+00:00 CRITICAL Uncaught RuntimeException: Unable to claim actions. Database error: <div style="clear:both">&nbsp;</div>
<div class="queries" style="clear:both;margin-bottom:2px;border:red dotted thin;">
<p>MySQL query:</p>
<p>UPDATE wp_actionscheduler_actions t1 JOIN ( SELECT action_id from wp_actionscheduler_actions WHERE claim_id = 0 AND scheduled_date_gmt <= '2026-02-19 17:12:28' AND status='pending' ORDER BY priority ASC, attempts ASC, scheduled_date_gmt ASC, action_id ASC LIMIT 25 FOR UPDATE ) t2 ON t1.action_id = t2.action_id SET claim_id=318, last_attempt_gmt='2026-02-19 17:12:28', last_attempt_local='2026-02-19 17:12:28'</p>
<p>Queries made or created this session were:</p>
<ol>
<li>Executing: BEGIN | (no parameters)</li>
<li>Executing: UPDATE wp_actionscheduler_actions t1 JOIN ( SELECT action_id from wp_actionscheduler_actions WHERE claim_id = 0 AND scheduled_date_gmt &lt;= :param0  AND status=:param1  ORDER BY priority ASC, attempts ASC, scheduled_date_gmt ASC, action_id ASC LIMIT 25 FOR UPDATE ) t2 ON t1.action_i CONTEXT: {"error":{"type":1,"file":"/var/www/html/wp-content/plugins/woocommerce/packages/action-scheduler/classes/data-stores/ActionScheduler_DBStore.php","line":1019},"remote-logging":true,"backtrace":[{"file":"/var/www/html/wp-content/plugins/woocommerce/includes/class-woocommerce.php","line":460,"function":"critical","class":"WC_Logger","type":"->"},{"function":"log_errors","class":"WooCommerce","type":"->"}]}
2026-02-19T17:13:13+00:00 CRITICAL Uncaught RuntimeException: Unable to claim actions. Database error: <div style="clear:both">&nbsp;</div>
<div class="queries" style="clear:both;margin-bottom:2px;border:red dotted thin;">
<p>MySQL query:</p>
<p>UPDATE wp_actionscheduler_actions t1 JOIN ( SELECT action_id from wp_actionscheduler_actions WHERE claim_id = 0 AND scheduled_date_gmt <= '2026-02-19 17:13:13' AND status='pending' ORDER BY priority ASC, attempts ASC, scheduled_date_gmt ASC, action_id ASC LIMIT 25 FOR UPDATE ) t2 ON t1.action_id = t2.action_id SET claim_id=319, last_attempt_gmt='2026-02-19 17:13:13', last_attempt_local='2026-02-19 17:13:13'</p>
<p>Queries made or created this session were:</p>
<ol>
<li>Executing: BEGIN | (no parameters)</li>
<li>Executing: UPDATE wp_actionscheduler_actions t1 JOIN ( SELECT action_id from wp_actionscheduler_actions WHERE claim_id = 0 AND scheduled_date_gmt &lt;= :param0  AND status=:param1  ORDER BY priority ASC, attempts ASC, scheduled_date_gmt ASC, action_id ASC LIMIT 25 FOR UPDATE ) t2 ON t1.action_i CONTEXT: {"error":{"type":1,"file":"/var/www/html/wp-content/plugins/woocommerce/packages/action-scheduler/classes/data-stores/ActionScheduler_DBStore.php","line":1019},"remote-logging":true,"backtrace":[{"file":"/var/www/html/wp-content/plugins/woocommerce/includes/class-woocommerce.php","line":460,"function":"critical","class":"WC_Logger","type":"->"},{"function":"log_errors","class":"WooCommerce","type":"->"}]}
2026-02-19T17:13:31+00:00 CRITICAL Uncaught RuntimeException: Unable to claim actions. Database error: <div style="clear:both">&nbsp;</div>
<div class="queries" style="clear:both;margin-bottom:2px;border:red dotted thin;">
<p>MySQL query:</p>
<p>UPDATE wp_actionscheduler_actions t1 JOIN ( SELECT action_id from wp_actionscheduler_actions WHERE claim_id = 0 AND scheduled_date_gmt <= '2026-02-19 17:13:31' AND status='pending' ORDER BY priority ASC, attempts ASC, scheduled_date_gmt ASC, action_id ASC LIMIT 25 FOR UPDATE ) t2 ON t1.action_id = t2.action_id SET claim_id=320, last_attempt_gmt='2026-02-19 17:13:31', last_attempt_local='2026-02-19 17:13:31'</p>
<p>Queries made or created this session were:</p>
<ol>
<li>Executing: BEGIN | (no parameters)</li>
<li>Executing: UPDATE wp_actionscheduler_actions t1 JOIN ( SELECT action_id from wp_actionscheduler_actions WHERE claim_id = 0 AND scheduled_date_gmt &lt;= :param0  AND status=:param1  ORDER BY priority ASC, attempts ASC, scheduled_date_gmt ASC, action_id ASC LIMIT 25 FOR UPDATE ) t2 ON t1.action_i CONTEXT: {"error":{"type":1,"file":"/var/www/html/wp-content/plugins/woocommerce/packages/action-scheduler/classes/data-stores/ActionScheduler_DBStore.php","line":1019},"remote-logging":true,"backtrace":[{"file":"/var/www/html/wp-content/plugins/woocommerce/includes/class-woocommerce.php","line":460,"function":"critical","class":"WC_Logger","type":"->"},{"function":"log_errors","class":"WooCommerce","type":"->"}]}
2026-02-19T17:14:16+00:00 CRITICAL Uncaught RuntimeException: Unable to claim actions. Database error: <div style="clear:both">&nbsp;</div>
<div class="queries" style="clear:both;margin-bottom:2px;border:red dotted thin;">
<p>MySQL query:</p>
<p>UPDATE wp_actionscheduler_actions t1 JOIN ( SELECT action_id from wp_actionscheduler_actions WHERE claim_id = 0 AND scheduled_date_gmt <= '2026-02-19 17:14:16' AND status='pending' ORDER BY priority ASC, attempts ASC, scheduled_date_gmt ASC, action_id ASC LIMIT 25 FOR UPDATE ) t2 ON t1.action_id = t2.action_id SET claim_id=321, last_attempt_gmt='2026-02-19 17:14:16', last_attempt_local='2026-02-19 17:14:16'</p>
<p>Queries made or created this session were:</p>
<ol>
<li>Executing: BEGIN | (no parameters)</li>
<li>Executing: UPDATE wp_actionscheduler_actions t1 JOIN ( SELECT action_id from wp_actionscheduler_actions WHERE claim_id = 0 AND scheduled_date_gmt &lt;= :param0  AND status=:param1  ORDER BY priority ASC, attempts ASC, scheduled_date_gmt ASC, action_id ASC LIMIT 25 FOR UPDATE ) t2 ON t1.action_i CONTEXT: {"error":{"type":1,"file":"/var/www/html/wp-content/plugins/woocommerce/packages/action-scheduler/classes/data-stores/ActionScheduler_DBStore.php","line":1019},"remote-logging":true,"backtrace":[{"file":"/var/www/html/wp-content/plugins/woocommerce/includes/class-woocommerce.php","line":460,"function":"critical","class":"WC_Logger","type":"->"},{"function":"log_errors","class":"WooCommerce","type":"->"}]}
2026-02-19T17:14:30+00:00 CRITICAL Uncaught RuntimeException: Unable to claim actions. Database error: <div style="clear:both">&nbsp;</div>
<div class="queries" style="clear:both;margin-bottom:2px;border:red dotted thin;">
<p>MySQL query:</p>
<p>UPDATE wp_actionscheduler_actions t1 JOIN ( SELECT action_id from wp_actionscheduler_actions WHERE claim_id = 0 AND scheduled_date_gmt <= '2026-02-19 17:14:30' AND status='pending' ORDER BY priority ASC, attempts ASC, scheduled_date_gmt ASC, action_id ASC LIMIT 25 FOR UPDATE ) t2 ON t1.action_id = t2.action_id SET claim_id=322, last_attempt_gmt='2026-02-19 17:14:30', last_attempt_local='2026-02-19 17:14:30'</p>
<p>Queries made or created this session were:</p>
<ol>
<li>Executing: BEGIN | (no parameters)</li>
<li>Executing: UPDATE wp_actionscheduler_actions t1 JOIN ( SELECT action_id from wp_actionscheduler_actions WHERE claim_id = 0 AND scheduled_date_gmt &lt;= :param0  AND status=:param1  ORDER BY priority ASC, attempts ASC, scheduled_date_gmt ASC, action_id ASC LIMIT 25 FOR UPDATE ) t2 ON t1.action_i CONTEXT: {"error":{"type":1,"file":"/var/www/html/wp-content/plugins/woocommerce/packages/action-scheduler/classes/data-stores/ActionScheduler_DBStore.php","line":1019},"remote-logging":true,"backtrace":[{"file":"/var/www/html/wp-content/plugins/woocommerce/includes/class-woocommerce.php","line":460,"function":"critical","class":"WC_Logger","type":"->"},{"function":"log_errors","class":"WooCommerce","type":"->"}]}
2026-02-19T17:15:47+00:00 CRITICAL Uncaught RuntimeException: Unable to claim actions. Database error: <div style="clear:both">&nbsp;</div>
<div class="queries" style="clear:both;margin-bottom:2px;border:red dotted thin;">
<p>MySQL query:</p>
<p>UPDATE wp_actionscheduler_actions t1 JOIN ( SELECT action_id from wp_actionscheduler_actions WHERE claim_id = 0 AND scheduled_date_gmt <= '2026-02-19 17:15:47' AND status='pending' ORDER BY priority ASC, attempts ASC, scheduled_date_gmt ASC, action_id ASC LIMIT 25 FOR UPDATE ) t2 ON t1.action_id = t2.action_id SET claim_id=323, last_attempt_gmt='2026-02-19 17:15:47', last_attempt_local='2026-02-19 17:15:47'</p>
<p>Queries made or created this session were:</p>
<ol>
<li>Executing: BEGIN | (no parameters)</li>
<li>Executing: UPDATE wp_actionscheduler_actions t1 JOIN ( SELECT action_id from wp_actionscheduler_actions WHERE claim_id = 0 AND scheduled_date_gmt &lt;= :param0  AND status=:param1  ORDER BY priority ASC, attempts ASC, scheduled_date_gmt ASC, action_id ASC LIMIT 25 FOR UPDATE ) t2 ON t1.action_i CONTEXT: {"error":{"type":1,"file":"/var/www/html/wp-content/plugins/woocommerce/packages/action-scheduler/classes/data-stores/ActionScheduler_DBStore.php","line":1019},"remote-logging":true,"backtrace":[{"file":"/var/www/html/wp-content/plugins/woocommerce/includes/class-woocommerce.php","line":460,"function":"critical","class":"WC_Logger","type":"->"},{"function":"log_errors","class":"WooCommerce","type":"->"}]}
2026-02-19T17:17:00+00:00 CRITICAL Uncaught RuntimeException: Unable to claim actions. Database error: <div style="clear:both">&nbsp;</div>
<div class="queries" style="clear:both;margin-bottom:2px;border:red dotted thin;">
<p>MySQL query:</p>
<p>UPDATE wp_actionscheduler_actions t1 JOIN ( SELECT action_id from wp_actionscheduler_actions WHERE claim_id = 0 AND scheduled_date_gmt <= '2026-02-19 17:17:00' AND status='pending' ORDER BY priority ASC, attempts ASC, scheduled_date_gmt ASC, action_id ASC LIMIT 25 FOR UPDATE ) t2 ON t1.action_id = t2.action_id SET claim_id=324, last_attempt_gmt='2026-02-19 17:17:00', last_attempt_local='2026-02-19 17:17:00'</p>
<p>Queries made or created this session were:</p>
<ol>
<li>Executing: BEGIN | (no parameters)</li>
<li>Executing: UPDATE wp_actionscheduler_actions t1 JOIN ( SELECT action_id from wp_actionscheduler_actions WHERE claim_id = 0 AND scheduled_date_gmt &lt;= :param0  AND status=:param1  ORDER BY priority ASC, attempts ASC, scheduled_date_gmt ASC, action_id ASC LIMIT 25 FOR UPDATE ) t2 ON t1.action_i CONTEXT: {"error":{"type":1,"file":"/var/www/html/wp-content/plugins/woocommerce/packages/action-scheduler/classes/data-stores/ActionScheduler_DBStore.php","line":1019},"remote-logging":true,"backtrace":[{"file":"/var/www/html/wp-content/plugins/woocommerce/includes/class-woocommerce.php","line":460,"function":"critical","class":"WC_Logger","type":"->"},{"function":"log_errors","class":"WooCommerce","type":"->"}]}
2026-02-19T17:17:09+00:00 CRITICAL Uncaught RuntimeException: Unable to claim actions. Database error: <div style="clear:both">&nbsp;</div>
<div class="queries" style="clear:both;margin-bottom:2px;border:red dotted thin;">
<p>MySQL query:</p>
<p>UPDATE wp_actionscheduler_actions t1 JOIN ( SELECT action_id from wp_actionscheduler_actions WHERE claim_id = 0 AND scheduled_date_gmt <= '2026-02-19 17:17:09' AND status='pending' ORDER BY priority ASC, attempts ASC, scheduled_date_gmt ASC, action_id ASC LIMIT 25 FOR UPDATE ) t2 ON t1.action_id = t2.action_id SET claim_id=325, last_attempt_gmt='2026-02-19 17:17:09', last_attempt_local='2026-02-19 17:17:09'</p>
<p>Queries made or created this session were:</p>
<ol>
<li>Executing: BEGIN | (no parameters)</li>
<li>Executing: UPDATE wp_actionscheduler_actions t1 JOIN ( SELECT action_id from wp_actionscheduler_actions WHERE claim_id = 0 AND scheduled_date_gmt &lt;= :param0  AND status=:param1  ORDER BY priority ASC, attempts ASC, scheduled_date_gmt ASC, action_id ASC LIMIT 25 FOR UPDATE ) t2 ON t1.action_i CONTEXT: {"error":{"type":1,"file":"/var/www/html/wp-content/plugins/woocommerce/packages/action-scheduler/classes/data-stores/ActionScheduler_DBStore.php","line":1019},"remote-logging":true,"backtrace":[{"file":"/var/www/html/wp-content/plugins/woocommerce/includes/class-woocommerce.php","line":460,"function":"critical","class":"WC_Logger","type":"->"},{"function":"log_errors","class":"WooCommerce","type":"->"}]}
2026-02-19T17:18:38+00:00 CRITICAL Uncaught RuntimeException: Unable to claim actions. Database error: <div style="clear:both">&nbsp;</div>
<div class="queries" style="clear:both;margin-bottom:2px;border:red dotted thin;">
<p>MySQL query:</p>
<p>UPDATE wp_actionscheduler_actions t1 JOIN ( SELECT action_id from wp_actionscheduler_actions WHERE claim_id = 0 AND scheduled_date_gmt <= '2026-02-19 17:18:38' AND status='pending' ORDER BY priority ASC, attempts ASC, scheduled_date_gmt ASC, action_id ASC LIMIT 25 FOR UPDATE ) t2 ON t1.action_id = t2.action_id SET claim_id=326, last_attempt_gmt='2026-02-19 17:18:38', last_attempt_local='2026-02-19 17:18:38'</p>
<p>Queries made or created this session were:</p>
<ol>
<li>Executing: BEGIN | (no parameters)</li>
<li>Executing: UPDATE wp_actionscheduler_actions t1 JOIN ( SELECT action_id from wp_actionscheduler_actions WHERE claim_id = 0 AND scheduled_date_gmt &lt;= :param0  AND status=:param1  ORDER BY priority ASC, attempts ASC, scheduled_date_gmt ASC, action_id ASC LIMIT 25 FOR UPDATE ) t2 ON t1.action_i CONTEXT: {"error":{"type":1,"file":"/var/www/html/wp-content/plugins/woocommerce/packages/action-scheduler/classes/data-stores/ActionScheduler_DBStore.php","line":1019},"remote-logging":true,"backtrace":[{"file":"/var/www/html/wp-content/plugins/woocommerce/includes/class-woocommerce.php","line":460,"function":"critical","class":"WC_Logger","type":"->"},{"function":"log_errors","class":"WooCommerce","type":"->"}]}
2026-02-19T17:19:10+00:00 CRITICAL Uncaught RuntimeException: Unable to claim actions. Database error: <div style="clear:both">&nbsp;</div>
<div class="queries" style="clear:both;margin-bottom:2px;border:red dotted thin;">
<p>MySQL query:</p>
<p>UPDATE wp_actionscheduler_actions t1 JOIN ( SELECT action_id from wp_actionscheduler_actions WHERE claim_id = 0 AND scheduled_date_gmt <= '2026-02-19 17:19:10' AND status='pending' ORDER BY priority ASC, attempts ASC, scheduled_date_gmt ASC, action_id ASC LIMIT 25 FOR UPDATE ) t2 ON t1.action_id = t2.action_id SET claim_id=327, last_attempt_gmt='2026-02-19 17:19:10', last_attempt_local='2026-02-19 17:19:10'</p>
<p>Queries made or created this session were:</p>
<ol>
<li>Executing: BEGIN | (no parameters)</li>
<li>Executing: UPDATE wp_actionscheduler_actions t1 JOIN ( SELECT action_id from wp_actionscheduler_actions WHERE claim_id = 0 AND scheduled_date_gmt &lt;= :param0  AND status=:param1  ORDER BY priority ASC, attempts ASC, scheduled_date_gmt ASC, action_id ASC LIMIT 25 FOR UPDATE ) t2 ON t1.action_i CONTEXT: {"error":{"type":1,"file":"/var/www/html/wp-content/plugins/woocommerce/packages/action-scheduler/classes/data-stores/ActionScheduler_DBStore.php","line":1019},"remote-logging":true,"backtrace":[{"file":"/var/www/html/wp-content/plugins/woocommerce/includes/class-woocommerce.php","line":460,"function":"critical","class":"WC_Logger","type":"->"},{"function":"log_errors","class":"WooCommerce","type":"->"}]}
2026-02-19T17:19:51+00:00 CRITICAL Uncaught RuntimeException: Unable to claim actions. Database error: <div style="clear:both">&nbsp;</div>
<div class="queries" style="clear:both;margin-bottom:2px;border:red dotted thin;">
<p>MySQL query:</p>
<p>UPDATE wp_actionscheduler_actions t1 JOIN ( SELECT action_id from wp_actionscheduler_actions WHERE claim_id = 0 AND scheduled_date_gmt <= '2026-02-19 17:19:51' AND status='pending' ORDER BY priority ASC, attempts ASC, scheduled_date_gmt ASC, action_id ASC LIMIT 25 FOR UPDATE ) t2 ON t1.action_id = t2.action_id SET claim_id=328, last_attempt_gmt='2026-02-19 17:19:51', last_attempt_local='2026-02-19 17:19:51'</p>
<p>Queries made or created this session were:</p>
<ol>
<li>Executing: BEGIN | (no parameters)</li>
<li>Executing: UPDATE wp_actionscheduler_actions t1 JOIN ( SELECT action_id from wp_actionscheduler_actions WHERE claim_id = 0 AND scheduled_date_gmt &lt;= :param0  AND status=:param1  ORDER BY priority ASC, attempts ASC, scheduled_date_gmt ASC, action_id ASC LIMIT 25 FOR UPDATE ) t2 ON t1.action_i CONTEXT: {"error":{"type":1,"file":"/var/www/html/wp-content/plugins/woocommerce/packages/action-scheduler/classes/data-stores/ActionScheduler_DBStore.php","line":1019},"remote-logging":true,"backtrace":[{"file":"/var/www/html/wp-content/plugins/woocommerce/includes/class-woocommerce.php","line":460,"function":"critical","class":"WC_Logger","type":"->"},{"function":"log_errors","class":"WooCommerce","type":"->"}]}
2026-02-19T17:20:36+00:00 CRITICAL Out of memory (allocated 6291456) (tried to allocate 8388608 bytes) CONTEXT: {"error":{"type":1,"file":"/var/www/html/wp-content/plugins/elementor-pro/modules/theme-elements/widgets/post-info.php","line":1028},"remote-logging":true,"backtrace":[{"file":"/var/www/html/wp-content/plugins/woocommerce/includes/class-woocommerce.php","line":460,"function":"critical","class":"WC_Logger","type":"->"},{"function":"log_errors","class":"WooCommerce","type":"->"}]}
2026-02-19T17:21:43+00:00 CRITICAL Uncaught RuntimeException: Unable to claim actions. Database error: <div style="clear:both">&nbsp;</div>
<div class="queries" style="clear:both;margin-bottom:2px;border:red dotted thin;">
<p>MySQL query:</p>
<p>UPDATE wp_actionscheduler_actions t1 JOIN ( SELECT action_id from wp_actionscheduler_actions WHERE claim_id = 0 AND scheduled_date_gmt <= '2026-02-19 17:21:43' AND status='pending' ORDER BY priority ASC, attempts ASC, scheduled_date_gmt ASC, action_id ASC LIMIT 25 FOR UPDATE ) t2 ON t1.action_id = t2.action_id SET claim_id=329, last_attempt_gmt='2026-02-19 17:21:43', last_attempt_local='2026-02-19 17:21:43'</p>
<p>Queries made or created this session were:</p>
<ol>
<li>Executing: BEGIN | (no parameters)</li>
<li>Executing: UPDATE wp_actionscheduler_actions t1 JOIN ( SELECT action_id from wp_actionscheduler_actions WHERE claim_id = 0 AND scheduled_date_gmt &lt;= :param0  AND status=:param1  ORDER BY priority ASC, attempts ASC, scheduled_date_gmt ASC, action_id ASC LIMIT 25 FOR UPDATE ) t2 ON t1.action_i CONTEXT: {"error":{"type":1,"file":"/var/www/html/wp-content/plugins/woocommerce/packages/action-scheduler/classes/data-stores/ActionScheduler_DBStore.php","line":1019},"remote-logging":true,"backtrace":[{"file":"/var/www/html/wp-content/plugins/woocommerce/includes/class-woocommerce.php","line":460,"function":"critical","class":"WC_Logger","type":"->"},{"function":"log_errors","class":"WooCommerce","type":"->"}]}
2026-02-19T17:23:17+00:00 CRITICAL Uncaught RuntimeException: Unable to claim actions. Database error: <div style="clear:both">&nbsp;</div>
<div class="queries" style="clear:both;margin-bottom:2px;border:red dotted thin;">
<p>MySQL query:</p>
<p>UPDATE wp_actionscheduler_actions t1 JOIN ( SELECT action_id from wp_actionscheduler_actions WHERE claim_id = 0 AND scheduled_date_gmt <= '2026-02-19 17:23:17' AND status='pending' ORDER BY priority ASC, attempts ASC, scheduled_date_gmt ASC, action_id ASC LIMIT 25 FOR UPDATE ) t2 ON t1.action_id = t2.action_id SET claim_id=330, last_attempt_gmt='2026-02-19 17:23:17', last_attempt_local='2026-02-19 17:23:17'</p>
<p>Queries made or created this session were:</p>
<ol>
<li>Executing: BEGIN | (no parameters)</li>
<li>Executing: UPDATE wp_actionscheduler_actions t1 JOIN ( SELECT action_id from wp_actionscheduler_actions WHERE claim_id = 0 AND scheduled_date_gmt &lt;= :param0  AND status=:param1  ORDER BY priority ASC, attempts ASC, scheduled_date_gmt ASC, action_id ASC LIMIT 25 FOR UPDATE ) t2 ON t1.action_i CONTEXT: {"error":{"type":1,"file":"/var/www/html/wp-content/plugins/woocommerce/packages/action-scheduler/classes/data-stores/ActionScheduler_DBStore.php","line":1019},"remote-logging":true,"backtrace":[{"file":"/var/www/html/wp-content/plugins/woocommerce/includes/class-woocommerce.php","line":460,"function":"critical","class":"WC_Logger","type":"->"},{"function":"log_errors","class":"WooCommerce","type":"->"}]}
2026-02-19T17:23:18+00:00 CRITICAL Uncaught RuntimeException: Unable to claim actions. Database error: <div style="clear:both">&nbsp;</div>
<div class="queries" style="clear:both;margin-bottom:2px;border:red dotted thin;">
<p>MySQL query:</p>
<p>UPDATE wp_actionscheduler_actions t1 JOIN ( SELECT action_id from wp_actionscheduler_actions WHERE claim_id = 0 AND scheduled_date_gmt <= '2026-02-19 17:23:18' AND status='pending' ORDER BY priority ASC, attempts ASC, scheduled_date_gmt ASC, action_id ASC LIMIT 25 FOR UPDATE ) t2 ON t1.action_id = t2.action_id SET claim_id=331, last_attempt_gmt='2026-02-19 17:23:18', last_attempt_local='2026-02-19 17:23:18'</p>
<p>Queries made or created this session were:</p>
<ol>
<li>Executing: BEGIN | (no parameters)</li>
<li>Executing: UPDATE wp_actionscheduler_actions t1 JOIN ( SELECT action_id from wp_actionscheduler_actions WHERE claim_id = 0 AND scheduled_date_gmt &lt;= :param0  AND status=:param1  ORDER BY priority ASC, attempts ASC, scheduled_date_gmt ASC, action_id ASC LIMIT 25 FOR UPDATE ) t2 ON t1.action_i CONTEXT: {"error":{"type":1,"file":"/var/www/html/wp-content/plugins/woocommerce/packages/action-scheduler/classes/data-stores/ActionScheduler_DBStore.php","line":1019},"remote-logging":true,"backtrace":[{"file":"/var/www/html/wp-content/plugins/woocommerce/includes/class-woocommerce.php","line":460,"function":"critical","class":"WC_Logger","type":"->"},{"function":"log_errors","class":"WooCommerce","type":"->"}]}
2026-02-19T17:24:01+00:00 CRITICAL Out of memory (allocated 4194304) (tried to allocate 4194304 bytes) CONTEXT: {"error":{"type":1,"file":"/var/www/html/wp-content/plugins/woocommerce/src/Internal/Admin/Settings/PaymentsProviders/WooPayments/WooPaymentsService.php","line":25},"remote-logging":true,"backtrace":[{"file":"/var/www/html/wp-content/plugins/woocommerce/includes/class-woocommerce.php","line":460,"function":"critical","class":"WC_Logger","type":"->"},{"function":"log_errors","class":"WooCommerce","type":"->"}]}
2026-02-19T17:25:50+00:00 CRITICAL Uncaught RuntimeException: Unable to claim actions. Database error: <div style="clear:both">&nbsp;</div>
<div class="queries" style="clear:both;margin-bottom:2px;border:red dotted thin;">
<p>MySQL query:</p>
<p>UPDATE wp_actionscheduler_actions t1 JOIN ( SELECT action_id from wp_actionscheduler_actions WHERE claim_id = 0 AND scheduled_date_gmt <= '2026-02-19 17:25:50' AND status='pending' ORDER BY priority ASC, attempts ASC, scheduled_date_gmt ASC, action_id ASC LIMIT 25 FOR UPDATE ) t2 ON t1.action_id = t2.action_id SET claim_id=332, last_attempt_gmt='2026-02-19 17:25:50', last_attempt_local='2026-02-19 17:25:50'</p>
<p>Queries made or created this session were:</p>
<ol>
<li>Executing: BEGIN | (no parameters)</li>
<li>Executing: UPDATE wp_actionscheduler_actions t1 JOIN ( SELECT action_id from wp_actionscheduler_actions WHERE claim_id = 0 AND scheduled_date_gmt &lt;= :param0  AND status=:param1  ORDER BY priority ASC, attempts ASC, scheduled_date_gmt ASC, action_id ASC LIMIT 25 FOR UPDATE ) t2 ON t1.action_i CONTEXT: {"error":{"type":1,"file":"/var/www/html/wp-content/plugins/woocommerce/packages/action-scheduler/classes/data-stores/ActionScheduler_DBStore.php","line":1019},"remote-logging":true,"backtrace":[{"file":"/var/www/html/wp-content/plugins/woocommerce/includes/class-woocommerce.php","line":460,"function":"critical","class":"WC_Logger","type":"->"},{"function":"log_errors","class":"WooCommerce","type":"->"}]}
2026-02-19T17:26:47+00:00 CRITICAL Uncaught RuntimeException: Unable to claim actions. Database error: <div style="clear:both">&nbsp;</div>
<div class="queries" style="clear:both;margin-bottom:2px;border:red dotted thin;">
<p>MySQL query:</p>
<p>UPDATE wp_actionscheduler_actions t1 JOIN ( SELECT action_id from wp_actionscheduler_actions WHERE claim_id = 0 AND scheduled_date_gmt <= '2026-02-19 17:26:47' AND status='pending' ORDER BY priority ASC, attempts ASC, scheduled_date_gmt ASC, action_id ASC LIMIT 25 FOR UPDATE ) t2 ON t1.action_id = t2.action_id SET claim_id=333, last_attempt_gmt='2026-02-19 17:26:47', last_attempt_local='2026-02-19 17:26:47'</p>
<p>Queries made or created this session were:</p>
<ol>
<li>Executing: BEGIN | (no parameters)</li>
<li>Executing: UPDATE wp_actionscheduler_actions t1 JOIN ( SELECT action_id from wp_actionscheduler_actions WHERE claim_id = 0 AND scheduled_date_gmt &lt;= :param0  AND status=:param1  ORDER BY priority ASC, attempts ASC, scheduled_date_gmt ASC, action_id ASC LIMIT 25 FOR UPDATE ) t2 ON t1.action_i CONTEXT: {"error":{"type":1,"file":"/var/www/html/wp-content/plugins/woocommerce/packages/action-scheduler/classes/data-stores/ActionScheduler_DBStore.php","line":1019},"remote-logging":true,"backtrace":[{"file":"/var/www/html/wp-content/plugins/woocommerce/includes/class-woocommerce.php","line":460,"function":"critical","class":"WC_Logger","type":"->"},{"function":"log_errors","class":"WooCommerce","type":"->"}]}
2026-02-19T17:27:42+00:00 CRITICAL Uncaught RuntimeException: Unable to claim actions. Database error: <div style="clear:both">&nbsp;</div>
<div class="queries" style="clear:both;margin-bottom:2px;border:red dotted thin;">
<p>MySQL query:</p>
<p>UPDATE wp_actionscheduler_actions t1 JOIN ( SELECT action_id from wp_actionscheduler_actions WHERE claim_id = 0 AND scheduled_date_gmt <= '2026-02-19 17:27:42' AND status='pending' ORDER BY priority ASC, attempts ASC, scheduled_date_gmt ASC, action_id ASC LIMIT 25 FOR UPDATE ) t2 ON t1.action_id = t2.action_id SET claim_id=334, last_attempt_gmt='2026-02-19 17:27:42', last_attempt_local='2026-02-19 17:27:42'</p>
<p>Queries made or created this session were:</p>
<ol>
<li>Executing: BEGIN | (no parameters)</li>
<li>Executing: UPDATE wp_actionscheduler_actions t1 JOIN ( SELECT action_id from wp_actionscheduler_actions WHERE claim_id = 0 AND scheduled_date_gmt &lt;= :param0  AND status=:param1  ORDER BY priority ASC, attempts ASC, scheduled_date_gmt ASC, action_id ASC LIMIT 25 FOR UPDATE ) t2 ON t1.action_i CONTEXT: {"error":{"type":1,"file":"/var/www/html/wp-content/plugins/woocommerce/packages/action-scheduler/classes/data-stores/ActionScheduler_DBStore.php","line":1019},"remote-logging":true,"backtrace":[{"file":"/var/www/html/wp-content/plugins/woocommerce/includes/class-woocommerce.php","line":460,"function":"critical","class":"WC_Logger","type":"->"},{"function":"log_errors","class":"WooCommerce","type":"->"}]}
2026-02-19T17:27:48+00:00 CRITICAL Uncaught RuntimeException: Unable to claim actions. Database error: <div style="clear:both">&nbsp;</div>
<div class="queries" style="clear:both;margin-bottom:2px;border:red dotted thin;">
<p>MySQL query:</p>
<p>UPDATE wp_actionscheduler_actions t1 JOIN ( SELECT action_id from wp_actionscheduler_actions WHERE claim_id = 0 AND scheduled_date_gmt <= '2026-02-19 17:27:48' AND status='pending' ORDER BY priority ASC, attempts ASC, scheduled_date_gmt ASC, action_id ASC LIMIT 25 FOR UPDATE ) t2 ON t1.action_id = t2.action_id SET claim_id=335, last_attempt_gmt='2026-02-19 17:27:48', last_attempt_local='2026-02-19 17:27:48'</p>
<p>Queries made or created this session were:</p>
<ol>
<li>Executing: BEGIN | (no parameters)</li>
<li>Executing: UPDATE wp_actionscheduler_actions t1 JOIN ( SELECT action_id from wp_actionscheduler_actions WHERE claim_id = 0 AND scheduled_date_gmt &lt;= :param0  AND status=:param1  ORDER BY priority ASC, attempts ASC, scheduled_date_gmt ASC, action_id ASC LIMIT 25 FOR UPDATE ) t2 ON t1.action_i CONTEXT: {"error":{"type":1,"file":"/var/www/html/wp-content/plugins/woocommerce/packages/action-scheduler/classes/data-stores/ActionScheduler_DBStore.php","line":1019},"remote-logging":true,"backtrace":[{"file":"/var/www/html/wp-content/plugins/woocommerce/includes/class-woocommerce.php","line":460,"function":"critical","class":"WC_Logger","type":"->"},{"function":"log_errors","class":"WooCommerce","type":"->"}]}
2026-02-19T17:30:33+00:00 CRITICAL Uncaught RuntimeException: Unable to claim actions. Database error: <div style="clear:both">&nbsp;</div>
<div class="queries" style="clear:both;margin-bottom:2px;border:red dotted thin;">
<p>MySQL query:</p>
<p>UPDATE wp_actionscheduler_actions t1 JOIN ( SELECT action_id from wp_actionscheduler_actions WHERE claim_id = 0 AND scheduled_date_gmt <= '2026-02-19 17:30:33' AND status='pending' ORDER BY priority ASC, attempts ASC, scheduled_date_gmt ASC, action_id ASC LIMIT 25 FOR UPDATE ) t2 ON t1.action_id = t2.action_id SET claim_id=336, last_attempt_gmt='2026-02-19 17:30:33', last_attempt_local='2026-02-19 17:30:33'</p>
<p>Queries made or created this session were:</p>
<ol>
<li>Executing: BEGIN | (no parameters)</li>
<li>Executing: UPDATE wp_actionscheduler_actions t1 JOIN ( SELECT action_id from wp_actionscheduler_actions WHERE claim_id = 0 AND scheduled_date_gmt &lt;= :param0  AND status=:param1  ORDER BY priority ASC, attempts ASC, scheduled_date_gmt ASC, action_id ASC LIMIT 25 FOR UPDATE ) t2 ON t1.action_i CONTEXT: {"error":{"type":1,"file":"/var/www/html/wp-content/plugins/woocommerce/packages/action-scheduler/classes/data-stores/ActionScheduler_DBStore.php","line":1019},"remote-logging":true,"backtrace":[{"file":"/var/www/html/wp-content/plugins/woocommerce/includes/class-woocommerce.php","line":460,"function":"critical","class":"WC_Logger","type":"->"},{"function":"log_errors","class":"WooCommerce","type":"->"}]}
2026-02-19T17:30:34+00:00 CRITICAL Uncaught RuntimeException: Unable to claim actions. Database error: <div style="clear:both">&nbsp;</div>
<div class="queries" style="clear:both;margin-bottom:2px;border:red dotted thin;">
<p>MySQL query:</p>
<p>UPDATE wp_actionscheduler_actions t1 JOIN ( SELECT action_id from wp_actionscheduler_actions WHERE claim_id = 0 AND scheduled_date_gmt <= '2026-02-19 17:30:34' AND status='pending' ORDER BY priority ASC, attempts ASC, scheduled_date_gmt ASC, action_id ASC LIMIT 25 FOR UPDATE ) t2 ON t1.action_id = t2.action_id SET claim_id=337, last_attempt_gmt='2026-02-19 17:30:34', last_attempt_local='2026-02-19 17:30:34'</p>
<p>Queries made or created this session were:</p>
<ol>
<li>Executing: BEGIN | (no parameters)</li>
<li>Executing: UPDATE wp_actionscheduler_actions t1 JOIN ( SELECT action_id from wp_actionscheduler_actions WHERE claim_id = 0 AND scheduled_date_gmt &lt;= :param0  AND status=:param1  ORDER BY priority ASC, attempts ASC, scheduled_date_gmt ASC, action_id ASC LIMIT 25 FOR UPDATE ) t2 ON t1.action_i CONTEXT: {"error":{"type":1,"file":"/var/www/html/wp-content/plugins/woocommerce/packages/action-scheduler/classes/data-stores/ActionScheduler_DBStore.php","line":1019},"remote-logging":true,"backtrace":[{"file":"/var/www/html/wp-content/plugins/woocommerce/includes/class-woocommerce.php","line":460,"function":"critical","class":"WC_Logger","type":"->"},{"function":"log_errors","class":"WooCommerce","type":"->"}]}
2026-02-19T17:30:47+00:00 CRITICAL Out of memory (allocated 4194304) (tried to allocate 4194304 bytes) CONTEXT: {"error":{"type":1,"file":"/var/www/html/wp-content/plugins/woocommerce/src/Internal/Admin/Settings/PaymentsProviders/WooPayments/WooPaymentsService.php","line":602},"remote-logging":true,"backtrace":[{"file":"/var/www/html/wp-content/plugins/woocommerce/includes/class-woocommerce.php","line":460,"function":"critical","class":"WC_Logger","type":"->"},{"function":"log_errors","class":"WooCommerce","type":"->"}]}
2026-02-19T17:31:34+00:00 CRITICAL Uncaught RuntimeException: Unable to claim actions. Database error: <div style="clear:both">&nbsp;</div>
<div class="queries" style="clear:both;margin-bottom:2px;border:red dotted thin;">
<p>MySQL query:</p>
<p>UPDATE wp_actionscheduler_actions t1 JOIN ( SELECT action_id from wp_actionscheduler_actions WHERE claim_id = 0 AND scheduled_date_gmt <= '2026-02-19 17:31:34' AND status='pending' ORDER BY priority ASC, attempts ASC, scheduled_date_gmt ASC, action_id ASC LIMIT 25 FOR UPDATE ) t2 ON t1.action_id = t2.action_id SET claim_id=338, last_attempt_gmt='2026-02-19 17:31:34', last_attempt_local='2026-02-19 17:31:34'</p>
<p>Queries made or created this session were:</p>
<ol>
<li>Executing: BEGIN | (no parameters)</li>
<li>Executing: UPDATE wp_actionscheduler_actions t1 JOIN ( SELECT action_id from wp_actionscheduler_actions WHERE claim_id = 0 AND scheduled_date_gmt &lt;= :param0  AND status=:param1  ORDER BY priority ASC, attempts ASC, scheduled_date_gmt ASC, action_id ASC LIMIT 25 FOR UPDATE ) t2 ON t1.action_i CONTEXT: {"error":{"type":1,"file":"/var/www/html/wp-content/plugins/woocommerce/packages/action-scheduler/classes/data-stores/ActionScheduler_DBStore.php","line":1019},"remote-logging":true,"backtrace":[{"file":"/var/www/html/wp-content/plugins/woocommerce/includes/class-woocommerce.php","line":460,"function":"critical","class":"WC_Logger","type":"->"},{"function":"log_errors","class":"WooCommerce","type":"->"}]}
2026-02-19T17:33:24+00:00 CRITICAL Uncaught RuntimeException: Unable to claim actions. Database error: <div style="clear:both">&nbsp;</div>
<div class="queries" style="clear:both;margin-bottom:2px;border:red dotted thin;">
<p>MySQL query:</p>
<p>UPDATE wp_actionscheduler_actions t1 JOIN ( SELECT action_id from wp_actionscheduler_actions WHERE claim_id = 0 AND scheduled_date_gmt <= '2026-02-19 17:33:24' AND status='pending' ORDER BY priority ASC, attempts ASC, scheduled_date_gmt ASC, action_id ASC LIMIT 25 FOR UPDATE ) t2 ON t1.action_id = t2.action_id SET claim_id=339, last_attempt_gmt='2026-02-19 17:33:24', last_attempt_local='2026-02-19 17:33:24'</p>
<p>Queries made or created this session were:</p>
<ol>
<li>Executing: BEGIN | (no parameters)</li>
<li>Executing: UPDATE wp_actionscheduler_actions t1 JOIN ( SELECT action_id from wp_actionscheduler_actions WHERE claim_id = 0 AND scheduled_date_gmt &lt;= :param0  AND status=:param1  ORDER BY priority ASC, attempts ASC, scheduled_date_gmt ASC, action_id ASC LIMIT 25 FOR UPDATE ) t2 ON t1.action_i CONTEXT: {"error":{"type":1,"file":"/var/www/html/wp-content/plugins/woocommerce/packages/action-scheduler/classes/data-stores/ActionScheduler_DBStore.php","line":1019},"remote-logging":true,"backtrace":[{"file":"/var/www/html/wp-content/plugins/woocommerce/includes/class-woocommerce.php","line":460,"function":"critical","class":"WC_Logger","type":"->"},{"function":"log_errors","class":"WooCommerce","type":"->"}]}
2026-02-19T17:33:24+00:00 CRITICAL Uncaught RuntimeException: Unable to claim actions. Database error: <div style="clear:both">&nbsp;</div>
<div class="queries" style="clear:both;margin-bottom:2px;border:red dotted thin;">
<p>MySQL query:</p>
<p>UPDATE wp_actionscheduler_actions t1 JOIN ( SELECT action_id from wp_actionscheduler_actions WHERE claim_id = 0 AND scheduled_date_gmt <= '2026-02-19 17:33:24' AND status='pending' ORDER BY priority ASC, attempts ASC, scheduled_date_gmt ASC, action_id ASC LIMIT 25 FOR UPDATE ) t2 ON t1.action_id = t2.action_id SET claim_id=340, last_attempt_gmt='2026-02-19 17:33:24', last_attempt_local='2026-02-19 17:33:24'</p>
<p>Queries made or created this session were:</p>
<ol>
<li>Executing: BEGIN | (no parameters)</li>
<li>Executing: UPDATE wp_actionscheduler_actions t1 JOIN ( SELECT action_id from wp_actionscheduler_actions WHERE claim_id = 0 AND scheduled_date_gmt &lt;= :param0  AND status=:param1  ORDER BY priority ASC, attempts ASC, scheduled_date_gmt ASC, action_id ASC LIMIT 25 FOR UPDATE ) t2 ON t1.action_i CONTEXT: {"error":{"type":1,"file":"/var/www/html/wp-content/plugins/woocommerce/packages/action-scheduler/classes/data-stores/ActionScheduler_DBStore.php","line":1019},"remote-logging":true,"backtrace":[{"file":"/var/www/html/wp-content/plugins/woocommerce/includes/class-woocommerce.php","line":460,"function":"critical","class":"WC_Logger","type":"->"},{"function":"log_errors","class":"WooCommerce","type":"->"}]}
2026-02-19T17:34:32+00:00 CRITICAL Uncaught RuntimeException: Unable to claim actions. Database error: <div style="clear:both">&nbsp;</div>
<div class="queries" style="clear:both;margin-bottom:2px;border:red dotted thin;">
<p>MySQL query:</p>
<p>UPDATE wp_actionscheduler_actions t1 JOIN ( SELECT action_id from wp_actionscheduler_actions WHERE claim_id = 0 AND scheduled_date_gmt <= '2026-02-19 17:34:32' AND status='pending' ORDER BY priority ASC, attempts ASC, scheduled_date_gmt ASC, action_id ASC LIMIT 25 FOR UPDATE ) t2 ON t1.action_id = t2.action_id SET claim_id=341, last_attempt_gmt='2026-02-19 17:34:32', last_attempt_local='2026-02-19 17:34:32'</p>
<p>Queries made or created this session were:</p>
<ol>
<li>Executing: BEGIN | (no parameters)</li>
<li>Executing: UPDATE wp_actionscheduler_actions t1 JOIN ( SELECT action_id from wp_actionscheduler_actions WHERE claim_id = 0 AND scheduled_date_gmt &lt;= :param0  AND status=:param1  ORDER BY priority ASC, attempts ASC, scheduled_date_gmt ASC, action_id ASC LIMIT 25 FOR UPDATE ) t2 ON t1.action_i CONTEXT: {"error":{"type":1,"file":"/var/www/html/wp-content/plugins/woocommerce/packages/action-scheduler/classes/data-stores/ActionScheduler_DBStore.php","line":1019},"remote-logging":true,"backtrace":[{"file":"/var/www/html/wp-content/plugins/woocommerce/includes/class-woocommerce.php","line":460,"function":"critical","class":"WC_Logger","type":"->"},{"function":"log_errors","class":"WooCommerce","type":"->"}]}
2026-02-19T17:34:33+00:00 CRITICAL Uncaught RuntimeException: Unable to claim actions. Database error: <div style="clear:both">&nbsp;</div>
<div class="queries" style="clear:both;margin-bottom:2px;border:red dotted thin;">
<p>MySQL query:</p>
<p>UPDATE wp_actionscheduler_actions t1 JOIN ( SELECT action_id from wp_actionscheduler_actions WHERE claim_id = 0 AND scheduled_date_gmt <= '2026-02-19 17:34:33' AND status='pending' ORDER BY priority ASC, attempts ASC, scheduled_date_gmt ASC, action_id ASC LIMIT 25 FOR UPDATE ) t2 ON t1.action_id = t2.action_id SET claim_id=342, last_attempt_gmt='2026-02-19 17:34:33', last_attempt_local='2026-02-19 17:34:33'</p>
<p>Queries made or created this session were:</p>
<ol>
<li>Executing: BEGIN | (no parameters)</li>
<li>Executing: UPDATE wp_actionscheduler_actions t1 JOIN ( SELECT action_id from wp_actionscheduler_actions WHERE claim_id = 0 AND scheduled_date_gmt &lt;= :param0  AND status=:param1  ORDER BY priority ASC, attempts ASC, scheduled_date_gmt ASC, action_id ASC LIMIT 25 FOR UPDATE ) t2 ON t1.action_i CONTEXT: {"error":{"type":1,"file":"/var/www/html/wp-content/plugins/woocommerce/packages/action-scheduler/classes/data-stores/ActionScheduler_DBStore.php","line":1019},"remote-logging":true,"backtrace":[{"file":"/var/www/html/wp-content/plugins/woocommerce/includes/class-woocommerce.php","line":460,"function":"critical","class":"WC_Logger","type":"->"},{"function":"log_errors","class":"WooCommerce","type":"->"}]}
2026-02-19T17:35:37+00:00 CRITICAL Uncaught RuntimeException: Unable to claim actions. Database error: <div style="clear:both">&nbsp;</div>
<div class="queries" style="clear:both;margin-bottom:2px;border:red dotted thin;">
<p>MySQL query:</p>
<p>UPDATE wp_actionscheduler_actions t1 JOIN ( SELECT action_id from wp_actionscheduler_actions WHERE claim_id = 0 AND scheduled_date_gmt <= '2026-02-19 17:35:37' AND status='pending' ORDER BY priority ASC, attempts ASC, scheduled_date_gmt ASC, action_id ASC LIMIT 25 FOR UPDATE ) t2 ON t1.action_id = t2.action_id SET claim_id=343, last_attempt_gmt='2026-02-19 17:35:37', last_attempt_local='2026-02-19 17:35:37'</p>
<p>Queries made or created this session were:</p>
<ol>
<li>Executing: BEGIN | (no parameters)</li>
<li>Executing: UPDATE wp_actionscheduler_actions t1 JOIN ( SELECT action_id from wp_actionscheduler_actions WHERE claim_id = 0 AND scheduled_date_gmt &lt;= :param0  AND status=:param1  ORDER BY priority ASC, attempts ASC, scheduled_date_gmt ASC, action_id ASC LIMIT 25 FOR UPDATE ) t2 ON t1.action_i CONTEXT: {"error":{"type":1,"file":"/var/www/html/wp-content/plugins/woocommerce/packages/action-scheduler/classes/data-stores/ActionScheduler_DBStore.php","line":1019},"remote-logging":true,"backtrace":[{"file":"/var/www/html/wp-content/plugins/woocommerce/includes/class-woocommerce.php","line":460,"function":"critical","class":"WC_Logger","type":"->"},{"function":"log_errors","class":"WooCommerce","type":"->"}]}
2026-02-19T17:35:37+00:00 CRITICAL Uncaught RuntimeException: Unable to claim actions. Database error: <div style="clear:both">&nbsp;</div>
<div class="queries" style="clear:both;margin-bottom:2px;border:red dotted thin;">
<p>MySQL query:</p>
<p>UPDATE wp_actionscheduler_actions t1 JOIN ( SELECT action_id from wp_actionscheduler_actions WHERE claim_id = 0 AND scheduled_date_gmt <= '2026-02-19 17:35:37' AND status='pending' ORDER BY priority ASC, attempts ASC, scheduled_date_gmt ASC, action_id ASC LIMIT 25 FOR UPDATE ) t2 ON t1.action_id = t2.action_id SET claim_id=344, last_attempt_gmt='2026-02-19 17:35:37', last_attempt_local='2026-02-19 17:35:37'</p>
<p>Queries made or created this session were:</p>
<ol>
<li>Executing: BEGIN | (no parameters)</li>
<li>Executing: UPDATE wp_actionscheduler_actions t1 JOIN ( SELECT action_id from wp_actionscheduler_actions WHERE claim_id = 0 AND scheduled_date_gmt &lt;= :param0  AND status=:param1  ORDER BY priority ASC, attempts ASC, scheduled_date_gmt ASC, action_id ASC LIMIT 25 FOR UPDATE ) t2 ON t1.action_i CONTEXT: {"error":{"type":1,"file":"/var/www/html/wp-content/plugins/woocommerce/packages/action-scheduler/classes/data-stores/ActionScheduler_DBStore.php","line":1019},"remote-logging":true,"backtrace":[{"file":"/var/www/html/wp-content/plugins/woocommerce/includes/class-woocommerce.php","line":460,"function":"critical","class":"WC_Logger","type":"->"},{"function":"log_errors","class":"WooCommerce","type":"->"}]}
2026-02-19T17:36:46+00:00 CRITICAL Uncaught RuntimeException: Unable to claim actions. Database error: <div style="clear:both">&nbsp;</div>
<div class="queries" style="clear:both;margin-bottom:2px;border:red dotted thin;">
<p>MySQL query:</p>
<p>UPDATE wp_actionscheduler_actions t1 JOIN ( SELECT action_id from wp_actionscheduler_actions WHERE claim_id = 0 AND scheduled_date_gmt <= '2026-02-19 17:36:46' AND status='pending' ORDER BY priority ASC, attempts ASC, scheduled_date_gmt ASC, action_id ASC LIMIT 25 FOR UPDATE ) t2 ON t1.action_id = t2.action_id SET claim_id=345, last_attempt_gmt='2026-02-19 17:36:46', last_attempt_local='2026-02-19 17:36:46'</p>
<p>Queries made or created this session were:</p>
<ol>
<li>Executing: BEGIN | (no parameters)</li>
<li>Executing: UPDATE wp_actionscheduler_actions t1 JOIN ( SELECT action_id from wp_actionscheduler_actions WHERE claim_id = 0 AND scheduled_date_gmt &lt;= :param0  AND status=:param1  ORDER BY priority ASC, attempts ASC, scheduled_date_gmt ASC, action_id ASC LIMIT 25 FOR UPDATE ) t2 ON t1.action_i CONTEXT: {"error":{"type":1,"file":"/var/www/html/wp-content/plugins/woocommerce/packages/action-scheduler/classes/data-stores/ActionScheduler_DBStore.php","line":1019},"remote-logging":true,"backtrace":[{"file":"/var/www/html/wp-content/plugins/woocommerce/includes/class-woocommerce.php","line":460,"function":"critical","class":"WC_Logger","type":"->"},{"function":"log_errors","class":"WooCommerce","type":"->"}]}
2026-02-19T17:36:47+00:00 CRITICAL Uncaught RuntimeException: Unable to claim actions. Database error: <div style="clear:both">&nbsp;</div>
<div class="queries" style="clear:both;margin-bottom:2px;border:red dotted thin;">
<p>MySQL query:</p>
<p>UPDATE wp_actionscheduler_actions t1 JOIN ( SELECT action_id from wp_actionscheduler_actions WHERE claim_id = 0 AND scheduled_date_gmt <= '2026-02-19 17:36:47' AND status='pending' ORDER BY priority ASC, attempts ASC, scheduled_date_gmt ASC, action_id ASC LIMIT 25 FOR UPDATE ) t2 ON t1.action_id = t2.action_id SET claim_id=346, last_attempt_gmt='2026-02-19 17:36:47', last_attempt_local='2026-02-19 17:36:47'</p>
<p>Queries made or created this session were:</p>
<ol>
<li>Executing: BEGIN | (no parameters)</li>
<li>Executing: UPDATE wp_actionscheduler_actions t1 JOIN ( SELECT action_id from wp_actionscheduler_actions WHERE claim_id = 0 AND scheduled_date_gmt &lt;= :param0  AND status=:param1  ORDER BY priority ASC, attempts ASC, scheduled_date_gmt ASC, action_id ASC LIMIT 25 FOR UPDATE ) t2 ON t1.action_i CONTEXT: {"error":{"type":1,"file":"/var/www/html/wp-content/plugins/woocommerce/packages/action-scheduler/classes/data-stores/ActionScheduler_DBStore.php","line":1019},"remote-logging":true,"backtrace":[{"file":"/var/www/html/wp-content/plugins/woocommerce/includes/class-woocommerce.php","line":460,"function":"critical","class":"WC_Logger","type":"->"},{"function":"log_errors","class":"WooCommerce","type":"->"}]}
2026-02-19T17:37:12+00:00 CRITICAL Uncaught Error: Call to undefined function wp_strtolower() in /var/www/html/wp-content/themes/themes/projectmeubelshop/functions.php:174 CONTEXT: {"error":{"type":1,"file":"/var/www/html/wp-content/themes/themes/projectmeubelshop/functions.php","line":174},"remote-logging":true,"backtrace":["","#0 /var/www/html/wp-includes/class-wp-hook.php(341): pms_render_product_filter_meta('')","#1 /var/www/html/wp-includes/class-wp-hook.php(365): WP_Hook->apply_filters(NULL, Array)","#2 /var/www/html/wp-includes/plugin.php(522): WP_Hook->do_action(Array)","#3 /var/www/html/wp-content/plugins/woocommerce/templates/content-product.php(57): do_action('woocommerce_aft...')","#4 /var/www/html/wp-includes/template.php(816): require('/var/www/html/w...')","#5 /var/www/html/wp-content/plugins/woocommerce/includes/wc-core-functions.php(285): load_template('/var/www/html/w...', false)","#6 /var/www/html/wp-content/plugins/woocommerce/includes/shortcodes/class-wc-shortcode-products.php(667): wc_get_template_part('content', 'product')","#7 /var/www/html/wp-content/plugins/woocommerce/includes/shortcodes/class-wc-shortcode-products.php(102): WC_Shortcode_Products->product_loop()","#8 /var/www"]}
2026-02-19T17:37:50+00:00 CRITICAL Uncaught Error: Call to undefined function wp_strtolower() in /var/www/html/wp-content/themes/themes/projectmeubelshop/functions.php:174 CONTEXT: {"error":{"type":1,"file":"/var/www/html/wp-content/themes/themes/projectmeubelshop/functions.php","line":174},"remote-logging":true,"backtrace":["","#0 /var/www/html/wp-includes/class-wp-hook.php(341): pms_render_product_filter_meta('')","#1 /var/www/html/wp-includes/class-wp-hook.php(365): WP_Hook->apply_filters(NULL, Array)","#2 /var/www/html/wp-includes/plugin.php(522): WP_Hook->do_action(Array)","#3 /var/www/html/wp-content/plugins/woocommerce/templates/content-product.php(57): do_action('woocommerce_aft...')","#4 /var/www/html/wp-includes/template.php(816): require('/var/www/html/w...')","#5 /var/www/html/wp-content/plugins/woocommerce/includes/wc-core-functions.php(285): load_template('/var/www/html/w...', false)","#6 /var/www/html/wp-content/plugins/woocommerce/includes/shortcodes/class-wc-shortcode-products.php(667): wc_get_template_part('content', 'product')","#7 /var/www/html/wp-content/plugins/woocommerce/includes/shortcodes/class-wc-shortcode-products.php(102): WC_Shortcode_Products->product_loop()","#8 /var/www"]}
2026-02-19T17:37:50+00:00 CRITICAL Uncaught RuntimeException: Unable to claim actions. Database error: <div style="clear:both">&nbsp;</div>
<div class="queries" style="clear:both;margin-bottom:2px;border:red dotted thin;">
<p>MySQL query:</p>
<p>UPDATE wp_actionscheduler_actions t1 JOIN ( SELECT action_id from wp_actionscheduler_actions WHERE claim_id = 0 AND scheduled_date_gmt <= '2026-02-19 17:37:50' AND status='pending' ORDER BY priority ASC, attempts ASC, scheduled_date_gmt ASC, action_id ASC LIMIT 25 FOR UPDATE ) t2 ON t1.action_id = t2.action_id SET claim_id=347, last_attempt_gmt='2026-02-19 17:37:50', last_attempt_local='2026-02-19 17:37:50'</p>
<p>Queries made or created this session were:</p>
<ol>
<li>Executing: BEGIN | (no parameters)</li>
<li>Executing: UPDATE wp_actionscheduler_actions t1 JOIN ( SELECT action_id from wp_actionscheduler_actions WHERE claim_id = 0 AND scheduled_date_gmt &lt;= :param0  AND status=:param1  ORDER BY priority ASC, attempts ASC, scheduled_date_gmt ASC, action_id ASC LIMIT 25 FOR UPDATE ) t2 ON t1.action_i CONTEXT: {"error":{"type":1,"file":"/var/www/html/wp-content/plugins/woocommerce/packages/action-scheduler/classes/data-stores/ActionScheduler_DBStore.php","line":1019},"remote-logging":true,"backtrace":[{"file":"/var/www/html/wp-content/plugins/woocommerce/includes/class-woocommerce.php","line":460,"function":"critical","class":"WC_Logger","type":"->"},{"function":"log_errors","class":"WooCommerce","type":"->"}]}
2026-02-19T17:38:02+00:00 CRITICAL Uncaught Error: Call to undefined function wp_strtolower() in /var/www/html/wp-content/themes/themes/projectmeubelshop/functions.php:174 CONTEXT: {"error":{"type":1,"file":"/var/www/html/wp-content/themes/themes/projectmeubelshop/functions.php","line":174},"remote-logging":true,"backtrace":["","#0 /var/www/html/wp-includes/class-wp-hook.php(341): pms_render_product_filter_meta('')","#1 /var/www/html/wp-includes/class-wp-hook.php(365): WP_Hook->apply_filters(NULL, Array)","#2 /var/www/html/wp-includes/plugin.php(522): WP_Hook->do_action(Array)","#3 /var/www/html/wp-content/plugins/woocommerce/templates/content-product.php(57): do_action('woocommerce_aft...')","#4 /var/www/html/wp-includes/template.php(816): require('/var/www/html/w...')","#5 /var/www/html/wp-content/plugins/woocommerce/includes/wc-core-functions.php(285): load_template('/var/www/html/w...', false)","#6 /var/www/html/wp-content/plugins/woocommerce/includes/shortcodes/class-wc-shortcode-products.php(667): wc_get_template_part('content', 'product')","#7 /var/www/html/wp-content/plugins/woocommerce/includes/shortcodes/class-wc-shortcode-products.php(102): WC_Shortcode_Products->product_loop()","#8 /var/www"]}
2026-02-19T17:38:04+00:00 CRITICAL Uncaught Error: Call to undefined function wp_strtolower() in /var/www/html/wp-content/themes/themes/projectmeubelshop/functions.php:174 CONTEXT: {"error":{"type":1,"file":"/var/www/html/wp-content/themes/themes/projectmeubelshop/functions.php","line":174},"remote-logging":true,"backtrace":["","#0 /var/www/html/wp-includes/class-wp-hook.php(341): pms_render_product_filter_meta('')","#1 /var/www/html/wp-includes/class-wp-hook.php(365): WP_Hook->apply_filters(NULL, Array)","#2 /var/www/html/wp-includes/plugin.php(522): WP_Hook->do_action(Array)","#3 /var/www/html/wp-content/plugins/woocommerce/templates/content-product.php(57): do_action('woocommerce_aft...')","#4 /var/www/html/wp-includes/template.php(816): require('/var/www/html/w...')","#5 /var/www/html/wp-content/plugins/woocommerce/includes/wc-core-functions.php(285): load_template('/var/www/html/w...', false)","#6 /var/www/html/wp-content/plugins/woocommerce/includes/shortcodes/class-wc-shortcode-products.php(667): wc_get_template_part('content', 'product')","#7 /var/www/html/wp-content/plugins/woocommerce/includes/shortcodes/class-wc-shortcode-products.php(102): WC_Shortcode_Products->product_loop()","#8 /var/www"]}
2026-02-19T17:38:05+00:00 CRITICAL Out of memory (allocated 6291456) (tried to allocate 8388608 bytes) CONTEXT: {"error":{"type":1,"file":"/var/www/html/wp-content/plugins/elementor-pro/modules/theme-elements/widgets/post-navigation.php","line":701},"remote-logging":true,"backtrace":[{"file":"/var/www/html/wp-content/plugins/woocommerce/includes/class-woocommerce.php","line":460,"function":"critical","class":"WC_Logger","type":"->"},{"function":"log_errors","class":"WooCommerce","type":"->"}]}
2026-02-19T17:38:27+00:00 CRITICAL Uncaught RuntimeException: Unable to claim actions. Database error: <div style="clear:both">&nbsp;</div>
<div class="queries" style="clear:both;margin-bottom:2px;border:red dotted thin;">
<p>MySQL query:</p>
<p>UPDATE wp_actionscheduler_actions t1 JOIN ( SELECT action_id from wp_actionscheduler_actions WHERE claim_id = 0 AND scheduled_date_gmt <= '2026-02-19 17:38:27' AND status='pending' ORDER BY priority ASC, attempts ASC, scheduled_date_gmt ASC, action_id ASC LIMIT 25 FOR UPDATE ) t2 ON t1.action_id = t2.action_id SET claim_id=348, last_attempt_gmt='2026-02-19 17:38:27', last_attempt_local='2026-02-19 17:38:27'</p>
<p>Queries made or created this session were:</p>
<ol>
<li>Executing: BEGIN | (no parameters)</li>
<li>Executing: UPDATE wp_actionscheduler_actions t1 JOIN ( SELECT action_id from wp_actionscheduler_actions WHERE claim_id = 0 AND scheduled_date_gmt &lt;= :param0  AND status=:param1  ORDER BY priority ASC, attempts ASC, scheduled_date_gmt ASC, action_id ASC LIMIT 25 FOR UPDATE ) t2 ON t1.action_i CONTEXT: {"error":{"type":1,"file":"/var/www/html/wp-content/plugins/woocommerce/packages/action-scheduler/classes/data-stores/ActionScheduler_DBStore.php","line":1019},"remote-logging":true,"backtrace":[{"file":"/var/www/html/wp-content/plugins/woocommerce/includes/class-woocommerce.php","line":460,"function":"critical","class":"WC_Logger","type":"->"},{"function":"log_errors","class":"WooCommerce","type":"->"}]}
2026-02-19T17:38:51+00:00 CRITICAL Uncaught RuntimeException: Unable to claim actions. Database error: <div style="clear:both">&nbsp;</div>
<div class="queries" style="clear:both;margin-bottom:2px;border:red dotted thin;">
<p>MySQL query:</p>
<p>UPDATE wp_actionscheduler_actions t1 JOIN ( SELECT action_id from wp_actionscheduler_actions WHERE claim_id = 0 AND scheduled_date_gmt <= '2026-02-19 17:38:51' AND status='pending' ORDER BY priority ASC, attempts ASC, scheduled_date_gmt ASC, action_id ASC LIMIT 25 FOR UPDATE ) t2 ON t1.action_id = t2.action_id SET claim_id=349, last_attempt_gmt='2026-02-19 17:38:51', last_attempt_local='2026-02-19 17:38:51'</p>
<p>Queries made or created this session were:</p>
<ol>
<li>Executing: BEGIN | (no parameters)</li>
<li>Executing: UPDATE wp_actionscheduler_actions t1 JOIN ( SELECT action_id from wp_actionscheduler_actions WHERE claim_id = 0 AND scheduled_date_gmt &lt;= :param0  AND status=:param1  ORDER BY priority ASC, attempts ASC, scheduled_date_gmt ASC, action_id ASC LIMIT 25 FOR UPDATE ) t2 ON t1.action_i CONTEXT: {"error":{"type":1,"file":"/var/www/html/wp-content/plugins/woocommerce/packages/action-scheduler/classes/data-stores/ActionScheduler_DBStore.php","line":1019},"remote-logging":true,"backtrace":[{"file":"/var/www/html/wp-content/plugins/woocommerce/includes/class-woocommerce.php","line":460,"function":"critical","class":"WC_Logger","type":"->"},{"function":"log_errors","class":"WooCommerce","type":"->"}]}
2026-02-19T17:38:53+00:00 CRITICAL Uncaught Error: Call to undefined function wp_strtolower() in /var/www/html/wp-content/themes/themes/projectmeubelshop/functions.php:174 CONTEXT: {"error":{"type":1,"file":"/var/www/html/wp-content/themes/themes/projectmeubelshop/functions.php","line":174},"remote-logging":true,"backtrace":["","#0 /var/www/html/wp-includes/class-wp-hook.php(341): pms_render_product_filter_meta('')","#1 /var/www/html/wp-includes/class-wp-hook.php(365): WP_Hook->apply_filters(NULL, Array)","#2 /var/www/html/wp-includes/plugin.php(522): WP_Hook->do_action(Array)","#3 /var/www/html/wp-content/plugins/woocommerce/templates/content-product.php(57): do_action('woocommerce_aft...')","#4 /var/www/html/wp-includes/template.php(816): require('/var/www/html/w...')","#5 /var/www/html/wp-content/plugins/woocommerce/includes/wc-core-functions.php(285): load_template('/var/www/html/w...', false)","#6 /var/www/html/wp-content/plugins/woocommerce/includes/shortcodes/class-wc-shortcode-products.php(667): wc_get_template_part('content', 'product')","#7 /var/www/html/wp-content/plugins/woocommerce/includes/shortcodes/class-wc-shortcode-products.php(102): WC_Shortcode_Products->product_loop()","#8 /var/www"]}
2026-02-19T17:39:03+00:00 CRITICAL Uncaught Error: Call to undefined function wp_strtolower() in /var/www/html/wp-content/themes/themes/projectmeubelshop/functions.php:174 CONTEXT: {"error":{"type":1,"file":"/var/www/html/wp-content/themes/themes/projectmeubelshop/functions.php","line":174},"remote-logging":true,"backtrace":["","#0 /var/www/html/wp-includes/class-wp-hook.php(341): pms_render_product_filter_meta('')","#1 /var/www/html/wp-includes/class-wp-hook.php(365): WP_Hook->apply_filters(NULL, Array)","#2 /var/www/html/wp-includes/plugin.php(522): WP_Hook->do_action(Array)","#3 /var/www/html/wp-content/plugins/woocommerce/templates/content-product.php(57): do_action('woocommerce_aft...')","#4 /var/www/html/wp-includes/template.php(816): require('/var/www/html/w...')","#5 /var/www/html/wp-content/plugins/woocommerce/includes/wc-core-functions.php(285): load_template('/var/www/html/w...', false)","#6 /var/www/html/wp-content/plugins/woocommerce/includes/shortcodes/class-wc-shortcode-products.php(667): wc_get_template_part('content', 'product')","#7 /var/www/html/wp-content/plugins/woocommerce/includes/shortcodes/class-wc-shortcode-products.php(102): WC_Shortcode_Products->product_loop()","#8 /var/www"]}
2026-02-19T17:39:29+00:00 CRITICAL Uncaught Error: Call to undefined function wp_strtolower() in /var/www/html/wp-content/themes/themes/projectmeubelshop/functions.php:174 CONTEXT: {"error":{"type":1,"file":"/var/www/html/wp-content/themes/themes/projectmeubelshop/functions.php","line":174},"remote-logging":true,"backtrace":["","#0 /var/www/html/wp-includes/class-wp-hook.php(341): pms_render_product_filter_meta('')","#1 /var/www/html/wp-includes/class-wp-hook.php(365): WP_Hook->apply_filters(NULL, Array)","#2 /var/www/html/wp-includes/plugin.php(522): WP_Hook->do_action(Array)","#3 /var/www/html/wp-content/plugins/woocommerce/templates/content-product.php(57): do_action('woocommerce_aft...')","#4 /var/www/html/wp-includes/template.php(816): require('/var/www/html/w...')","#5 /var/www/html/wp-content/plugins/woocommerce/includes/wc-core-functions.php(285): load_template('/var/www/html/w...', false)","#6 /var/www/html/wp-content/plugins/woocommerce/includes/shortcodes/class-wc-shortcode-products.php(667): wc_get_template_part('content', 'product')","#7 /var/www/html/wp-content/plugins/woocommerce/includes/shortcodes/class-wc-shortcode-products.php(102): WC_Shortcode_Products->product_loop()","#8 /var/www"]}
2026-02-19T17:39:56+00:00 CRITICAL Uncaught Error: Call to undefined function wp_strtolower() in /var/www/html/wp-content/themes/themes/projectmeubelshop/functions.php:174 CONTEXT: {"error":{"type":1,"file":"/var/www/html/wp-content/themes/themes/projectmeubelshop/functions.php","line":174},"remote-logging":true,"backtrace":["","#0 /var/www/html/wp-includes/class-wp-hook.php(341): pms_render_product_filter_meta('')","#1 /var/www/html/wp-includes/class-wp-hook.php(365): WP_Hook->apply_filters(NULL, Array)","#2 /var/www/html/wp-includes/plugin.php(522): WP_Hook->do_action(Array)","#3 /var/www/html/wp-content/plugins/woocommerce/templates/content-product.php(57): do_action('woocommerce_aft...')","#4 /var/www/html/wp-includes/template.php(816): require('/var/www/html/w...')","#5 /var/www/html/wp-content/plugins/woocommerce/includes/wc-core-functions.php(285): load_template('/var/www/html/w...', false)","#6 /var/www/html/wp-content/plugins/woocommerce/includes/shortcodes/class-wc-shortcode-products.php(667): wc_get_template_part('content', 'product')","#7 /var/www/html/wp-content/plugins/woocommerce/includes/shortcodes/class-wc-shortcode-products.php(102): WC_Shortcode_Products->product_loop()","#8 /var/www"]}
2026-02-19T17:39:57+00:00 CRITICAL Uncaught RuntimeException: Unable to claim actions. Database error: <div style="clear:both">&nbsp;</div>
<div class="queries" style="clear:both;margin-bottom:2px;border:red dotted thin;">
<p>MySQL query:</p>
<p>UPDATE wp_actionscheduler_actions t1 JOIN ( SELECT action_id from wp_actionscheduler_actions WHERE claim_id = 0 AND scheduled_date_gmt <= '2026-02-19 17:39:57' AND status='pending' ORDER BY priority ASC, attempts ASC, scheduled_date_gmt ASC, action_id ASC LIMIT 25 FOR UPDATE ) t2 ON t1.action_id = t2.action_id SET claim_id=350, last_attempt_gmt='2026-02-19 17:39:57', last_attempt_local='2026-02-19 17:39:57'</p>
<p>Queries made or created this session were:</p>
<ol>
<li>Executing: BEGIN | (no parameters)</li>
<li>Executing: UPDATE wp_actionscheduler_actions t1 JOIN ( SELECT action_id from wp_actionscheduler_actions WHERE claim_id = 0 AND scheduled_date_gmt &lt;= :param0  AND status=:param1  ORDER BY priority ASC, attempts ASC, scheduled_date_gmt ASC, action_id ASC LIMIT 25 FOR UPDATE ) t2 ON t1.action_i CONTEXT: {"error":{"type":1,"file":"/var/www/html/wp-content/plugins/woocommerce/packages/action-scheduler/classes/data-stores/ActionScheduler_DBStore.php","line":1019},"remote-logging":true,"backtrace":[{"file":"/var/www/html/wp-content/plugins/woocommerce/includes/class-woocommerce.php","line":460,"function":"critical","class":"WC_Logger","type":"->"},{"function":"log_errors","class":"WooCommerce","type":"->"}]}
2026-02-19T17:39:59+00:00 CRITICAL Uncaught Error: Call to undefined function wp_strtolower() in /var/www/html/wp-content/themes/themes/projectmeubelshop/functions.php:174 CONTEXT: {"error":{"type":1,"file":"/var/www/html/wp-content/themes/themes/projectmeubelshop/functions.php","line":174},"remote-logging":true,"backtrace":["","#0 /var/www/html/wp-includes/class-wp-hook.php(341): pms_render_product_filter_meta('')","#1 /var/www/html/wp-includes/class-wp-hook.php(365): WP_Hook->apply_filters(NULL, Array)","#2 /var/www/html/wp-includes/plugin.php(522): WP_Hook->do_action(Array)","#3 /var/www/html/wp-content/plugins/woocommerce/templates/content-product.php(57): do_action('woocommerce_aft...')","#4 /var/www/html/wp-includes/template.php(816): require('/var/www/html/w...')","#5 /var/www/html/wp-content/plugins/woocommerce/includes/wc-core-functions.php(285): load_template('/var/www/html/w...', false)","#6 /var/www/html/wp-content/plugins/woocommerce/includes/shortcodes/class-wc-shortcode-products.php(667): wc_get_template_part('content', 'product')","#7 /var/www/html/wp-content/plugins/woocommerce/includes/shortcodes/class-wc-shortcode-products.php(102): WC_Shortcode_Products->product_loop()","#8 /var/www"]}
2026-02-19T17:40:52+00:00 CRITICAL Uncaught RuntimeException: Unable to claim actions. Database error: <div style="clear:both">&nbsp;</div>
<div class="queries" style="clear:both;margin-bottom:2px;border:red dotted thin;">
<p>MySQL query:</p>
<p>UPDATE wp_actionscheduler_actions t1 JOIN ( SELECT action_id from wp_actionscheduler_actions WHERE claim_id = 0 AND scheduled_date_gmt <= '2026-02-19 17:40:52' AND status='pending' ORDER BY priority ASC, attempts ASC, scheduled_date_gmt ASC, action_id ASC LIMIT 25 FOR UPDATE ) t2 ON t1.action_id = t2.action_id SET claim_id=351, last_attempt_gmt='2026-02-19 17:40:52', last_attempt_local='2026-02-19 17:40:52'</p>
<p>Queries made or created this session were:</p>
<ol>
<li>Executing: BEGIN | (no parameters)</li>
<li>Executing: UPDATE wp_actionscheduler_actions t1 JOIN ( SELECT action_id from wp_actionscheduler_actions WHERE claim_id = 0 AND scheduled_date_gmt &lt;= :param0  AND status=:param1  ORDER BY priority ASC, attempts ASC, scheduled_date_gmt ASC, action_id ASC LIMIT 25 FOR UPDATE ) t2 ON t1.action_i CONTEXT: {"error":{"type":1,"file":"/var/www/html/wp-content/plugins/woocommerce/packages/action-scheduler/classes/data-stores/ActionScheduler_DBStore.php","line":1019},"remote-logging":true,"backtrace":[{"file":"/var/www/html/wp-content/plugins/woocommerce/includes/class-woocommerce.php","line":460,"function":"critical","class":"WC_Logger","type":"->"},{"function":"log_errors","class":"WooCommerce","type":"->"}]}
2026-02-19T17:41:15+00:00 CRITICAL Uncaught RuntimeException: Unable to claim actions. Database error: <div style="clear:both">&nbsp;</div>
<div class="queries" style="clear:both;margin-bottom:2px;border:red dotted thin;">
<p>MySQL query:</p>
<p>UPDATE wp_actionscheduler_actions t1 JOIN ( SELECT action_id from wp_actionscheduler_actions WHERE claim_id = 0 AND scheduled_date_gmt <= '2026-02-19 17:41:15' AND status='pending' ORDER BY priority ASC, attempts ASC, scheduled_date_gmt ASC, action_id ASC LIMIT 25 FOR UPDATE ) t2 ON t1.action_id = t2.action_id SET claim_id=352, last_attempt_gmt='2026-02-19 17:41:15', last_attempt_local='2026-02-19 17:41:15'</p>
<p>Queries made or created this session were:</p>
<ol>
<li>Executing: BEGIN | (no parameters)</li>
<li>Executing: UPDATE wp_actionscheduler_actions t1 JOIN ( SELECT action_id from wp_actionscheduler_actions WHERE claim_id = 0 AND scheduled_date_gmt &lt;= :param0  AND status=:param1  ORDER BY priority ASC, attempts ASC, scheduled_date_gmt ASC, action_id ASC LIMIT 25 FOR UPDATE ) t2 ON t1.action_i CONTEXT: {"error":{"type":1,"file":"/var/www/html/wp-content/plugins/woocommerce/packages/action-scheduler/classes/data-stores/ActionScheduler_DBStore.php","line":1019},"remote-logging":true,"backtrace":[{"file":"/var/www/html/wp-content/plugins/woocommerce/includes/class-woocommerce.php","line":460,"function":"critical","class":"WC_Logger","type":"->"},{"function":"log_errors","class":"WooCommerce","type":"->"}]}
2026-02-19T17:42:54+00:00 CRITICAL Uncaught RuntimeException: Unable to claim actions. Database error: <div style="clear:both">&nbsp;</div>
<div class="queries" style="clear:both;margin-bottom:2px;border:red dotted thin;">
<p>MySQL query:</p>
<p>UPDATE wp_actionscheduler_actions t1 JOIN ( SELECT action_id from wp_actionscheduler_actions WHERE claim_id = 0 AND scheduled_date_gmt <= '2026-02-19 17:42:54' AND status='pending' ORDER BY priority ASC, attempts ASC, scheduled_date_gmt ASC, action_id ASC LIMIT 25 FOR UPDATE ) t2 ON t1.action_id = t2.action_id SET claim_id=353, last_attempt_gmt='2026-02-19 17:42:54', last_attempt_local='2026-02-19 17:42:54'</p>
<p>Queries made or created this session were:</p>
<ol>
<li>Executing: BEGIN | (no parameters)</li>
<li>Executing: UPDATE wp_actionscheduler_actions t1 JOIN ( SELECT action_id from wp_actionscheduler_actions WHERE claim_id = 0 AND scheduled_date_gmt &lt;= :param0  AND status=:param1  ORDER BY priority ASC, attempts ASC, scheduled_date_gmt ASC, action_id ASC LIMIT 25 FOR UPDATE ) t2 ON t1.action_i CONTEXT: {"error":{"type":1,"file":"/var/www/html/wp-content/plugins/woocommerce/packages/action-scheduler/classes/data-stores/ActionScheduler_DBStore.php","line":1019},"remote-logging":true,"backtrace":[{"file":"/var/www/html/wp-content/plugins/woocommerce/includes/class-woocommerce.php","line":460,"function":"critical","class":"WC_Logger","type":"->"},{"function":"log_errors","class":"WooCommerce","type":"->"}]}
2026-02-19T17:42:55+00:00 CRITICAL Uncaught RuntimeException: Unable to claim actions. Database error: <div style="clear:both">&nbsp;</div>
<div class="queries" style="clear:both;margin-bottom:2px;border:red dotted thin;">
<p>MySQL query:</p>
<p>UPDATE wp_actionscheduler_actions t1 JOIN ( SELECT action_id from wp_actionscheduler_actions WHERE claim_id = 0 AND scheduled_date_gmt <= '2026-02-19 17:42:55' AND status='pending' ORDER BY priority ASC, attempts ASC, scheduled_date_gmt ASC, action_id ASC LIMIT 25 FOR UPDATE ) t2 ON t1.action_id = t2.action_id SET claim_id=354, last_attempt_gmt='2026-02-19 17:42:55', last_attempt_local='2026-02-19 17:42:55'</p>
<p>Queries made or created this session were:</p>
<ol>
<li>Executing: BEGIN | (no parameters)</li>
<li>Executing: UPDATE wp_actionscheduler_actions t1 JOIN ( SELECT action_id from wp_actionscheduler_actions WHERE claim_id = 0 AND scheduled_date_gmt &lt;= :param0  AND status=:param1  ORDER BY priority ASC, attempts ASC, scheduled_date_gmt ASC, action_id ASC LIMIT 25 FOR UPDATE ) t2 ON t1.action_i CONTEXT: {"error":{"type":1,"file":"/var/www/html/wp-content/plugins/woocommerce/packages/action-scheduler/classes/data-stores/ActionScheduler_DBStore.php","line":1019},"remote-logging":true,"backtrace":[{"file":"/var/www/html/wp-content/plugins/woocommerce/includes/class-woocommerce.php","line":460,"function":"critical","class":"WC_Logger","type":"->"},{"function":"log_errors","class":"WooCommerce","type":"->"}]}
2026-02-19T17:43:57+00:00 CRITICAL Uncaught RuntimeException: Unable to claim actions. Database error: <div style="clear:both">&nbsp;</div>
<div class="queries" style="clear:both;margin-bottom:2px;border:red dotted thin;">
<p>MySQL query:</p>
<p>UPDATE wp_actionscheduler_actions t1 JOIN ( SELECT action_id from wp_actionscheduler_actions WHERE claim_id = 0 AND scheduled_date_gmt <= '2026-02-19 17:43:57' AND status='pending' ORDER BY priority ASC, attempts ASC, scheduled_date_gmt ASC, action_id ASC LIMIT 25 FOR UPDATE ) t2 ON t1.action_id = t2.action_id SET claim_id=355, last_attempt_gmt='2026-02-19 17:43:57', last_attempt_local='2026-02-19 17:43:57'</p>
<p>Queries made or created this session were:</p>
<ol>
<li>Executing: BEGIN | (no parameters)</li>
<li>Executing: UPDATE wp_actionscheduler_actions t1 JOIN ( SELECT action_id from wp_actionscheduler_actions WHERE claim_id = 0 AND scheduled_date_gmt &lt;= :param0  AND status=:param1  ORDER BY priority ASC, attempts ASC, scheduled_date_gmt ASC, action_id ASC LIMIT 25 FOR UPDATE ) t2 ON t1.action_i CONTEXT: {"error":{"type":1,"file":"/var/www/html/wp-content/plugins/woocommerce/packages/action-scheduler/classes/data-stores/ActionScheduler_DBStore.php","line":1019},"remote-logging":true,"backtrace":[{"file":"/var/www/html/wp-content/plugins/woocommerce/includes/class-woocommerce.php","line":460,"function":"critical","class":"WC_Logger","type":"->"},{"function":"log_errors","class":"WooCommerce","type":"->"}]}
2026-02-19T17:43:58+00:00 CRITICAL Uncaught RuntimeException: Unable to claim actions. Database error: <div style="clear:both">&nbsp;</div>
<div class="queries" style="clear:both;margin-bottom:2px;border:red dotted thin;">
<p>MySQL query:</p>
<p>UPDATE wp_actionscheduler_actions t1 JOIN ( SELECT action_id from wp_actionscheduler_actions WHERE claim_id = 0 AND scheduled_date_gmt <= '2026-02-19 17:43:58' AND status='pending' ORDER BY priority ASC, attempts ASC, scheduled_date_gmt ASC, action_id ASC LIMIT 25 FOR UPDATE ) t2 ON t1.action_id = t2.action_id SET claim_id=356, last_attempt_gmt='2026-02-19 17:43:58', last_attempt_local='2026-02-19 17:43:58'</p>
<p>Queries made or created this session were:</p>
<ol>
<li>Executing: BEGIN | (no parameters)</li>
<li>Executing: UPDATE wp_actionscheduler_actions t1 JOIN ( SELECT action_id from wp_actionscheduler_actions WHERE claim_id = 0 AND scheduled_date_gmt &lt;= :param0  AND status=:param1  ORDER BY priority ASC, attempts ASC, scheduled_date_gmt ASC, action_id ASC LIMIT 25 FOR UPDATE ) t2 ON t1.action_i CONTEXT: {"error":{"type":1,"file":"/var/www/html/wp-content/plugins/woocommerce/packages/action-scheduler/classes/data-stores/ActionScheduler_DBStore.php","line":1019},"remote-logging":true,"backtrace":[{"file":"/var/www/html/wp-content/plugins/woocommerce/includes/class-woocommerce.php","line":460,"function":"critical","class":"WC_Logger","type":"->"},{"function":"log_errors","class":"WooCommerce","type":"->"}]}
2026-02-19T17:44:58+00:00 CRITICAL Uncaught RuntimeException: Unable to claim actions. Database error: <div style="clear:both">&nbsp;</div>
<div class="queries" style="clear:both;margin-bottom:2px;border:red dotted thin;">
<p>MySQL query:</p>
<p>UPDATE wp_actionscheduler_actions t1 JOIN ( SELECT action_id from wp_actionscheduler_actions WHERE claim_id = 0 AND scheduled_date_gmt <= '2026-02-19 17:44:58' AND status='pending' ORDER BY priority ASC, attempts ASC, scheduled_date_gmt ASC, action_id ASC LIMIT 25 FOR UPDATE ) t2 ON t1.action_id = t2.action_id SET claim_id=357, last_attempt_gmt='2026-02-19 17:44:58', last_attempt_local='2026-02-19 17:44:58'</p>
<p>Queries made or created this session were:</p>
<ol>
<li>Executing: BEGIN | (no parameters)</li>
<li>Executing: UPDATE wp_actionscheduler_actions t1 JOIN ( SELECT action_id from wp_actionscheduler_actions WHERE claim_id = 0 AND scheduled_date_gmt &lt;= :param0  AND status=:param1  ORDER BY priority ASC, attempts ASC, scheduled_date_gmt ASC, action_id ASC LIMIT 25 FOR UPDATE ) t2 ON t1.action_i CONTEXT: {"error":{"type":1,"file":"/var/www/html/wp-content/plugins/woocommerce/packages/action-scheduler/classes/data-stores/ActionScheduler_DBStore.php","line":1019},"remote-logging":true,"backtrace":[{"file":"/var/www/html/wp-content/plugins/woocommerce/includes/class-woocommerce.php","line":460,"function":"critical","class":"WC_Logger","type":"->"},{"function":"log_errors","class":"WooCommerce","type":"->"}]}
2026-02-19T17:46:56+00:00 CRITICAL Uncaught RuntimeException: Unable to claim actions. Database error: <div style="clear:both">&nbsp;</div>
<div class="queries" style="clear:both;margin-bottom:2px;border:red dotted thin;">
<p>MySQL query:</p>
<p>UPDATE wp_actionscheduler_actions t1 JOIN ( SELECT action_id from wp_actionscheduler_actions WHERE claim_id = 0 AND scheduled_date_gmt <= '2026-02-19 17:46:56' AND status='pending' ORDER BY priority ASC, attempts ASC, scheduled_date_gmt ASC, action_id ASC LIMIT 25 FOR UPDATE ) t2 ON t1.action_id = t2.action_id SET claim_id=358, last_attempt_gmt='2026-02-19 17:46:56', last_attempt_local='2026-02-19 17:46:56'</p>
<p>Queries made or created this session were:</p>
<ol>
<li>Executing: BEGIN | (no parameters)</li>
<li>Executing: UPDATE wp_actionscheduler_actions t1 JOIN ( SELECT action_id from wp_actionscheduler_actions WHERE claim_id = 0 AND scheduled_date_gmt &lt;= :param0  AND status=:param1  ORDER BY priority ASC, attempts ASC, scheduled_date_gmt ASC, action_id ASC LIMIT 25 FOR UPDATE ) t2 ON t1.action_i CONTEXT: {"error":{"type":1,"file":"/var/www/html/wp-content/plugins/woocommerce/packages/action-scheduler/classes/data-stores/ActionScheduler_DBStore.php","line":1019},"remote-logging":true,"backtrace":[{"file":"/var/www/html/wp-content/plugins/woocommerce/includes/class-woocommerce.php","line":460,"function":"critical","class":"WC_Logger","type":"->"},{"function":"log_errors","class":"WooCommerce","type":"->"}]}
2026-02-19T17:46:57+00:00 CRITICAL Uncaught RuntimeException: Unable to claim actions. Database error: <div style="clear:both">&nbsp;</div>
<div class="queries" style="clear:both;margin-bottom:2px;border:red dotted thin;">
<p>MySQL query:</p>
<p>UPDATE wp_actionscheduler_actions t1 JOIN ( SELECT action_id from wp_actionscheduler_actions WHERE claim_id = 0 AND scheduled_date_gmt <= '2026-02-19 17:46:57' AND status='pending' ORDER BY priority ASC, attempts ASC, scheduled_date_gmt ASC, action_id ASC LIMIT 25 FOR UPDATE ) t2 ON t1.action_id = t2.action_id SET claim_id=359, last_attempt_gmt='2026-02-19 17:46:57', last_attempt_local='2026-02-19 17:46:57'</p>
<p>Queries made or created this session were:</p>
<ol>
<li>Executing: BEGIN | (no parameters)</li>
<li>Executing: UPDATE wp_actionscheduler_actions t1 JOIN ( SELECT action_id from wp_actionscheduler_actions WHERE claim_id = 0 AND scheduled_date_gmt &lt;= :param0  AND status=:param1  ORDER BY priority ASC, attempts ASC, scheduled_date_gmt ASC, action_id ASC LIMIT 25 FOR UPDATE ) t2 ON t1.action_i CONTEXT: {"error":{"type":1,"file":"/var/www/html/wp-content/plugins/woocommerce/packages/action-scheduler/classes/data-stores/ActionScheduler_DBStore.php","line":1019},"remote-logging":true,"backtrace":[{"file":"/var/www/html/wp-content/plugins/woocommerce/includes/class-woocommerce.php","line":460,"function":"critical","class":"WC_Logger","type":"->"},{"function":"log_errors","class":"WooCommerce","type":"->"}]}
2026-02-19T17:47:59+00:00 CRITICAL Uncaught RuntimeException: Unable to claim actions. Database error: <div style="clear:both">&nbsp;</div>
<div class="queries" style="clear:both;margin-bottom:2px;border:red dotted thin;">
<p>MySQL query:</p>
<p>UPDATE wp_actionscheduler_actions t1 JOIN ( SELECT action_id from wp_actionscheduler_actions WHERE claim_id = 0 AND scheduled_date_gmt <= '2026-02-19 17:47:59' AND status='pending' ORDER BY priority ASC, attempts ASC, scheduled_date_gmt ASC, action_id ASC LIMIT 25 FOR UPDATE ) t2 ON t1.action_id = t2.action_id SET claim_id=360, last_attempt_gmt='2026-02-19 17:47:59', last_attempt_local='2026-02-19 17:47:59'</p>
<p>Queries made or created this session were:</p>
<ol>
<li>Executing: BEGIN | (no parameters)</li>
<li>Executing: UPDATE wp_actionscheduler_actions t1 JOIN ( SELECT action_id from wp_actionscheduler_actions WHERE claim_id = 0 AND scheduled_date_gmt &lt;= :param0  AND status=:param1  ORDER BY priority ASC, attempts ASC, scheduled_date_gmt ASC, action_id ASC LIMIT 25 FOR UPDATE ) t2 ON t1.action_i CONTEXT: {"error":{"type":1,"file":"/var/www/html/wp-content/plugins/woocommerce/packages/action-scheduler/classes/data-stores/ActionScheduler_DBStore.php","line":1019},"remote-logging":true,"backtrace":[{"file":"/var/www/html/wp-content/plugins/woocommerce/includes/class-woocommerce.php","line":460,"function":"critical","class":"WC_Logger","type":"->"},{"function":"log_errors","class":"WooCommerce","type":"->"}]}
2026-02-19T17:48:00+00:00 CRITICAL Uncaught RuntimeException: Unable to claim actions. Database error: <div style="clear:both">&nbsp;</div>
<div class="queries" style="clear:both;margin-bottom:2px;border:red dotted thin;">
<p>MySQL query:</p>
<p>UPDATE wp_actionscheduler_actions t1 JOIN ( SELECT action_id from wp_actionscheduler_actions WHERE claim_id = 0 AND scheduled_date_gmt <= '2026-02-19 17:47:59' AND status='pending' ORDER BY priority ASC, attempts ASC, scheduled_date_gmt ASC, action_id ASC LIMIT 25 FOR UPDATE ) t2 ON t1.action_id = t2.action_id SET claim_id=361, last_attempt_gmt='2026-02-19 17:47:59', last_attempt_local='2026-02-19 17:47:59'</p>
<p>Queries made or created this session were:</p>
<ol>
<li>Executing: BEGIN | (no parameters)</li>
<li>Executing: UPDATE wp_actionscheduler_actions t1 JOIN ( SELECT action_id from wp_actionscheduler_actions WHERE claim_id = 0 AND scheduled_date_gmt &lt;= :param0  AND status=:param1  ORDER BY priority ASC, attempts ASC, scheduled_date_gmt ASC, action_id ASC LIMIT 25 FOR UPDATE ) t2 ON t1.action_i CONTEXT: {"error":{"type":1,"file":"/var/www/html/wp-content/plugins/woocommerce/packages/action-scheduler/classes/data-stores/ActionScheduler_DBStore.php","line":1019},"remote-logging":true,"backtrace":[{"file":"/var/www/html/wp-content/plugins/woocommerce/includes/class-woocommerce.php","line":460,"function":"critical","class":"WC_Logger","type":"->"},{"function":"log_errors","class":"WooCommerce","type":"->"}]}
2026-02-19T17:49:00+00:00 CRITICAL Uncaught RuntimeException: Unable to claim actions. Database error: <div style="clear:both">&nbsp;</div>
<div class="queries" style="clear:both;margin-bottom:2px;border:red dotted thin;">
<p>MySQL query:</p>
<p>UPDATE wp_actionscheduler_actions t1 JOIN ( SELECT action_id from wp_actionscheduler_actions WHERE claim_id = 0 AND scheduled_date_gmt <= '2026-02-19 17:49:00' AND status='pending' ORDER BY priority ASC, attempts ASC, scheduled_date_gmt ASC, action_id ASC LIMIT 25 FOR UPDATE ) t2 ON t1.action_id = t2.action_id SET claim_id=362, last_attempt_gmt='2026-02-19 17:49:00', last_attempt_local='2026-02-19 17:49:00'</p>
<p>Queries made or created this session were:</p>
<ol>
<li>Executing: BEGIN | (no parameters)</li>
<li>Executing: UPDATE wp_actionscheduler_actions t1 JOIN ( SELECT action_id from wp_actionscheduler_actions WHERE claim_id = 0 AND scheduled_date_gmt &lt;= :param0  AND status=:param1  ORDER BY priority ASC, attempts ASC, scheduled_date_gmt ASC, action_id ASC LIMIT 25 FOR UPDATE ) t2 ON t1.action_i CONTEXT: {"error":{"type":1,"file":"/var/www/html/wp-content/plugins/woocommerce/packages/action-scheduler/classes/data-stores/ActionScheduler_DBStore.php","line":1019},"remote-logging":true,"backtrace":[{"file":"/var/www/html/wp-content/plugins/woocommerce/includes/class-woocommerce.php","line":460,"function":"critical","class":"WC_Logger","type":"->"},{"function":"log_errors","class":"WooCommerce","type":"->"}]}
2026-02-19T17:49:00+00:00 CRITICAL Uncaught RuntimeException: Unable to claim actions. Database error: <div style="clear:both">&nbsp;</div>
<div class="queries" style="clear:both;margin-bottom:2px;border:red dotted thin;">
<p>MySQL query:</p>
<p>UPDATE wp_actionscheduler_actions t1 JOIN ( SELECT action_id from wp_actionscheduler_actions WHERE claim_id = 0 AND scheduled_date_gmt <= '2026-02-19 17:49:00' AND status='pending' ORDER BY priority ASC, attempts ASC, scheduled_date_gmt ASC, action_id ASC LIMIT 25 FOR UPDATE ) t2 ON t1.action_id = t2.action_id SET claim_id=363, last_attempt_gmt='2026-02-19 17:49:00', last_attempt_local='2026-02-19 17:49:00'</p>
<p>Queries made or created this session were:</p>
<ol>
<li>Executing: BEGIN | (no parameters)</li>
<li>Executing: UPDATE wp_actionscheduler_actions t1 JOIN ( SELECT action_id from wp_actionscheduler_actions WHERE claim_id = 0 AND scheduled_date_gmt &lt;= :param0  AND status=:param1  ORDER BY priority ASC, attempts ASC, scheduled_date_gmt ASC, action_id ASC LIMIT 25 FOR UPDATE ) t2 ON t1.action_i CONTEXT: {"error":{"type":1,"file":"/var/www/html/wp-content/plugins/woocommerce/packages/action-scheduler/classes/data-stores/ActionScheduler_DBStore.php","line":1019},"remote-logging":true,"backtrace":[{"file":"/var/www/html/wp-content/plugins/woocommerce/includes/class-woocommerce.php","line":460,"function":"critical","class":"WC_Logger","type":"->"},{"function":"log_errors","class":"WooCommerce","type":"->"}]}
2026-02-19T17:50:02+00:00 CRITICAL Uncaught RuntimeException: Unable to claim actions. Database error: <div style="clear:both">&nbsp;</div>
<div class="queries" style="clear:both;margin-bottom:2px;border:red dotted thin;">
<p>MySQL query:</p>
<p>UPDATE wp_actionscheduler_actions t1 JOIN ( SELECT action_id from wp_actionscheduler_actions WHERE claim_id = 0 AND scheduled_date_gmt <= '2026-02-19 17:50:02' AND status='pending' ORDER BY priority ASC, attempts ASC, scheduled_date_gmt ASC, action_id ASC LIMIT 25 FOR UPDATE ) t2 ON t1.action_id = t2.action_id SET claim_id=364, last_attempt_gmt='2026-02-19 17:50:02', last_attempt_local='2026-02-19 17:50:02'</p>
<p>Queries made or created this session were:</p>
<ol>
<li>Executing: BEGIN | (no parameters)</li>
<li>Executing: UPDATE wp_actionscheduler_actions t1 JOIN ( SELECT action_id from wp_actionscheduler_actions WHERE claim_id = 0 AND scheduled_date_gmt &lt;= :param0  AND status=:param1  ORDER BY priority ASC, attempts ASC, scheduled_date_gmt ASC, action_id ASC LIMIT 25 FOR UPDATE ) t2 ON t1.action_i CONTEXT: {"error":{"type":1,"file":"/var/www/html/wp-content/plugins/woocommerce/packages/action-scheduler/classes/data-stores/ActionScheduler_DBStore.php","line":1019},"remote-logging":true,"backtrace":[{"file":"/var/www/html/wp-content/plugins/woocommerce/includes/class-woocommerce.php","line":460,"function":"critical","class":"WC_Logger","type":"->"},{"function":"log_errors","class":"WooCommerce","type":"->"}]}
2026-02-19T17:50:10+00:00 CRITICAL Uncaught RuntimeException: Unable to claim actions. Database error: <div style="clear:both">&nbsp;</div>
<div class="queries" style="clear:both;margin-bottom:2px;border:red dotted thin;">
<p>MySQL query:</p>
<p>UPDATE wp_actionscheduler_actions t1 JOIN ( SELECT action_id from wp_actionscheduler_actions WHERE claim_id = 0 AND scheduled_date_gmt <= '2026-02-19 17:50:10' AND status='pending' ORDER BY priority ASC, attempts ASC, scheduled_date_gmt ASC, action_id ASC LIMIT 25 FOR UPDATE ) t2 ON t1.action_id = t2.action_id SET claim_id=365, last_attempt_gmt='2026-02-19 17:50:10', last_attempt_local='2026-02-19 17:50:10'</p>
<p>Queries made or created this session were:</p>
<ol>
<li>Executing: BEGIN | (no parameters)</li>
<li>Executing: UPDATE wp_actionscheduler_actions t1 JOIN ( SELECT action_id from wp_actionscheduler_actions WHERE claim_id = 0 AND scheduled_date_gmt &lt;= :param0  AND status=:param1  ORDER BY priority ASC, attempts ASC, scheduled_date_gmt ASC, action_id ASC LIMIT 25 FOR UPDATE ) t2 ON t1.action_i CONTEXT: {"error":{"type":1,"file":"/var/www/html/wp-content/plugins/woocommerce/packages/action-scheduler/classes/data-stores/ActionScheduler_DBStore.php","line":1019},"remote-logging":true,"backtrace":[{"file":"/var/www/html/wp-content/plugins/woocommerce/includes/class-woocommerce.php","line":460,"function":"critical","class":"WC_Logger","type":"->"},{"function":"log_errors","class":"WooCommerce","type":"->"}]}
2026-02-19T17:59:57+00:00 CRITICAL Uncaught RuntimeException: Unable to claim actions. Database error: <div style="clear:both">&nbsp;</div>
<div class="queries" style="clear:both;margin-bottom:2px;border:red dotted thin;">
<p>MySQL query:</p>
<p>UPDATE wp_actionscheduler_actions t1 JOIN ( SELECT action_id from wp_actionscheduler_actions WHERE claim_id = 0 AND scheduled_date_gmt <= '2026-02-19 17:59:57' AND status='pending' ORDER BY priority ASC, attempts ASC, scheduled_date_gmt ASC, action_id ASC LIMIT 25 FOR UPDATE ) t2 ON t1.action_id = t2.action_id SET claim_id=366, last_attempt_gmt='2026-02-19 17:59:57', last_attempt_local='2026-02-19 17:59:57'</p>
<p>Queries made or created this session were:</p>
<ol>
<li>Executing: BEGIN | (no parameters)</li>
<li>Executing: UPDATE wp_actionscheduler_actions t1 JOIN ( SELECT action_id from wp_actionscheduler_actions WHERE claim_id = 0 AND scheduled_date_gmt &lt;= :param0  AND status=:param1  ORDER BY priority ASC, attempts ASC, scheduled_date_gmt ASC, action_id ASC LIMIT 25 FOR UPDATE ) t2 ON t1.action_i CONTEXT: {"error":{"type":1,"file":"/var/www/html/wp-content/plugins/woocommerce/packages/action-scheduler/classes/data-stores/ActionScheduler_DBStore.php","line":1019},"remote-logging":true,"backtrace":[{"file":"/var/www/html/wp-content/plugins/woocommerce/includes/class-woocommerce.php","line":460,"function":"critical","class":"WC_Logger","type":"->"},{"function":"log_errors","class":"WooCommerce","type":"->"}]}
2026-02-19T18:01:29+00:00 CRITICAL Uncaught RuntimeException: Unable to claim actions. Database error: <div style="clear:both">&nbsp;</div>
<div class="queries" style="clear:both;margin-bottom:2px;border:red dotted thin;">
<p>MySQL query:</p>
<p>UPDATE wp_actionscheduler_actions t1 JOIN ( SELECT action_id from wp_actionscheduler_actions WHERE claim_id = 0 AND scheduled_date_gmt <= '2026-02-19 18:01:29' AND status='pending' ORDER BY priority ASC, attempts ASC, scheduled_date_gmt ASC, action_id ASC LIMIT 25 FOR UPDATE ) t2 ON t1.action_id = t2.action_id SET claim_id=367, last_attempt_gmt='2026-02-19 18:01:29', last_attempt_local='2026-02-19 18:01:29'</p>
<p>Queries made or created this session were:</p>
<ol>
<li>Executing: BEGIN | (no parameters)</li>
<li>Executing: UPDATE wp_actionscheduler_actions t1 JOIN ( SELECT action_id from wp_actionscheduler_actions WHERE claim_id = 0 AND scheduled_date_gmt &lt;= :param0  AND status=:param1  ORDER BY priority ASC, attempts ASC, scheduled_date_gmt ASC, action_id ASC LIMIT 25 FOR UPDATE ) t2 ON t1.action_i CONTEXT: {"error":{"type":1,"file":"/var/www/html/wp-content/plugins/woocommerce/packages/action-scheduler/classes/data-stores/ActionScheduler_DBStore.php","line":1019},"remote-logging":true,"backtrace":[{"file":"/var/www/html/wp-content/plugins/woocommerce/includes/class-woocommerce.php","line":460,"function":"critical","class":"WC_Logger","type":"->"},{"function":"log_errors","class":"WooCommerce","type":"->"}]}
2026-02-19T18:01:29+00:00 CRITICAL Uncaught RuntimeException: Unable to claim actions. Database error: <div style="clear:both">&nbsp;</div>
<div class="queries" style="clear:both;margin-bottom:2px;border:red dotted thin;">
<p>MySQL query:</p>
<p>UPDATE wp_actionscheduler_actions t1 JOIN ( SELECT action_id from wp_actionscheduler_actions WHERE claim_id = 0 AND scheduled_date_gmt <= '2026-02-19 18:01:29' AND status='pending' ORDER BY priority ASC, attempts ASC, scheduled_date_gmt ASC, action_id ASC LIMIT 25 FOR UPDATE ) t2 ON t1.action_id = t2.action_id SET claim_id=368, last_attempt_gmt='2026-02-19 18:01:29', last_attempt_local='2026-02-19 18:01:29'</p>
<p>Queries made or created this session were:</p>
<ol>
<li>Executing: BEGIN | (no parameters)</li>
<li>Executing: UPDATE wp_actionscheduler_actions t1 JOIN ( SELECT action_id from wp_actionscheduler_actions WHERE claim_id = 0 AND scheduled_date_gmt &lt;= :param0  AND status=:param1  ORDER BY priority ASC, attempts ASC, scheduled_date_gmt ASC, action_id ASC LIMIT 25 FOR UPDATE ) t2 ON t1.action_i CONTEXT: {"error":{"type":1,"file":"/var/www/html/wp-content/plugins/woocommerce/packages/action-scheduler/classes/data-stores/ActionScheduler_DBStore.php","line":1019},"remote-logging":true,"backtrace":[{"file":"/var/www/html/wp-content/plugins/woocommerce/includes/class-woocommerce.php","line":460,"function":"critical","class":"WC_Logger","type":"->"},{"function":"log_errors","class":"WooCommerce","type":"->"}]}
2026-02-19T19:59:08+00:00 CRITICAL Uncaught RuntimeException: Unable to claim actions. Database error: <div style="clear:both">&nbsp;</div>
<div class="queries" style="clear:both;margin-bottom:2px;border:red dotted thin;">
<p>MySQL query:</p>
<p>UPDATE wp_actionscheduler_actions t1 JOIN ( SELECT action_id from wp_actionscheduler_actions WHERE claim_id = 0 AND scheduled_date_gmt <= '2026-02-19 19:59:08' AND status='pending' ORDER BY priority ASC, attempts ASC, scheduled_date_gmt ASC, action_id ASC LIMIT 25 FOR UPDATE ) t2 ON t1.action_id = t2.action_id SET claim_id=369, last_attempt_gmt='2026-02-19 19:59:08', last_attempt_local='2026-02-19 19:59:08'</p>
<p>Queries made or created this session were:</p>
<ol>
<li>Executing: BEGIN | (no parameters)</li>
<li>Executing: UPDATE wp_actionscheduler_actions t1 JOIN ( SELECT action_id from wp_actionscheduler_actions WHERE claim_id = 0 AND scheduled_date_gmt &lt;= :param0  AND status=:param1  ORDER BY priority ASC, attempts ASC, scheduled_date_gmt ASC, action_id ASC LIMIT 25 FOR UPDATE ) t2 ON t1.action_i CONTEXT: {"error":{"type":1,"file":"/var/www/html/wp-content/plugins/woocommerce/packages/action-scheduler/classes/data-stores/ActionScheduler_DBStore.php","line":1019},"remote-logging":true,"backtrace":[{"file":"/var/www/html/wp-content/plugins/woocommerce/includes/class-woocommerce.php","line":460,"function":"critical","class":"WC_Logger","type":"->"},{"function":"log_errors","class":"WooCommerce","type":"->"}]}
2026-02-19T20:00:10+00:00 CRITICAL Uncaught RuntimeException: Unable to claim actions. Database error: <div style="clear:both">&nbsp;</div>
<div class="queries" style="clear:both;margin-bottom:2px;border:red dotted thin;">
<p>MySQL query:</p>
<p>UPDATE wp_actionscheduler_actions t1 JOIN ( SELECT action_id from wp_actionscheduler_actions WHERE claim_id = 0 AND scheduled_date_gmt <= '2026-02-19 20:00:10' AND status='pending' ORDER BY priority ASC, attempts ASC, scheduled_date_gmt ASC, action_id ASC LIMIT 25 FOR UPDATE ) t2 ON t1.action_id = t2.action_id SET claim_id=370, last_attempt_gmt='2026-02-19 20:00:10', last_attempt_local='2026-02-19 20:00:10'</p>
<p>Queries made or created this session were:</p>
<ol>
<li>Executing: BEGIN | (no parameters)</li>
<li>Executing: UPDATE wp_actionscheduler_actions t1 JOIN ( SELECT action_id from wp_actionscheduler_actions WHERE claim_id = 0 AND scheduled_date_gmt &lt;= :param0  AND status=:param1  ORDER BY priority ASC, attempts ASC, scheduled_date_gmt ASC, action_id ASC LIMIT 25 FOR UPDATE ) t2 ON t1.action_i CONTEXT: {"error":{"type":1,"file":"/var/www/html/wp-content/plugins/woocommerce/packages/action-scheduler/classes/data-stores/ActionScheduler_DBStore.php","line":1019},"remote-logging":true,"backtrace":[{"file":"/var/www/html/wp-content/plugins/woocommerce/includes/class-woocommerce.php","line":460,"function":"critical","class":"WC_Logger","type":"->"},{"function":"log_errors","class":"WooCommerce","type":"->"}]}
2026-02-19T20:00:36+00:00 CRITICAL Uncaught RuntimeException: Unable to claim actions. Database error: <div style="clear:both">&nbsp;</div>
<div class="queries" style="clear:both;margin-bottom:2px;border:red dotted thin;">
<p>MySQL query:</p>
<p>UPDATE wp_actionscheduler_actions t1 JOIN ( SELECT action_id from wp_actionscheduler_actions WHERE claim_id = 0 AND scheduled_date_gmt <= '2026-02-19 20:00:36' AND status='pending' ORDER BY priority ASC, attempts ASC, scheduled_date_gmt ASC, action_id ASC LIMIT 25 FOR UPDATE ) t2 ON t1.action_id = t2.action_id SET claim_id=371, last_attempt_gmt='2026-02-19 20:00:36', last_attempt_local='2026-02-19 20:00:36'</p>
<p>Queries made or created this session were:</p>
<ol>
<li>Executing: BEGIN | (no parameters)</li>
<li>Executing: UPDATE wp_actionscheduler_actions t1 JOIN ( SELECT action_id from wp_actionscheduler_actions WHERE claim_id = 0 AND scheduled_date_gmt &lt;= :param0  AND status=:param1  ORDER BY priority ASC, attempts ASC, scheduled_date_gmt ASC, action_id ASC LIMIT 25 FOR UPDATE ) t2 ON t1.action_i CONTEXT: {"error":{"type":1,"file":"/var/www/html/wp-content/plugins/woocommerce/packages/action-scheduler/classes/data-stores/ActionScheduler_DBStore.php","line":1019},"remote-logging":true,"backtrace":[{"file":"/var/www/html/wp-content/plugins/woocommerce/includes/class-woocommerce.php","line":460,"function":"critical","class":"WC_Logger","type":"->"},{"function":"log_errors","class":"WooCommerce","type":"->"}]}
2026-02-19T20:01:38+00:00 CRITICAL Uncaught RuntimeException: Unable to claim actions. Database error: <div style="clear:both">&nbsp;</div>
<div class="queries" style="clear:both;margin-bottom:2px;border:red dotted thin;">
<p>MySQL query:</p>
<p>UPDATE wp_actionscheduler_actions t1 JOIN ( SELECT action_id from wp_actionscheduler_actions WHERE claim_id = 0 AND scheduled_date_gmt <= '2026-02-19 20:01:38' AND status='pending' ORDER BY priority ASC, attempts ASC, scheduled_date_gmt ASC, action_id ASC LIMIT 25 FOR UPDATE ) t2 ON t1.action_id = t2.action_id SET claim_id=372, last_attempt_gmt='2026-02-19 20:01:38', last_attempt_local='2026-02-19 20:01:38'</p>
<p>Queries made or created this session were:</p>
<ol>
<li>Executing: BEGIN | (no parameters)</li>
<li>Executing: UPDATE wp_actionscheduler_actions t1 JOIN ( SELECT action_id from wp_actionscheduler_actions WHERE claim_id = 0 AND scheduled_date_gmt &lt;= :param0  AND status=:param1  ORDER BY priority ASC, attempts ASC, scheduled_date_gmt ASC, action_id ASC LIMIT 25 FOR UPDATE ) t2 ON t1.action_i CONTEXT: {"error":{"type":1,"file":"/var/www/html/wp-content/plugins/woocommerce/packages/action-scheduler/classes/data-stores/ActionScheduler_DBStore.php","line":1019},"remote-logging":true,"backtrace":[{"file":"/var/www/html/wp-content/plugins/woocommerce/includes/class-woocommerce.php","line":460,"function":"critical","class":"WC_Logger","type":"->"},{"function":"log_errors","class":"WooCommerce","type":"->"}]}
2026-02-19T20:01:39+00:00 CRITICAL Uncaught RuntimeException: Unable to claim actions. Database error: <div style="clear:both">&nbsp;</div>
<div class="queries" style="clear:both;margin-bottom:2px;border:red dotted thin;">
<p>MySQL query:</p>
<p>UPDATE wp_actionscheduler_actions t1 JOIN ( SELECT action_id from wp_actionscheduler_actions WHERE claim_id = 0 AND scheduled_date_gmt <= '2026-02-19 20:01:39' AND status='pending' ORDER BY priority ASC, attempts ASC, scheduled_date_gmt ASC, action_id ASC LIMIT 25 FOR UPDATE ) t2 ON t1.action_id = t2.action_id SET claim_id=373, last_attempt_gmt='2026-02-19 20:01:39', last_attempt_local='2026-02-19 20:01:39'</p>
<p>Queries made or created this session were:</p>
<ol>
<li>Executing: BEGIN | (no parameters)</li>
<li>Executing: UPDATE wp_actionscheduler_actions t1 JOIN ( SELECT action_id from wp_actionscheduler_actions WHERE claim_id = 0 AND scheduled_date_gmt &lt;= :param0  AND status=:param1  ORDER BY priority ASC, attempts ASC, scheduled_date_gmt ASC, action_id ASC LIMIT 25 FOR UPDATE ) t2 ON t1.action_i CONTEXT: {"error":{"type":1,"file":"/var/www/html/wp-content/plugins/woocommerce/packages/action-scheduler/classes/data-stores/ActionScheduler_DBStore.php","line":1019},"remote-logging":true,"backtrace":[{"file":"/var/www/html/wp-content/plugins/woocommerce/includes/class-woocommerce.php","line":460,"function":"critical","class":"WC_Logger","type":"->"},{"function":"log_errors","class":"WooCommerce","type":"->"}]}
2026-02-19T20:03:15+00:00 CRITICAL Uncaught RuntimeException: Unable to claim actions. Database error: <div style="clear:both">&nbsp;</div>
<div class="queries" style="clear:both;margin-bottom:2px;border:red dotted thin;">
<p>MySQL query:</p>
<p>UPDATE wp_actionscheduler_actions t1 JOIN ( SELECT action_id from wp_actionscheduler_actions WHERE claim_id = 0 AND scheduled_date_gmt <= '2026-02-19 20:03:15' AND status='pending' ORDER BY priority ASC, attempts ASC, scheduled_date_gmt ASC, action_id ASC LIMIT 25 FOR UPDATE ) t2 ON t1.action_id = t2.action_id SET claim_id=374, last_attempt_gmt='2026-02-19 20:03:15', last_attempt_local='2026-02-19 20:03:15'</p>
<p>Queries made or created this session were:</p>
<ol>
<li>Executing: BEGIN | (no parameters)</li>
<li>Executing: UPDATE wp_actionscheduler_actions t1 JOIN ( SELECT action_id from wp_actionscheduler_actions WHERE claim_id = 0 AND scheduled_date_gmt &lt;= :param0  AND status=:param1  ORDER BY priority ASC, attempts ASC, scheduled_date_gmt ASC, action_id ASC LIMIT 25 FOR UPDATE ) t2 ON t1.action_i CONTEXT: {"error":{"type":1,"file":"/var/www/html/wp-content/plugins/woocommerce/packages/action-scheduler/classes/data-stores/ActionScheduler_DBStore.php","line":1019},"remote-logging":true,"backtrace":[{"file":"/var/www/html/wp-content/plugins/woocommerce/includes/class-woocommerce.php","line":460,"function":"critical","class":"WC_Logger","type":"->"},{"function":"log_errors","class":"WooCommerce","type":"->"}]}
2026-02-19T20:03:16+00:00 CRITICAL Uncaught RuntimeException: Unable to claim actions. Database error: <div style="clear:both">&nbsp;</div>
<div class="queries" style="clear:both;margin-bottom:2px;border:red dotted thin;">
<p>MySQL query:</p>
<p>UPDATE wp_actionscheduler_actions t1 JOIN ( SELECT action_id from wp_actionscheduler_actions WHERE claim_id = 0 AND scheduled_date_gmt <= '2026-02-19 20:03:16' AND status='pending' ORDER BY priority ASC, attempts ASC, scheduled_date_gmt ASC, action_id ASC LIMIT 25 FOR UPDATE ) t2 ON t1.action_id = t2.action_id SET claim_id=375, last_attempt_gmt='2026-02-19 20:03:16', last_attempt_local='2026-02-19 20:03:16'</p>
<p>Queries made or created this session were:</p>
<ol>
<li>Executing: BEGIN | (no parameters)</li>
<li>Executing: UPDATE wp_actionscheduler_actions t1 JOIN ( SELECT action_id from wp_actionscheduler_actions WHERE claim_id = 0 AND scheduled_date_gmt &lt;= :param0  AND status=:param1  ORDER BY priority ASC, attempts ASC, scheduled_date_gmt ASC, action_id ASC LIMIT 25 FOR UPDATE ) t2 ON t1.action_i CONTEXT: {"error":{"type":1,"file":"/var/www/html/wp-content/plugins/woocommerce/packages/action-scheduler/classes/data-stores/ActionScheduler_DBStore.php","line":1019},"remote-logging":true,"backtrace":[{"file":"/var/www/html/wp-content/plugins/woocommerce/includes/class-woocommerce.php","line":460,"function":"critical","class":"WC_Logger","type":"->"},{"function":"log_errors","class":"WooCommerce","type":"->"}]}
2026-02-19T20:04:56+00:00 CRITICAL Uncaught RuntimeException: Unable to claim actions. Database error: <div style="clear:both">&nbsp;</div>
<div class="queries" style="clear:both;margin-bottom:2px;border:red dotted thin;">
<p>MySQL query:</p>
<p>UPDATE wp_actionscheduler_actions t1 JOIN ( SELECT action_id from wp_actionscheduler_actions WHERE claim_id = 0 AND scheduled_date_gmt <= '2026-02-19 20:04:56' AND status='pending' ORDER BY priority ASC, attempts ASC, scheduled_date_gmt ASC, action_id ASC LIMIT 25 FOR UPDATE ) t2 ON t1.action_id = t2.action_id SET claim_id=376, last_attempt_gmt='2026-02-19 20:04:56', last_attempt_local='2026-02-19 20:04:56'</p>
<p>Queries made or created this session were:</p>
<ol>
<li>Executing: BEGIN | (no parameters)</li>
<li>Executing: UPDATE wp_actionscheduler_actions t1 JOIN ( SELECT action_id from wp_actionscheduler_actions WHERE claim_id = 0 AND scheduled_date_gmt &lt;= :param0  AND status=:param1  ORDER BY priority ASC, attempts ASC, scheduled_date_gmt ASC, action_id ASC LIMIT 25 FOR UPDATE ) t2 ON t1.action_i CONTEXT: {"error":{"type":1,"file":"/var/www/html/wp-content/plugins/woocommerce/packages/action-scheduler/classes/data-stores/ActionScheduler_DBStore.php","line":1019},"remote-logging":true,"backtrace":[{"file":"/var/www/html/wp-content/plugins/woocommerce/includes/class-woocommerce.php","line":460,"function":"critical","class":"WC_Logger","type":"->"},{"function":"log_errors","class":"WooCommerce","type":"->"}]}
2026-02-19T20:05:16+00:00 CRITICAL Uncaught RuntimeException: Unable to claim actions. Database error: <div style="clear:both">&nbsp;</div>
<div class="queries" style="clear:both;margin-bottom:2px;border:red dotted thin;">
<p>MySQL query:</p>
<p>UPDATE wp_actionscheduler_actions t1 JOIN ( SELECT action_id from wp_actionscheduler_actions WHERE claim_id = 0 AND scheduled_date_gmt <= '2026-02-19 20:05:16' AND status='pending' ORDER BY priority ASC, attempts ASC, scheduled_date_gmt ASC, action_id ASC LIMIT 25 FOR UPDATE ) t2 ON t1.action_id = t2.action_id SET claim_id=377, last_attempt_gmt='2026-02-19 20:05:16', last_attempt_local='2026-02-19 20:05:16'</p>
<p>Queries made or created this session were:</p>
<ol>
<li>Executing: BEGIN | (no parameters)</li>
<li>Executing: UPDATE wp_actionscheduler_actions t1 JOIN ( SELECT action_id from wp_actionscheduler_actions WHERE claim_id = 0 AND scheduled_date_gmt &lt;= :param0  AND status=:param1  ORDER BY priority ASC, attempts ASC, scheduled_date_gmt ASC, action_id ASC LIMIT 25 FOR UPDATE ) t2 ON t1.action_i CONTEXT: {"error":{"type":1,"file":"/var/www/html/wp-content/plugins/woocommerce/packages/action-scheduler/classes/data-stores/ActionScheduler_DBStore.php","line":1019},"remote-logging":true,"backtrace":[{"file":"/var/www/html/wp-content/plugins/woocommerce/includes/class-woocommerce.php","line":460,"function":"critical","class":"WC_Logger","type":"->"},{"function":"log_errors","class":"WooCommerce","type":"->"}]}
2026-02-19T20:06:03+00:00 CRITICAL Uncaught RuntimeException: Unable to claim actions. Database error: <div style="clear:both">&nbsp;</div>
<div class="queries" style="clear:both;margin-bottom:2px;border:red dotted thin;">
<p>MySQL query:</p>
<p>UPDATE wp_actionscheduler_actions t1 JOIN ( SELECT action_id from wp_actionscheduler_actions WHERE claim_id = 0 AND scheduled_date_gmt <= '2026-02-19 20:06:03' AND status='pending' ORDER BY priority ASC, attempts ASC, scheduled_date_gmt ASC, action_id ASC LIMIT 25 FOR UPDATE ) t2 ON t1.action_id = t2.action_id SET claim_id=378, last_attempt_gmt='2026-02-19 20:06:03', last_attempt_local='2026-02-19 20:06:03'</p>
<p>Queries made or created this session were:</p>
<ol>
<li>Executing: BEGIN | (no parameters)</li>
<li>Executing: UPDATE wp_actionscheduler_actions t1 JOIN ( SELECT action_id from wp_actionscheduler_actions WHERE claim_id = 0 AND scheduled_date_gmt &lt;= :param0  AND status=:param1  ORDER BY priority ASC, attempts ASC, scheduled_date_gmt ASC, action_id ASC LIMIT 25 FOR UPDATE ) t2 ON t1.action_i CONTEXT: {"error":{"type":1,"file":"/var/www/html/wp-content/plugins/woocommerce/packages/action-scheduler/classes/data-stores/ActionScheduler_DBStore.php","line":1019},"remote-logging":true,"backtrace":[{"file":"/var/www/html/wp-content/plugins/woocommerce/includes/class-woocommerce.php","line":460,"function":"critical","class":"WC_Logger","type":"->"},{"function":"log_errors","class":"WooCommerce","type":"->"}]}
2026-02-19T20:09:17+00:00 CRITICAL Uncaught RuntimeException: Unable to claim actions. Database error: <div style="clear:both">&nbsp;</div>
<div class="queries" style="clear:both;margin-bottom:2px;border:red dotted thin;">
<p>MySQL query:</p>
<p>UPDATE wp_actionscheduler_actions t1 JOIN ( SELECT action_id from wp_actionscheduler_actions WHERE claim_id = 0 AND scheduled_date_gmt <= '2026-02-19 20:09:17' AND status='pending' ORDER BY priority ASC, attempts ASC, scheduled_date_gmt ASC, action_id ASC LIMIT 25 FOR UPDATE ) t2 ON t1.action_id = t2.action_id SET claim_id=379, last_attempt_gmt='2026-02-19 20:09:17', last_attempt_local='2026-02-19 20:09:17'</p>
<p>Queries made or created this session were:</p>
<ol>
<li>Executing: BEGIN | (no parameters)</li>
<li>Executing: UPDATE wp_actionscheduler_actions t1 JOIN ( SELECT action_id from wp_actionscheduler_actions WHERE claim_id = 0 AND scheduled_date_gmt &lt;= :param0  AND status=:param1  ORDER BY priority ASC, attempts ASC, scheduled_date_gmt ASC, action_id ASC LIMIT 25 FOR UPDATE ) t2 ON t1.action_i CONTEXT: {"error":{"type":1,"file":"/var/www/html/wp-content/plugins/woocommerce/packages/action-scheduler/classes/data-stores/ActionScheduler_DBStore.php","line":1019},"remote-logging":true,"backtrace":[{"file":"/var/www/html/wp-content/plugins/woocommerce/includes/class-woocommerce.php","line":460,"function":"critical","class":"WC_Logger","type":"->"},{"function":"log_errors","class":"WooCommerce","type":"->"}]}
2026-02-19T20:10:45+00:00 CRITICAL Uncaught RuntimeException: Unable to claim actions. Database error: <div style="clear:both">&nbsp;</div>
<div class="queries" style="clear:both;margin-bottom:2px;border:red dotted thin;">
<p>MySQL query:</p>
<p>UPDATE wp_actionscheduler_actions t1 JOIN ( SELECT action_id from wp_actionscheduler_actions WHERE claim_id = 0 AND scheduled_date_gmt <= '2026-02-19 20:10:45' AND status='pending' ORDER BY priority ASC, attempts ASC, scheduled_date_gmt ASC, action_id ASC LIMIT 25 FOR UPDATE ) t2 ON t1.action_id = t2.action_id SET claim_id=380, last_attempt_gmt='2026-02-19 20:10:45', last_attempt_local='2026-02-19 20:10:45'</p>
<p>Queries made or created this session were:</p>
<ol>
<li>Executing: BEGIN | (no parameters)</li>
<li>Executing: UPDATE wp_actionscheduler_actions t1 JOIN ( SELECT action_id from wp_actionscheduler_actions WHERE claim_id = 0 AND scheduled_date_gmt &lt;= :param0  AND status=:param1  ORDER BY priority ASC, attempts ASC, scheduled_date_gmt ASC, action_id ASC LIMIT 25 FOR UPDATE ) t2 ON t1.action_i CONTEXT: {"error":{"type":1,"file":"/var/www/html/wp-content/plugins/woocommerce/packages/action-scheduler/classes/data-stores/ActionScheduler_DBStore.php","line":1019},"remote-logging":true,"backtrace":[{"file":"/var/www/html/wp-content/plugins/woocommerce/includes/class-woocommerce.php","line":460,"function":"critical","class":"WC_Logger","type":"->"},{"function":"log_errors","class":"WooCommerce","type":"->"}]}
2026-02-19T20:11:19+00:00 CRITICAL Uncaught RuntimeException: Unable to claim actions. Database error: <div style="clear:both">&nbsp;</div>
<div class="queries" style="clear:both;margin-bottom:2px;border:red dotted thin;">
<p>MySQL query:</p>
<p>UPDATE wp_actionscheduler_actions t1 JOIN ( SELECT action_id from wp_actionscheduler_actions WHERE claim_id = 0 AND scheduled_date_gmt <= '2026-02-19 20:11:19' AND status='pending' ORDER BY priority ASC, attempts ASC, scheduled_date_gmt ASC, action_id ASC LIMIT 25 FOR UPDATE ) t2 ON t1.action_id = t2.action_id SET claim_id=381, last_attempt_gmt='2026-02-19 20:11:19', last_attempt_local='2026-02-19 20:11:19'</p>
<p>Queries made or created this session were:</p>
<ol>
<li>Executing: BEGIN | (no parameters)</li>
<li>Executing: UPDATE wp_actionscheduler_actions t1 JOIN ( SELECT action_id from wp_actionscheduler_actions WHERE claim_id = 0 AND scheduled_date_gmt &lt;= :param0  AND status=:param1  ORDER BY priority ASC, attempts ASC, scheduled_date_gmt ASC, action_id ASC LIMIT 25 FOR UPDATE ) t2 ON t1.action_i CONTEXT: {"error":{"type":1,"file":"/var/www/html/wp-content/plugins/woocommerce/packages/action-scheduler/classes/data-stores/ActionScheduler_DBStore.php","line":1019},"remote-logging":true,"backtrace":[{"file":"/var/www/html/wp-content/plugins/woocommerce/includes/class-woocommerce.php","line":460,"function":"critical","class":"WC_Logger","type":"->"},{"function":"log_errors","class":"WooCommerce","type":"->"}]}
2026-02-19T20:11:48+00:00 CRITICAL Uncaught RuntimeException: Unable to claim actions. Database error: <div style="clear:both">&nbsp;</div>
<div class="queries" style="clear:both;margin-bottom:2px;border:red dotted thin;">
<p>MySQL query:</p>
<p>UPDATE wp_actionscheduler_actions t1 JOIN ( SELECT action_id from wp_actionscheduler_actions WHERE claim_id = 0 AND scheduled_date_gmt <= '2026-02-19 20:11:48' AND status='pending' ORDER BY priority ASC, attempts ASC, scheduled_date_gmt ASC, action_id ASC LIMIT 25 FOR UPDATE ) t2 ON t1.action_id = t2.action_id SET claim_id=382, last_attempt_gmt='2026-02-19 20:11:48', last_attempt_local='2026-02-19 20:11:48'</p>
<p>Queries made or created this session were:</p>
<ol>
<li>Executing: BEGIN | (no parameters)</li>
<li>Executing: UPDATE wp_actionscheduler_actions t1 JOIN ( SELECT action_id from wp_actionscheduler_actions WHERE claim_id = 0 AND scheduled_date_gmt &lt;= :param0  AND status=:param1  ORDER BY priority ASC, attempts ASC, scheduled_date_gmt ASC, action_id ASC LIMIT 25 FOR UPDATE ) t2 ON t1.action_i CONTEXT: {"error":{"type":1,"file":"/var/www/html/wp-content/plugins/woocommerce/packages/action-scheduler/classes/data-stores/ActionScheduler_DBStore.php","line":1019},"remote-logging":true,"backtrace":[{"file":"/var/www/html/wp-content/plugins/woocommerce/includes/class-woocommerce.php","line":460,"function":"critical","class":"WC_Logger","type":"->"},{"function":"log_errors","class":"WooCommerce","type":"->"}]}
2026-02-19T20:13:36+00:00 CRITICAL Uncaught RuntimeException: Unable to claim actions. Database error: <div style="clear:both">&nbsp;</div>
<div class="queries" style="clear:both;margin-bottom:2px;border:red dotted thin;">
<p>MySQL query:</p>
<p>UPDATE wp_actionscheduler_actions t1 JOIN ( SELECT action_id from wp_actionscheduler_actions WHERE claim_id = 0 AND scheduled_date_gmt <= '2026-02-19 20:13:36' AND status='pending' ORDER BY priority ASC, attempts ASC, scheduled_date_gmt ASC, action_id ASC LIMIT 25 FOR UPDATE ) t2 ON t1.action_id = t2.action_id SET claim_id=383, last_attempt_gmt='2026-02-19 20:13:36', last_attempt_local='2026-02-19 20:13:36'</p>
<p>Queries made or created this session were:</p>
<ol>
<li>Executing: BEGIN | (no parameters)</li>
<li>Executing: UPDATE wp_actionscheduler_actions t1 JOIN ( SELECT action_id from wp_actionscheduler_actions WHERE claim_id = 0 AND scheduled_date_gmt &lt;= :param0  AND status=:param1  ORDER BY priority ASC, attempts ASC, scheduled_date_gmt ASC, action_id ASC LIMIT 25 FOR UPDATE ) t2 ON t1.action_i CONTEXT: {"error":{"type":1,"file":"/var/www/html/wp-content/plugins/woocommerce/packages/action-scheduler/classes/data-stores/ActionScheduler_DBStore.php","line":1019},"remote-logging":true,"backtrace":[{"file":"/var/www/html/wp-content/plugins/woocommerce/includes/class-woocommerce.php","line":460,"function":"critical","class":"WC_Logger","type":"->"},{"function":"log_errors","class":"WooCommerce","type":"->"}]}
2026-02-19T20:15:04+00:00 CRITICAL Uncaught RuntimeException: Unable to claim actions. Database error: <div style="clear:both">&nbsp;</div>
<div class="queries" style="clear:both;margin-bottom:2px;border:red dotted thin;">
<p>MySQL query:</p>
<p>UPDATE wp_actionscheduler_actions t1 JOIN ( SELECT action_id from wp_actionscheduler_actions WHERE claim_id = 0 AND scheduled_date_gmt <= '2026-02-19 20:15:04' AND status='pending' ORDER BY priority ASC, attempts ASC, scheduled_date_gmt ASC, action_id ASC LIMIT 25 FOR UPDATE ) t2 ON t1.action_id = t2.action_id SET claim_id=384, last_attempt_gmt='2026-02-19 20:15:04', last_attempt_local='2026-02-19 20:15:04'</p>
<p>Queries made or created this session were:</p>
<ol>
<li>Executing: BEGIN | (no parameters)</li>
<li>Executing: UPDATE wp_actionscheduler_actions t1 JOIN ( SELECT action_id from wp_actionscheduler_actions WHERE claim_id = 0 AND scheduled_date_gmt &lt;= :param0  AND status=:param1  ORDER BY priority ASC, attempts ASC, scheduled_date_gmt ASC, action_id ASC LIMIT 25 FOR UPDATE ) t2 ON t1.action_i CONTEXT: {"error":{"type":1,"file":"/var/www/html/wp-content/plugins/woocommerce/packages/action-scheduler/classes/data-stores/ActionScheduler_DBStore.php","line":1019},"remote-logging":true,"backtrace":[{"file":"/var/www/html/wp-content/plugins/woocommerce/includes/class-woocommerce.php","line":460,"function":"critical","class":"WC_Logger","type":"->"},{"function":"log_errors","class":"WooCommerce","type":"->"}]}
2026-02-19T20:22:54+00:00 CRITICAL Uncaught RuntimeException: Unable to claim actions. Database error: <div style="clear:both">&nbsp;</div>
<div class="queries" style="clear:both;margin-bottom:2px;border:red dotted thin;">
<p>MySQL query:</p>
<p>UPDATE wp_actionscheduler_actions t1 JOIN ( SELECT action_id from wp_actionscheduler_actions WHERE claim_id = 0 AND scheduled_date_gmt <= '2026-02-19 20:22:54' AND status='pending' ORDER BY priority ASC, attempts ASC, scheduled_date_gmt ASC, action_id ASC LIMIT 25 FOR UPDATE ) t2 ON t1.action_id = t2.action_id SET claim_id=385, last_attempt_gmt='2026-02-19 20:22:54', last_attempt_local='2026-02-19 20:22:54'</p>
<p>Queries made or created this session were:</p>
<ol>
<li>Executing: BEGIN | (no parameters)</li>
<li>Executing: UPDATE wp_actionscheduler_actions t1 JOIN ( SELECT action_id from wp_actionscheduler_actions WHERE claim_id = 0 AND scheduled_date_gmt &lt;= :param0  AND status=:param1  ORDER BY priority ASC, attempts ASC, scheduled_date_gmt ASC, action_id ASC LIMIT 25 FOR UPDATE ) t2 ON t1.action_i CONTEXT: {"error":{"type":1,"file":"/var/www/html/wp-content/plugins/woocommerce/packages/action-scheduler/classes/data-stores/ActionScheduler_DBStore.php","line":1019},"remote-logging":true,"backtrace":[{"file":"/var/www/html/wp-content/plugins/woocommerce/includes/class-woocommerce.php","line":460,"function":"critical","class":"WC_Logger","type":"->"},{"function":"log_errors","class":"WooCommerce","type":"->"}]}
2026-02-19T20:24:07+00:00 CRITICAL Uncaught RuntimeException: Unable to claim actions. Database error: <div style="clear:both">&nbsp;</div>
<div class="queries" style="clear:both;margin-bottom:2px;border:red dotted thin;">
<p>MySQL query:</p>
<p>UPDATE wp_actionscheduler_actions t1 JOIN ( SELECT action_id from wp_actionscheduler_actions WHERE claim_id = 0 AND scheduled_date_gmt <= '2026-02-19 20:24:07' AND status='pending' ORDER BY priority ASC, attempts ASC, scheduled_date_gmt ASC, action_id ASC LIMIT 25 FOR UPDATE ) t2 ON t1.action_id = t2.action_id SET claim_id=386, last_attempt_gmt='2026-02-19 20:24:07', last_attempt_local='2026-02-19 20:24:07'</p>
<p>Queries made or created this session were:</p>
<ol>
<li>Executing: BEGIN | (no parameters)</li>
<li>Executing: UPDATE wp_actionscheduler_actions t1 JOIN ( SELECT action_id from wp_actionscheduler_actions WHERE claim_id = 0 AND scheduled_date_gmt &lt;= :param0  AND status=:param1  ORDER BY priority ASC, attempts ASC, scheduled_date_gmt ASC, action_id ASC LIMIT 25 FOR UPDATE ) t2 ON t1.action_i CONTEXT: {"error":{"type":1,"file":"/var/www/html/wp-content/plugins/woocommerce/packages/action-scheduler/classes/data-stores/ActionScheduler_DBStore.php","line":1019},"remote-logging":true,"backtrace":[{"file":"/var/www/html/wp-content/plugins/woocommerce/includes/class-woocommerce.php","line":460,"function":"critical","class":"WC_Logger","type":"->"},{"function":"log_errors","class":"WooCommerce","type":"->"}]}
2026-02-19T20:26:35+00:00 CRITICAL Uncaught RuntimeException: Unable to claim actions. Database error: <div style="clear:both">&nbsp;</div>
<div class="queries" style="clear:both;margin-bottom:2px;border:red dotted thin;">
<p>MySQL query:</p>
<p>UPDATE wp_actionscheduler_actions t1 JOIN ( SELECT action_id from wp_actionscheduler_actions WHERE claim_id = 0 AND scheduled_date_gmt <= '2026-02-19 20:26:35' AND status='pending' ORDER BY priority ASC, attempts ASC, scheduled_date_gmt ASC, action_id ASC LIMIT 25 FOR UPDATE ) t2 ON t1.action_id = t2.action_id SET claim_id=387, last_attempt_gmt='2026-02-19 20:26:35', last_attempt_local='2026-02-19 20:26:35'</p>
<p>Queries made or created this session were:</p>
<ol>
<li>Executing: BEGIN | (no parameters)</li>
<li>Executing: UPDATE wp_actionscheduler_actions t1 JOIN ( SELECT action_id from wp_actionscheduler_actions WHERE claim_id = 0 AND scheduled_date_gmt &lt;= :param0  AND status=:param1  ORDER BY priority ASC, attempts ASC, scheduled_date_gmt ASC, action_id ASC LIMIT 25 FOR UPDATE ) t2 ON t1.action_i CONTEXT: {"error":{"type":1,"file":"/var/www/html/wp-content/plugins/woocommerce/packages/action-scheduler/classes/data-stores/ActionScheduler_DBStore.php","line":1019},"remote-logging":true,"backtrace":[{"file":"/var/www/html/wp-content/plugins/woocommerce/includes/class-woocommerce.php","line":460,"function":"critical","class":"WC_Logger","type":"->"},{"function":"log_errors","class":"WooCommerce","type":"->"}]}
2026-02-19T20:58:05+00:00 CRITICAL Uncaught RuntimeException: Unable to claim actions. Database error: <div style="clear:both">&nbsp;</div>
<div class="queries" style="clear:both;margin-bottom:2px;border:red dotted thin;">
<p>MySQL query:</p>
<p>UPDATE wp_actionscheduler_actions t1 JOIN ( SELECT action_id from wp_actionscheduler_actions WHERE claim_id = 0 AND scheduled_date_gmt <= '2026-02-19 20:58:05' AND status='pending' ORDER BY priority ASC, attempts ASC, scheduled_date_gmt ASC, action_id ASC LIMIT 25 FOR UPDATE ) t2 ON t1.action_id = t2.action_id SET claim_id=388, last_attempt_gmt='2026-02-19 20:58:05', last_attempt_local='2026-02-19 20:58:05'</p>
<p>Queries made or created this session were:</p>
<ol>
<li>Executing: BEGIN | (no parameters)</li>
<li>Executing: UPDATE wp_actionscheduler_actions t1 JOIN ( SELECT action_id from wp_actionscheduler_actions WHERE claim_id = 0 AND scheduled_date_gmt &lt;= :param0  AND status=:param1  ORDER BY priority ASC, attempts ASC, scheduled_date_gmt ASC, action_id ASC LIMIT 25 FOR UPDATE ) t2 ON t1.action_i CONTEXT: {"error":{"type":1,"file":"/var/www/html/wp-content/plugins/woocommerce/packages/action-scheduler/classes/data-stores/ActionScheduler_DBStore.php","line":1019},"remote-logging":true,"backtrace":[{"file":"/var/www/html/wp-content/plugins/woocommerce/includes/class-woocommerce.php","line":460,"function":"critical","class":"WC_Logger","type":"->"},{"function":"log_errors","class":"WooCommerce","type":"->"}]}
2026-02-19T20:59:10+00:00 CRITICAL Uncaught RuntimeException: Unable to claim actions. Database error: <div style="clear:both">&nbsp;</div>
<div class="queries" style="clear:both;margin-bottom:2px;border:red dotted thin;">
<p>MySQL query:</p>
<p>UPDATE wp_actionscheduler_actions t1 JOIN ( SELECT action_id from wp_actionscheduler_actions WHERE claim_id = 0 AND scheduled_date_gmt <= '2026-02-19 20:59:10' AND status='pending' ORDER BY priority ASC, attempts ASC, scheduled_date_gmt ASC, action_id ASC LIMIT 25 FOR UPDATE ) t2 ON t1.action_id = t2.action_id SET claim_id=389, last_attempt_gmt='2026-02-19 20:59:10', last_attempt_local='2026-02-19 20:59:10'</p>
<p>Queries made or created this session were:</p>
<ol>
<li>Executing: BEGIN | (no parameters)</li>
<li>Executing: UPDATE wp_actionscheduler_actions t1 JOIN ( SELECT action_id from wp_actionscheduler_actions WHERE claim_id = 0 AND scheduled_date_gmt &lt;= :param0  AND status=:param1  ORDER BY priority ASC, attempts ASC, scheduled_date_gmt ASC, action_id ASC LIMIT 25 FOR UPDATE ) t2 ON t1.action_i CONTEXT: {"error":{"type":1,"file":"/var/www/html/wp-content/plugins/woocommerce/packages/action-scheduler/classes/data-stores/ActionScheduler_DBStore.php","line":1019},"remote-logging":true,"backtrace":[{"file":"/var/www/html/wp-content/plugins/woocommerce/includes/class-woocommerce.php","line":460,"function":"critical","class":"WC_Logger","type":"->"},{"function":"log_errors","class":"WooCommerce","type":"->"}]}
2026-02-19T21:00:56+00:00 CRITICAL Out of memory (allocated 4194304) (tried to allocate 4194304 bytes) CONTEXT: {"error":{"type":1,"file":"/var/www/html/wp-content/plugins/woocommerce/src/Internal/Admin/Settings/PaymentsProviders/WooPayments/WooPaymentsService.php","line":723},"remote-logging":true,"backtrace":[{"file":"/var/www/html/wp-content/plugins/woocommerce/includes/class-woocommerce.php","line":460,"function":"critical","class":"WC_Logger","type":"->"},{"function":"log_errors","class":"WooCommerce","type":"->"}]}
2026-02-19T21:01:04+00:00 CRITICAL Out of memory (allocated 4194304) (tried to allocate 4194304 bytes) CONTEXT: {"error":{"type":1,"file":"/var/www/html/wp-content/plugins/woocommerce/src/Internal/Admin/Settings/PaymentsProviders/WooPayments/WooPaymentsService.php","line":723},"remote-logging":true,"backtrace":[{"file":"/var/www/html/wp-content/plugins/woocommerce/includes/class-woocommerce.php","line":460,"function":"critical","class":"WC_Logger","type":"->"},{"function":"log_errors","class":"WooCommerce","type":"->"}]}
2026-02-19T21:20:53+00:00 CRITICAL Uncaught RuntimeException: Unable to claim actions. Database error: <div style="clear:both">&nbsp;</div>
<div class="queries" style="clear:both;margin-bottom:2px;border:red dotted thin;">
<p>MySQL query:</p>
<p>UPDATE wp_actionscheduler_actions t1 JOIN ( SELECT action_id from wp_actionscheduler_actions WHERE claim_id = 0 AND scheduled_date_gmt <= '2026-02-19 21:20:53' AND status='pending' ORDER BY priority ASC, attempts ASC, scheduled_date_gmt ASC, action_id ASC LIMIT 25 FOR UPDATE ) t2 ON t1.action_id = t2.action_id SET claim_id=390, last_attempt_gmt='2026-02-19 21:20:53', last_attempt_local='2026-02-19 21:20:53'</p>
<p>Queries made or created this session were:</p>
<ol>
<li>Executing: BEGIN | (no parameters)</li>
<li>Executing: UPDATE wp_actionscheduler_actions t1 JOIN ( SELECT action_id from wp_actionscheduler_actions WHERE claim_id = 0 AND scheduled_date_gmt &lt;= :param0  AND status=:param1  ORDER BY priority ASC, attempts ASC, scheduled_date_gmt ASC, action_id ASC LIMIT 25 FOR UPDATE ) t2 ON t1.action_i CONTEXT: {"error":{"type":1,"file":"/var/www/html/wp-content/plugins/woocommerce/packages/action-scheduler/classes/data-stores/ActionScheduler_DBStore.php","line":1019},"remote-logging":true,"backtrace":[{"file":"/var/www/html/wp-content/plugins/woocommerce/includes/class-woocommerce.php","line":460,"function":"critical","class":"WC_Logger","type":"->"},{"function":"log_errors","class":"WooCommerce","type":"->"}]}
2026-02-19T21:26:05+00:00 CRITICAL Uncaught RuntimeException: Unable to claim actions. Database error: <div style="clear:both">&nbsp;</div>
<div class="queries" style="clear:both;margin-bottom:2px;border:red dotted thin;">
<p>MySQL query:</p>
<p>UPDATE wp_actionscheduler_actions t1 JOIN ( SELECT action_id from wp_actionscheduler_actions WHERE claim_id = 0 AND scheduled_date_gmt <= '2026-02-19 21:26:05' AND status='pending' ORDER BY priority ASC, attempts ASC, scheduled_date_gmt ASC, action_id ASC LIMIT 25 FOR UPDATE ) t2 ON t1.action_id = t2.action_id SET claim_id=391, last_attempt_gmt='2026-02-19 21:26:05', last_attempt_local='2026-02-19 21:26:05'</p>
<p>Queries made or created this session were:</p>
<ol>
<li>Executing: BEGIN | (no parameters)</li>
<li>Executing: UPDATE wp_actionscheduler_actions t1 JOIN ( SELECT action_id from wp_actionscheduler_actions WHERE claim_id = 0 AND scheduled_date_gmt &lt;= :param0  AND status=:param1  ORDER BY priority ASC, attempts ASC, scheduled_date_gmt ASC, action_id ASC LIMIT 25 FOR UPDATE ) t2 ON t1.action_i CONTEXT: {"error":{"type":1,"file":"/var/www/html/wp-content/plugins/woocommerce/packages/action-scheduler/classes/data-stores/ActionScheduler_DBStore.php","line":1019},"remote-logging":true,"backtrace":[{"file":"/var/www/html/wp-content/plugins/woocommerce/includes/class-woocommerce.php","line":460,"function":"critical","class":"WC_Logger","type":"->"},{"function":"log_errors","class":"WooCommerce","type":"->"}]}
2026-02-19T21:27:40+00:00 CRITICAL Uncaught RuntimeException: Unable to claim actions. Database error: <div style="clear:both">&nbsp;</div>
<div class="queries" style="clear:both;margin-bottom:2px;border:red dotted thin;">
<p>MySQL query:</p>
<p>UPDATE wp_actionscheduler_actions t1 JOIN ( SELECT action_id from wp_actionscheduler_actions WHERE claim_id = 0 AND scheduled_date_gmt <= '2026-02-19 21:27:40' AND status='pending' ORDER BY priority ASC, attempts ASC, scheduled_date_gmt ASC, action_id ASC LIMIT 25 FOR UPDATE ) t2 ON t1.action_id = t2.action_id SET claim_id=392, last_attempt_gmt='2026-02-19 21:27:40', last_attempt_local='2026-02-19 21:27:40'</p>
<p>Queries made or created this session were:</p>
<ol>
<li>Executing: BEGIN | (no parameters)</li>
<li>Executing: UPDATE wp_actionscheduler_actions t1 JOIN ( SELECT action_id from wp_actionscheduler_actions WHERE claim_id = 0 AND scheduled_date_gmt &lt;= :param0  AND status=:param1  ORDER BY priority ASC, attempts ASC, scheduled_date_gmt ASC, action_id ASC LIMIT 25 FOR UPDATE ) t2 ON t1.action_i CONTEXT: {"error":{"type":1,"file":"/var/www/html/wp-content/plugins/woocommerce/packages/action-scheduler/classes/data-stores/ActionScheduler_DBStore.php","line":1019},"remote-logging":true,"backtrace":[{"file":"/var/www/html/wp-content/plugins/woocommerce/includes/class-woocommerce.php","line":460,"function":"critical","class":"WC_Logger","type":"->"},{"function":"log_errors","class":"WooCommerce","type":"->"}]}
2026-02-19T21:27:45+00:00 CRITICAL Uncaught RuntimeException: Unable to claim actions. Database error: <div style="clear:both">&nbsp;</div>
<div class="queries" style="clear:both;margin-bottom:2px;border:red dotted thin;">
<p>MySQL query:</p>
<p>UPDATE wp_actionscheduler_actions t1 JOIN ( SELECT action_id from wp_actionscheduler_actions WHERE claim_id = 0 AND scheduled_date_gmt <= '2026-02-19 21:27:45' AND status='pending' ORDER BY priority ASC, attempts ASC, scheduled_date_gmt ASC, action_id ASC LIMIT 25 FOR UPDATE ) t2 ON t1.action_id = t2.action_id SET claim_id=393, last_attempt_gmt='2026-02-19 21:27:45', last_attempt_local='2026-02-19 21:27:45'</p>
<p>Queries made or created this session were:</p>
<ol>
<li>Executing: BEGIN | (no parameters)</li>
<li>Executing: UPDATE wp_actionscheduler_actions t1 JOIN ( SELECT action_id from wp_actionscheduler_actions WHERE claim_id = 0 AND scheduled_date_gmt &lt;= :param0  AND status=:param1  ORDER BY priority ASC, attempts ASC, scheduled_date_gmt ASC, action_id ASC LIMIT 25 FOR UPDATE ) t2 ON t1.action_i CONTEXT: {"error":{"type":1,"file":"/var/www/html/wp-content/plugins/woocommerce/packages/action-scheduler/classes/data-stores/ActionScheduler_DBStore.php","line":1019},"remote-logging":true,"backtrace":[{"file":"/var/www/html/wp-content/plugins/woocommerce/includes/class-woocommerce.php","line":460,"function":"critical","class":"WC_Logger","type":"->"},{"function":"log_errors","class":"WooCommerce","type":"->"}]}
2026-02-19T21:32:11+00:00 CRITICAL Uncaught RuntimeException: Unable to claim actions. Database error: <div style="clear:both">&nbsp;</div>
<div class="queries" style="clear:both;margin-bottom:2px;border:red dotted thin;">
<p>MySQL query:</p>
<p>UPDATE wp_actionscheduler_actions t1 JOIN ( SELECT action_id from wp_actionscheduler_actions WHERE claim_id = 0 AND scheduled_date_gmt <= '2026-02-19 21:32:11' AND status='pending' ORDER BY priority ASC, attempts ASC, scheduled_date_gmt ASC, action_id ASC LIMIT 25 FOR UPDATE ) t2 ON t1.action_id = t2.action_id SET claim_id=394, last_attempt_gmt='2026-02-19 21:32:11', last_attempt_local='2026-02-19 21:32:11'</p>
<p>Queries made or created this session were:</p>
<ol>
<li>Executing: BEGIN | (no parameters)</li>
<li>Executing: UPDATE wp_actionscheduler_actions t1 JOIN ( SELECT action_id from wp_actionscheduler_actions WHERE claim_id = 0 AND scheduled_date_gmt &lt;= :param0  AND status=:param1  ORDER BY priority ASC, attempts ASC, scheduled_date_gmt ASC, action_id ASC LIMIT 25 FOR UPDATE ) t2 ON t1.action_i CONTEXT: {"error":{"type":1,"file":"/var/www/html/wp-content/plugins/woocommerce/packages/action-scheduler/classes/data-stores/ActionScheduler_DBStore.php","line":1019},"remote-logging":true,"backtrace":[{"file":"/var/www/html/wp-content/plugins/woocommerce/includes/class-woocommerce.php","line":460,"function":"critical","class":"WC_Logger","type":"->"},{"function":"log_errors","class":"WooCommerce","type":"->"}]}
2026-02-19T21:32:22+00:00 CRITICAL Uncaught RuntimeException: Unable to claim actions. Database error: <div style="clear:both">&nbsp;</div>
<div class="queries" style="clear:both;margin-bottom:2px;border:red dotted thin;">
<p>MySQL query:</p>
<p>UPDATE wp_actionscheduler_actions t1 JOIN ( SELECT action_id from wp_actionscheduler_actions WHERE claim_id = 0 AND scheduled_date_gmt <= '2026-02-19 21:32:22' AND status='pending' ORDER BY priority ASC, attempts ASC, scheduled_date_gmt ASC, action_id ASC LIMIT 25 FOR UPDATE ) t2 ON t1.action_id = t2.action_id SET claim_id=395, last_attempt_gmt='2026-02-19 21:32:22', last_attempt_local='2026-02-19 21:32:22'</p>
<p>Queries made or created this session were:</p>
<ol>
<li>Executing: BEGIN | (no parameters)</li>
<li>Executing: UPDATE wp_actionscheduler_actions t1 JOIN ( SELECT action_id from wp_actionscheduler_actions WHERE claim_id = 0 AND scheduled_date_gmt &lt;= :param0  AND status=:param1  ORDER BY priority ASC, attempts ASC, scheduled_date_gmt ASC, action_id ASC LIMIT 25 FOR UPDATE ) t2 ON t1.action_i CONTEXT: {"error":{"type":1,"file":"/var/www/html/wp-content/plugins/woocommerce/packages/action-scheduler/classes/data-stores/ActionScheduler_DBStore.php","line":1019},"remote-logging":true,"backtrace":[{"file":"/var/www/html/wp-content/plugins/woocommerce/includes/class-woocommerce.php","line":460,"function":"critical","class":"WC_Logger","type":"->"},{"function":"log_errors","class":"WooCommerce","type":"->"}]}
2026-02-19T21:33:31+00:00 CRITICAL Uncaught RuntimeException: Unable to claim actions. Database error: <div style="clear:both">&nbsp;</div>
<div class="queries" style="clear:both;margin-bottom:2px;border:red dotted thin;">
<p>MySQL query:</p>
<p>UPDATE wp_actionscheduler_actions t1 JOIN ( SELECT action_id from wp_actionscheduler_actions WHERE claim_id = 0 AND scheduled_date_gmt <= '2026-02-19 21:33:31' AND status='pending' ORDER BY priority ASC, attempts ASC, scheduled_date_gmt ASC, action_id ASC LIMIT 25 FOR UPDATE ) t2 ON t1.action_id = t2.action_id SET claim_id=396, last_attempt_gmt='2026-02-19 21:33:31', last_attempt_local='2026-02-19 21:33:31'</p>
<p>Queries made or created this session were:</p>
<ol>
<li>Executing: BEGIN | (no parameters)</li>
<li>Executing: UPDATE wp_actionscheduler_actions t1 JOIN ( SELECT action_id from wp_actionscheduler_actions WHERE claim_id = 0 AND scheduled_date_gmt &lt;= :param0  AND status=:param1  ORDER BY priority ASC, attempts ASC, scheduled_date_gmt ASC, action_id ASC LIMIT 25 FOR UPDATE ) t2 ON t1.action_i CONTEXT: {"error":{"type":1,"file":"/var/www/html/wp-content/plugins/woocommerce/packages/action-scheduler/classes/data-stores/ActionScheduler_DBStore.php","line":1019},"remote-logging":true,"backtrace":[{"file":"/var/www/html/wp-content/plugins/woocommerce/includes/class-woocommerce.php","line":460,"function":"critical","class":"WC_Logger","type":"->"},{"function":"log_errors","class":"WooCommerce","type":"->"}]}
2026-02-19T21:34:34+00:00 CRITICAL Uncaught RuntimeException: Unable to claim actions. Database error: <div style="clear:both">&nbsp;</div>
<div class="queries" style="clear:both;margin-bottom:2px;border:red dotted thin;">
<p>MySQL query:</p>
<p>UPDATE wp_actionscheduler_actions t1 JOIN ( SELECT action_id from wp_actionscheduler_actions WHERE claim_id = 0 AND scheduled_date_gmt <= '2026-02-19 21:34:34' AND status='pending' ORDER BY priority ASC, attempts ASC, scheduled_date_gmt ASC, action_id ASC LIMIT 25 FOR UPDATE ) t2 ON t1.action_id = t2.action_id SET claim_id=397, last_attempt_gmt='2026-02-19 21:34:34', last_attempt_local='2026-02-19 21:34:34'</p>
<p>Queries made or created this session were:</p>
<ol>
<li>Executing: BEGIN | (no parameters)</li>
<li>Executing: UPDATE wp_actionscheduler_actions t1 JOIN ( SELECT action_id from wp_actionscheduler_actions WHERE claim_id = 0 AND scheduled_date_gmt &lt;= :param0  AND status=:param1  ORDER BY priority ASC, attempts ASC, scheduled_date_gmt ASC, action_id ASC LIMIT 25 FOR UPDATE ) t2 ON t1.action_i CONTEXT: {"error":{"type":1,"file":"/var/www/html/wp-content/plugins/woocommerce/packages/action-scheduler/classes/data-stores/ActionScheduler_DBStore.php","line":1019},"remote-logging":true,"backtrace":[{"file":"/var/www/html/wp-content/plugins/woocommerce/includes/class-woocommerce.php","line":460,"function":"critical","class":"WC_Logger","type":"->"},{"function":"log_errors","class":"WooCommerce","type":"->"}]}
2026-02-19T21:34:34+00:00 CRITICAL Uncaught RuntimeException: Unable to claim actions. Database error: <div style="clear:both">&nbsp;</div>
<div class="queries" style="clear:both;margin-bottom:2px;border:red dotted thin;">
<p>MySQL query:</p>
<p>UPDATE wp_actionscheduler_actions t1 JOIN ( SELECT action_id from wp_actionscheduler_actions WHERE claim_id = 0 AND scheduled_date_gmt <= '2026-02-19 21:34:34' AND status='pending' ORDER BY priority ASC, attempts ASC, scheduled_date_gmt ASC, action_id ASC LIMIT 25 FOR UPDATE ) t2 ON t1.action_id = t2.action_id SET claim_id=398, last_attempt_gmt='2026-02-19 21:34:34', last_attempt_local='2026-02-19 21:34:34'</p>
<p>Queries made or created this session were:</p>
<ol>
<li>Executing: BEGIN | (no parameters)</li>
<li>Executing: UPDATE wp_actionscheduler_actions t1 JOIN ( SELECT action_id from wp_actionscheduler_actions WHERE claim_id = 0 AND scheduled_date_gmt &lt;= :param0  AND status=:param1  ORDER BY priority ASC, attempts ASC, scheduled_date_gmt ASC, action_id ASC LIMIT 25 FOR UPDATE ) t2 ON t1.action_i CONTEXT: {"error":{"type":1,"file":"/var/www/html/wp-content/plugins/woocommerce/packages/action-scheduler/classes/data-stores/ActionScheduler_DBStore.php","line":1019},"remote-logging":true,"backtrace":[{"file":"/var/www/html/wp-content/plugins/woocommerce/includes/class-woocommerce.php","line":460,"function":"critical","class":"WC_Logger","type":"->"},{"function":"log_errors","class":"WooCommerce","type":"->"}]}
2026-02-19T21:36:23+00:00 CRITICAL Uncaught RuntimeException: Unable to claim actions. Database error: <div style="clear:both">&nbsp;</div>
<div class="queries" style="clear:both;margin-bottom:2px;border:red dotted thin;">
<p>MySQL query:</p>
<p>UPDATE wp_actionscheduler_actions t1 JOIN ( SELECT action_id from wp_actionscheduler_actions WHERE claim_id = 0 AND scheduled_date_gmt <= '2026-02-19 21:36:23' AND status='pending' ORDER BY priority ASC, attempts ASC, scheduled_date_gmt ASC, action_id ASC LIMIT 25 FOR UPDATE ) t2 ON t1.action_id = t2.action_id SET claim_id=399, last_attempt_gmt='2026-02-19 21:36:23', last_attempt_local='2026-02-19 21:36:23'</p>
<p>Queries made or created this session were:</p>
<ol>
<li>Executing: BEGIN | (no parameters)</li>
<li>Executing: UPDATE wp_actionscheduler_actions t1 JOIN ( SELECT action_id from wp_actionscheduler_actions WHERE claim_id = 0 AND scheduled_date_gmt &lt;= :param0  AND status=:param1  ORDER BY priority ASC, attempts ASC, scheduled_date_gmt ASC, action_id ASC LIMIT 25 FOR UPDATE ) t2 ON t1.action_i CONTEXT: {"error":{"type":1,"file":"/var/www/html/wp-content/plugins/woocommerce/packages/action-scheduler/classes/data-stores/ActionScheduler_DBStore.php","line":1019},"remote-logging":true,"backtrace":[{"file":"/var/www/html/wp-content/plugins/woocommerce/includes/class-woocommerce.php","line":460,"function":"critical","class":"WC_Logger","type":"->"},{"function":"log_errors","class":"WooCommerce","type":"->"}]}
2026-02-19T21:36:34+00:00 CRITICAL Uncaught RuntimeException: Unable to claim actions. Database error: <div style="clear:both">&nbsp;</div>
<div class="queries" style="clear:both;margin-bottom:2px;border:red dotted thin;">
<p>MySQL query:</p>
<p>UPDATE wp_actionscheduler_actions t1 JOIN ( SELECT action_id from wp_actionscheduler_actions WHERE claim_id = 0 AND scheduled_date_gmt <= '2026-02-19 21:36:34' AND status='pending' ORDER BY priority ASC, attempts ASC, scheduled_date_gmt ASC, action_id ASC LIMIT 25 FOR UPDATE ) t2 ON t1.action_id = t2.action_id SET claim_id=400, last_attempt_gmt='2026-02-19 21:36:34', last_attempt_local='2026-02-19 21:36:34'</p>
<p>Queries made or created this session were:</p>
<ol>
<li>Executing: BEGIN | (no parameters)</li>
<li>Executing: UPDATE wp_actionscheduler_actions t1 JOIN ( SELECT action_id from wp_actionscheduler_actions WHERE claim_id = 0 AND scheduled_date_gmt &lt;= :param0  AND status=:param1  ORDER BY priority ASC, attempts ASC, scheduled_date_gmt ASC, action_id ASC LIMIT 25 FOR UPDATE ) t2 ON t1.action_i CONTEXT: {"error":{"type":1,"file":"/var/www/html/wp-content/plugins/woocommerce/packages/action-scheduler/classes/data-stores/ActionScheduler_DBStore.php","line":1019},"remote-logging":true,"backtrace":[{"file":"/var/www/html/wp-content/plugins/woocommerce/includes/class-woocommerce.php","line":460,"function":"critical","class":"WC_Logger","type":"->"},{"function":"log_errors","class":"WooCommerce","type":"->"}]}
2026-02-19T21:37:54+00:00 CRITICAL Uncaught RuntimeException: Unable to claim actions. Database error: <div style="clear:both">&nbsp;</div>
<div class="queries" style="clear:both;margin-bottom:2px;border:red dotted thin;">
<p>MySQL query:</p>
<p>UPDATE wp_actionscheduler_actions t1 JOIN ( SELECT action_id from wp_actionscheduler_actions WHERE claim_id = 0 AND scheduled_date_gmt <= '2026-02-19 21:37:54' AND status='pending' ORDER BY priority ASC, attempts ASC, scheduled_date_gmt ASC, action_id ASC LIMIT 25 FOR UPDATE ) t2 ON t1.action_id = t2.action_id SET claim_id=401, last_attempt_gmt='2026-02-19 21:37:54', last_attempt_local='2026-02-19 21:37:54'</p>
<p>Queries made or created this session were:</p>
<ol>
<li>Executing: BEGIN | (no parameters)</li>
<li>Executing: UPDATE wp_actionscheduler_actions t1 JOIN ( SELECT action_id from wp_actionscheduler_actions WHERE claim_id = 0 AND scheduled_date_gmt &lt;= :param0  AND status=:param1  ORDER BY priority ASC, attempts ASC, scheduled_date_gmt ASC, action_id ASC LIMIT 25 FOR UPDATE ) t2 ON t1.action_i CONTEXT: {"error":{"type":1,"file":"/var/www/html/wp-content/plugins/woocommerce/packages/action-scheduler/classes/data-stores/ActionScheduler_DBStore.php","line":1019},"remote-logging":true,"backtrace":[{"file":"/var/www/html/wp-content/plugins/woocommerce/includes/class-woocommerce.php","line":460,"function":"critical","class":"WC_Logger","type":"->"},{"function":"log_errors","class":"WooCommerce","type":"->"}]}
2026-02-19T21:38:34+00:00 CRITICAL Uncaught RuntimeException: Unable to claim actions. Database error: <div style="clear:both">&nbsp;</div>
<div class="queries" style="clear:both;margin-bottom:2px;border:red dotted thin;">
<p>MySQL query:</p>
<p>UPDATE wp_actionscheduler_actions t1 JOIN ( SELECT action_id from wp_actionscheduler_actions WHERE claim_id = 0 AND scheduled_date_gmt <= '2026-02-19 21:38:34' AND status='pending' ORDER BY priority ASC, attempts ASC, scheduled_date_gmt ASC, action_id ASC LIMIT 25 FOR UPDATE ) t2 ON t1.action_id = t2.action_id SET claim_id=402, last_attempt_gmt='2026-02-19 21:38:34', last_attempt_local='2026-02-19 21:38:34'</p>
<p>Queries made or created this session were:</p>
<ol>
<li>Executing: BEGIN | (no parameters)</li>
<li>Executing: UPDATE wp_actionscheduler_actions t1 JOIN ( SELECT action_id from wp_actionscheduler_actions WHERE claim_id = 0 AND scheduled_date_gmt &lt;= :param0  AND status=:param1  ORDER BY priority ASC, attempts ASC, scheduled_date_gmt ASC, action_id ASC LIMIT 25 FOR UPDATE ) t2 ON t1.action_i CONTEXT: {"error":{"type":1,"file":"/var/www/html/wp-content/plugins/woocommerce/packages/action-scheduler/classes/data-stores/ActionScheduler_DBStore.php","line":1019},"remote-logging":true,"backtrace":[{"file":"/var/www/html/wp-content/plugins/woocommerce/includes/class-woocommerce.php","line":460,"function":"critical","class":"WC_Logger","type":"->"},{"function":"log_errors","class":"WooCommerce","type":"->"}]}
2026-02-19T21:39:47+00:00 CRITICAL Uncaught RuntimeException: Unable to claim actions. Database error: <div style="clear:both">&nbsp;</div>
<div class="queries" style="clear:both;margin-bottom:2px;border:red dotted thin;">
<p>MySQL query:</p>
<p>UPDATE wp_actionscheduler_actions t1 JOIN ( SELECT action_id from wp_actionscheduler_actions WHERE claim_id = 0 AND scheduled_date_gmt <= '2026-02-19 21:39:47' AND status='pending' ORDER BY priority ASC, attempts ASC, scheduled_date_gmt ASC, action_id ASC LIMIT 25 FOR UPDATE ) t2 ON t1.action_id = t2.action_id SET claim_id=403, last_attempt_gmt='2026-02-19 21:39:47', last_attempt_local='2026-02-19 21:39:47'</p>
<p>Queries made or created this session were:</p>
<ol>
<li>Executing: BEGIN | (no parameters)</li>
<li>Executing: UPDATE wp_actionscheduler_actions t1 JOIN ( SELECT action_id from wp_actionscheduler_actions WHERE claim_id = 0 AND scheduled_date_gmt &lt;= :param0  AND status=:param1  ORDER BY priority ASC, attempts ASC, scheduled_date_gmt ASC, action_id ASC LIMIT 25 FOR UPDATE ) t2 ON t1.action_i CONTEXT: {"error":{"type":1,"file":"/var/www/html/wp-content/plugins/woocommerce/packages/action-scheduler/classes/data-stores/ActionScheduler_DBStore.php","line":1019},"remote-logging":true,"backtrace":[{"file":"/var/www/html/wp-content/plugins/woocommerce/includes/class-woocommerce.php","line":460,"function":"critical","class":"WC_Logger","type":"->"},{"function":"log_errors","class":"WooCommerce","type":"->"}]}
2026-02-19T21:40:35+00:00 CRITICAL Uncaught RuntimeException: Unable to claim actions. Database error: <div style="clear:both">&nbsp;</div>
<div class="queries" style="clear:both;margin-bottom:2px;border:red dotted thin;">
<p>MySQL query:</p>
<p>UPDATE wp_actionscheduler_actions t1 JOIN ( SELECT action_id from wp_actionscheduler_actions WHERE claim_id = 0 AND scheduled_date_gmt <= '2026-02-19 21:40:35' AND status='pending' ORDER BY priority ASC, attempts ASC, scheduled_date_gmt ASC, action_id ASC LIMIT 25 FOR UPDATE ) t2 ON t1.action_id = t2.action_id SET claim_id=404, last_attempt_gmt='2026-02-19 21:40:35', last_attempt_local='2026-02-19 21:40:35'</p>
<p>Queries made or created this session were:</p>
<ol>
<li>Executing: BEGIN | (no parameters)</li>
<li>Executing: UPDATE wp_actionscheduler_actions t1 JOIN ( SELECT action_id from wp_actionscheduler_actions WHERE claim_id = 0 AND scheduled_date_gmt &lt;= :param0  AND status=:param1  ORDER BY priority ASC, attempts ASC, scheduled_date_gmt ASC, action_id ASC LIMIT 25 FOR UPDATE ) t2 ON t1.action_i CONTEXT: {"error":{"type":1,"file":"/var/www/html/wp-content/plugins/woocommerce/packages/action-scheduler/classes/data-stores/ActionScheduler_DBStore.php","line":1019},"remote-logging":true,"backtrace":[{"file":"/var/www/html/wp-content/plugins/woocommerce/includes/class-woocommerce.php","line":460,"function":"critical","class":"WC_Logger","type":"->"},{"function":"log_errors","class":"WooCommerce","type":"->"}]}
2026-02-19T21:41:50+00:00 CRITICAL Uncaught RuntimeException: Unable to claim actions. Database error: <div style="clear:both">&nbsp;</div>
<div class="queries" style="clear:both;margin-bottom:2px;border:red dotted thin;">
<p>MySQL query:</p>
<p>UPDATE wp_actionscheduler_actions t1 JOIN ( SELECT action_id from wp_actionscheduler_actions WHERE claim_id = 0 AND scheduled_date_gmt <= '2026-02-19 21:41:50' AND status='pending' ORDER BY priority ASC, attempts ASC, scheduled_date_gmt ASC, action_id ASC LIMIT 25 FOR UPDATE ) t2 ON t1.action_id = t2.action_id SET claim_id=405, last_attempt_gmt='2026-02-19 21:41:50', last_attempt_local='2026-02-19 21:41:50'</p>
<p>Queries made or created this session were:</p>
<ol>
<li>Executing: BEGIN | (no parameters)</li>
<li>Executing: UPDATE wp_actionscheduler_actions t1 JOIN ( SELECT action_id from wp_actionscheduler_actions WHERE claim_id = 0 AND scheduled_date_gmt &lt;= :param0  AND status=:param1  ORDER BY priority ASC, attempts ASC, scheduled_date_gmt ASC, action_id ASC LIMIT 25 FOR UPDATE ) t2 ON t1.action_i CONTEXT: {"error":{"type":1,"file":"/var/www/html/wp-content/plugins/woocommerce/packages/action-scheduler/classes/data-stores/ActionScheduler_DBStore.php","line":1019},"remote-logging":true,"backtrace":[{"file":"/var/www/html/wp-content/plugins/woocommerce/includes/class-woocommerce.php","line":460,"function":"critical","class":"WC_Logger","type":"->"},{"function":"log_errors","class":"WooCommerce","type":"->"}]}
2026-02-19T21:42:36+00:00 CRITICAL Uncaught RuntimeException: Unable to claim actions. Database error: <div style="clear:both">&nbsp;</div>
<div class="queries" style="clear:both;margin-bottom:2px;border:red dotted thin;">
<p>MySQL query:</p>
<p>UPDATE wp_actionscheduler_actions t1 JOIN ( SELECT action_id from wp_actionscheduler_actions WHERE claim_id = 0 AND scheduled_date_gmt <= '2026-02-19 21:42:36' AND status='pending' ORDER BY priority ASC, attempts ASC, scheduled_date_gmt ASC, action_id ASC LIMIT 25 FOR UPDATE ) t2 ON t1.action_id = t2.action_id SET claim_id=406, last_attempt_gmt='2026-02-19 21:42:36', last_attempt_local='2026-02-19 21:42:36'</p>
<p>Queries made or created this session were:</p>
<ol>
<li>Executing: BEGIN | (no parameters)</li>
<li>Executing: UPDATE wp_actionscheduler_actions t1 JOIN ( SELECT action_id from wp_actionscheduler_actions WHERE claim_id = 0 AND scheduled_date_gmt &lt;= :param0  AND status=:param1  ORDER BY priority ASC, attempts ASC, scheduled_date_gmt ASC, action_id ASC LIMIT 25 FOR UPDATE ) t2 ON t1.action_i CONTEXT: {"error":{"type":1,"file":"/var/www/html/wp-content/plugins/woocommerce/packages/action-scheduler/classes/data-stores/ActionScheduler_DBStore.php","line":1019},"remote-logging":true,"backtrace":[{"file":"/var/www/html/wp-content/plugins/woocommerce/includes/class-woocommerce.php","line":460,"function":"critical","class":"WC_Logger","type":"->"},{"function":"log_errors","class":"WooCommerce","type":"->"}]}
2026-02-19T21:43:47+00:00 CRITICAL Uncaught RuntimeException: Unable to claim actions. Database error: <div style="clear:both">&nbsp;</div>
<div class="queries" style="clear:both;margin-bottom:2px;border:red dotted thin;">
<p>MySQL query:</p>
<p>UPDATE wp_actionscheduler_actions t1 JOIN ( SELECT action_id from wp_actionscheduler_actions WHERE claim_id = 0 AND scheduled_date_gmt <= '2026-02-19 21:43:47' AND status='pending' ORDER BY priority ASC, attempts ASC, scheduled_date_gmt ASC, action_id ASC LIMIT 25 FOR UPDATE ) t2 ON t1.action_id = t2.action_id SET claim_id=407, last_attempt_gmt='2026-02-19 21:43:47', last_attempt_local='2026-02-19 21:43:47'</p>
<p>Queries made or created this session were:</p>
<ol>
<li>Executing: BEGIN | (no parameters)</li>
<li>Executing: UPDATE wp_actionscheduler_actions t1 JOIN ( SELECT action_id from wp_actionscheduler_actions WHERE claim_id = 0 AND scheduled_date_gmt &lt;= :param0  AND status=:param1  ORDER BY priority ASC, attempts ASC, scheduled_date_gmt ASC, action_id ASC LIMIT 25 FOR UPDATE ) t2 ON t1.action_i CONTEXT: {"error":{"type":1,"file":"/var/www/html/wp-content/plugins/woocommerce/packages/action-scheduler/classes/data-stores/ActionScheduler_DBStore.php","line":1019},"remote-logging":true,"backtrace":[{"file":"/var/www/html/wp-content/plugins/woocommerce/includes/class-woocommerce.php","line":460,"function":"critical","class":"WC_Logger","type":"->"},{"function":"log_errors","class":"WooCommerce","type":"->"}]}
2026-02-19T21:44:37+00:00 CRITICAL Uncaught RuntimeException: Unable to claim actions. Database error: <div style="clear:both">&nbsp;</div>
<div class="queries" style="clear:both;margin-bottom:2px;border:red dotted thin;">
<p>MySQL query:</p>
<p>UPDATE wp_actionscheduler_actions t1 JOIN ( SELECT action_id from wp_actionscheduler_actions WHERE claim_id = 0 AND scheduled_date_gmt <= '2026-02-19 21:44:37' AND status='pending' ORDER BY priority ASC, attempts ASC, scheduled_date_gmt ASC, action_id ASC LIMIT 25 FOR UPDATE ) t2 ON t1.action_id = t2.action_id SET claim_id=408, last_attempt_gmt='2026-02-19 21:44:37', last_attempt_local='2026-02-19 21:44:37'</p>
<p>Queries made or created this session were:</p>
<ol>
<li>Executing: BEGIN | (no parameters)</li>
<li>Executing: UPDATE wp_actionscheduler_actions t1 JOIN ( SELECT action_id from wp_actionscheduler_actions WHERE claim_id = 0 AND scheduled_date_gmt &lt;= :param0  AND status=:param1  ORDER BY priority ASC, attempts ASC, scheduled_date_gmt ASC, action_id ASC LIMIT 25 FOR UPDATE ) t2 ON t1.action_i CONTEXT: {"error":{"type":1,"file":"/var/www/html/wp-content/plugins/woocommerce/packages/action-scheduler/classes/data-stores/ActionScheduler_DBStore.php","line":1019},"remote-logging":true,"backtrace":[{"file":"/var/www/html/wp-content/plugins/woocommerce/includes/class-woocommerce.php","line":460,"function":"critical","class":"WC_Logger","type":"->"},{"function":"log_errors","class":"WooCommerce","type":"->"}]}
2026-02-19T21:45:17+00:00 CRITICAL Uncaught RuntimeException: Unable to claim actions. Database error: <div style="clear:both">&nbsp;</div>
<div class="queries" style="clear:both;margin-bottom:2px;border:red dotted thin;">
<p>MySQL query:</p>
<p>UPDATE wp_actionscheduler_actions t1 JOIN ( SELECT action_id from wp_actionscheduler_actions WHERE claim_id = 0 AND scheduled_date_gmt <= '2026-02-19 21:45:17' AND status='pending' ORDER BY priority ASC, attempts ASC, scheduled_date_gmt ASC, action_id ASC LIMIT 25 FOR UPDATE ) t2 ON t1.action_id = t2.action_id SET claim_id=409, last_attempt_gmt='2026-02-19 21:45:17', last_attempt_local='2026-02-19 21:45:17'</p>
<p>Queries made or created this session were:</p>
<ol>
<li>Executing: BEGIN | (no parameters)</li>
<li>Executing: UPDATE wp_actionscheduler_actions t1 JOIN ( SELECT action_id from wp_actionscheduler_actions WHERE claim_id = 0 AND scheduled_date_gmt &lt;= :param0  AND status=:param1  ORDER BY priority ASC, attempts ASC, scheduled_date_gmt ASC, action_id ASC LIMIT 25 FOR UPDATE ) t2 ON t1.action_i CONTEXT: {"error":{"type":1,"file":"/var/www/html/wp-content/plugins/woocommerce/packages/action-scheduler/classes/data-stores/ActionScheduler_DBStore.php","line":1019},"remote-logging":true,"backtrace":[{"file":"/var/www/html/wp-content/plugins/woocommerce/includes/class-woocommerce.php","line":460,"function":"critical","class":"WC_Logger","type":"->"},{"function":"log_errors","class":"WooCommerce","type":"->"}]}
2026-02-19T21:46:38+00:00 CRITICAL Out of memory (allocated 6291456) (tried to allocate 8388608 bytes) CONTEXT: {"error":{"type":1,"file":"/var/www/html/wp-admin/includes/class-wp-site-icon.php","line":170},"remote-logging":true,"backtrace":[{"file":"/var/www/html/wp-content/plugins/woocommerce/includes/class-woocommerce.php","line":460,"function":"critical","class":"WC_Logger","type":"->"},{"function":"log_errors","class":"WooCommerce","type":"->"}]}
2026-02-19T21:49:54+00:00 CRITICAL Uncaught RuntimeException: Unable to claim actions. Database error: <div style="clear:both">&nbsp;</div>
<div class="queries" style="clear:both;margin-bottom:2px;border:red dotted thin;">
<p>MySQL query:</p>
<p>UPDATE wp_actionscheduler_actions t1 JOIN ( SELECT action_id from wp_actionscheduler_actions WHERE claim_id = 0 AND scheduled_date_gmt <= '2026-02-19 21:49:54' AND status='pending' ORDER BY priority ASC, attempts ASC, scheduled_date_gmt ASC, action_id ASC LIMIT 25 FOR UPDATE ) t2 ON t1.action_id = t2.action_id SET claim_id=410, last_attempt_gmt='2026-02-19 21:49:54', last_attempt_local='2026-02-19 21:49:54'</p>
<p>Queries made or created this session were:</p>
<ol>
<li>Executing: BEGIN | (no parameters)</li>
<li>Executing: UPDATE wp_actionscheduler_actions t1 JOIN ( SELECT action_id from wp_actionscheduler_actions WHERE claim_id = 0 AND scheduled_date_gmt &lt;= :param0  AND status=:param1  ORDER BY priority ASC, attempts ASC, scheduled_date_gmt ASC, action_id ASC LIMIT 25 FOR UPDATE ) t2 ON t1.action_i CONTEXT: {"error":{"type":1,"file":"/var/www/html/wp-content/plugins/woocommerce/packages/action-scheduler/classes/data-stores/ActionScheduler_DBStore.php","line":1019},"remote-logging":true,"backtrace":[{"file":"/var/www/html/wp-content/plugins/woocommerce/includes/class-woocommerce.php","line":460,"function":"critical","class":"WC_Logger","type":"->"},{"function":"log_errors","class":"WooCommerce","type":"->"}]}
2026-02-19T21:49:55+00:00 CRITICAL Uncaught RuntimeException: Unable to claim actions. Database error: <div style="clear:both">&nbsp;</div>
<div class="queries" style="clear:both;margin-bottom:2px;border:red dotted thin;">
<p>MySQL query:</p>
<p>UPDATE wp_actionscheduler_actions t1 JOIN ( SELECT action_id from wp_actionscheduler_actions WHERE claim_id = 0 AND scheduled_date_gmt <= '2026-02-19 21:49:55' AND status='pending' ORDER BY priority ASC, attempts ASC, scheduled_date_gmt ASC, action_id ASC LIMIT 25 FOR UPDATE ) t2 ON t1.action_id = t2.action_id SET claim_id=411, last_attempt_gmt='2026-02-19 21:49:55', last_attempt_local='2026-02-19 21:49:55'</p>
<p>Queries made or created this session were:</p>
<ol>
<li>Executing: BEGIN | (no parameters)</li>
<li>Executing: UPDATE wp_actionscheduler_actions t1 JOIN ( SELECT action_id from wp_actionscheduler_actions WHERE claim_id = 0 AND scheduled_date_gmt &lt;= :param0  AND status=:param1  ORDER BY priority ASC, attempts ASC, scheduled_date_gmt ASC, action_id ASC LIMIT 25 FOR UPDATE ) t2 ON t1.action_i CONTEXT: {"error":{"type":1,"file":"/var/www/html/wp-content/plugins/woocommerce/packages/action-scheduler/classes/data-stores/ActionScheduler_DBStore.php","line":1019},"remote-logging":true,"backtrace":[{"file":"/var/www/html/wp-content/plugins/woocommerce/includes/class-woocommerce.php","line":460,"function":"critical","class":"WC_Logger","type":"->"},{"function":"log_errors","class":"WooCommerce","type":"->"}]}
